product_id,product_name
1,Chocolate Sandwich Cookies
10,Sparkling Orange Juice & Prickly Pear Beverage
12,Chocolate Fudge Layer Cake
14,Fresh Scent Dishwasher Cleaner
23,Organic Turkey Burgers
25,Salted Caramel Lean Protein & Fiber Bar
26,Fancy Feast Trout Feast Flaked Wet Cat Food
28,Wheat Chex Cereal
31,White Pearl Onions
32,Nacho Cheese White Bean Chips
34,Peanut Butter Cereal
37,Noodle Soup Mix With Chicken Broth
45,European Cucumber
49,Vegetarian Grain Meat Sausages Italian - 4 CT
50,Pumpkin Muffin Mix
54,24/7 Performance Cat Litter
57,Flat Toothpicks
58,Whole Wheat Tortillas
62,Premium Deli Oven Roasted Turkey Breast
63,Banana & Sweet Potato Organic Teething Wafers
66,European Style Spring Mix
77,Coconut Chocolate Chip Energy Bar
79,Wild Albacore Tuna No Salt Added
83,100% Whole Wheat Pita Bread
87,Classics Earl Grey Tea
93,Uncured Cracked Pepper Beef
95,Organic Rice Vinegar
96,Sprinklez Confetti Fun Organic Toppings
99,Local Living Butter Lettuce
100,Peanut Butter & Strawberry Jam Sandwich
102,Danish Butter Cookies
106,Organic Yummy Tummy Maple & Brown Sugar Instant Oatmeal
113,Infant's Blend Probiotic
116,English Muffins
117,Petit Suisse Fruit
121,Sharp Cheddar
128,Organic Wild Blueberries
130,Vanilla Milk Chocolate Almond Ice Cream Bars Multi-Pack
131,Brioche Bachelor Loaf
137,Very Vanilla Soymilk
141,Restaurant Style Organic Chia & Quinoa Tortilla Chips
146,Anti Diarrheal Caplets
148,Nectarines
149,Wild Blueberry All Natural Fruit Spread
157,Living Organic Cilantro
160,100% Recycled Aluminum Foil
162,Organic Mini Homestyle Waffles
165,Wild Chanterelle Mushroom Ravioli
168,Halves & Pieces Walnuts
169,Extra Sharp Cheddar Cheese
174,Vanishing Acne Treatment Cream
176,Original Turkey
181,Country Style Baked Beans
184,Kisses Milk Chocolate Candy
186,Fresh Scent Dishwasher Detergent with Dawn
188,Mild El Nino Salsa
194,Lamb Rib Chops
196,Soda
199,Herb Thyme Clamshell
204,Free & Clear Natural Laundry Detergent For Sensitive Skin
206,Roasted Vegetable Soufflé
207,Minis Candy Bars
210,Homemade Hot Arrabbiata Fra Diavolo Sauce
212,Organic Blue Corn Sea Salt Tortilla Chips
214,Argan Oil of Morocco Renewing Weightless Healing Dry Oil Hair Oil
217,"String Cheese, Mozzarella"
225,3 Seed Blue Corn Dipping Chips
226,Shaved Parmesan Cheese
228,Organic Soups Lentil
246,Triple-Acting Laundry Stain Remover
248,Dried Sweetened Cranberries
256,Island Fruits Fruit Snacks
258,Vegetable Pot Pie
260,Cantaloupe
261,Organic Southwestern Burrito
264,Non-Fat Blueberry on the Bottom Greek Yogurt
270,OneZip Storage Bags Quart Size Value Pack
274,Snack Bags
275,Caramel Sauce
276,French Vanilla Ice Cream
277,Diet Root Beer
278,Instant Mashed Potatoes
280,Makeup Remover Cleansing Towelettes
283,Organic Whole Wheat Elbows
284,Organic Spicy Heirloom Marinara Sauce
287,Turkey
294,Minis Original Saltine Crackers
302,Gourmet Dog Treats Bone
307,Precious Mozzarella Cheese
310,"Crackers, Puffed, Corn, Quinoa & Sesame"
311,Naturals Savory Turkey Breakfast Sausage
319,Steamfresh Chef's Favorites Lightly Sauced Roasted Red Potatoes & Green Beans
325,Veggie-Style Mini Corn Dogs
329,Organic Whole Grassmilk Milk
334,Sparkling Raspberry Lemonade Water Beverage
340,Eco-Pac Kamut Puffs Cereal
343,Organic Whole Peeled Baby Carrots
347,"Vegetable Salad Kit, Sweet Kale"
350,Mixed 12 Pack Lion's Share Ale
352,Colby Jack & Mild Cheddar Combo Pack
358,Frozen All Butter Pound Cake
363,Water Crackers Original All Natural
364,Greener Selection Salad
365,Cheerios Cereal
367,Ultimate Omega 1000 mg Lemon Soft Gels
372,Moisture Rich Sweet Orange & Argan Conditioner
378,Powerball Quantum Max Shine & Protect Automatic Dishwasher Detergent
383,Breaded Chicken Breast Tenders
388,Stove Top Stuffing Mix for Turkey
389,Mache Blend
392,OPA Greek Yogurt Ranch Dressing
394,Aquaphor Healing Ointment
397,Pure Granulated Cane Sugar
403,Ultra Thin Pastrami
405,100% Organic Diced Tomatoes
418,Whole Grain Linguine Pasta
421,Garlic & Herb Fresh Goat Cheese
424,Linguine Pasta
426,2nd Foods Bananas
427,Italian Style Panko Breadcrumbs
428,Everyday Mega Pack Paper Plates
429,Dark Red Kidney Beans
432,Vanilla Almond Breeze Almond Milk
436,Petite Brussels Sprouts
445,Almond Honey Protein+ Bar
446,Blueberry Pomegranate Acaí Cultured Goat Milk Kefir
449,Chips Ahoy! Chewy Cookies
453,Hummus Wrap
455,Ibuprofen Liquid Gels
457,Whole Wheat Fig Bar
459,Honey Vanilla Greek Yogurt
468,Kabocha Squash
469,Whipping Cream
480,Slow Churned Mint Chocolate Chip Ice Cream
481,Black Peppercorns
483,"\""Constant Comment\"" Decaffeinated Black Tea Blend"
486,Lowfat Raspberry Kefir Probiotic Cultured Milk Smoothie
491,Pompelmo Water
493,Pear and Blueberry Baby Breakfast
496,Designer 9 Oz. Paper Cups
498,Daily Moisture Shampoo
500,Non-Scratch Scrub Sponges
513,Honey Maid Graham Cracker Crumbs
514,Freezer Safe Pint Jars Wide Mouth
516,American Cheese Slices
517,French Rolls
519,Antioxidant Infusions Brasilia Blueberry
536,Belgian Waffles
544,Classic Original Hummus
546,Tomatillo Salsa
554,Turkey Chili
581,Garnet Sweet Potato (Yam)
584,Organic Blueberry Pomegranate Whole Milk Yogurt
587,Air Effects Gain Island Fresh
588,Special K Original Cereal
592,SpongeBob Shapes Macaroni & Cheese Dinner
595,Injera Flat Bread
605,Natural Liquid Laundry Detergent - Blue Eucalyptus and Lavender
606,Salted Caramel Ice Cream
611,Uncured Hard Salami
614,Plain Dairy-Free Probiotic Drinkable Cashewgurt
622,Fudge Brownies with English Walnuts
625,"Chicken Breast Nuggets, Dinosaur Shaped"
626,Organic Hearty Garden Vegetable Soup
633,Coconut Milk Creamer Barista Style Original
642,Three Cheese Ravioli
644,Organic Southwestern Vegetable Soup
648,Elbow Macaroni
649,Classic coke
651,Organic Salted Butter
659,Zero Strawberry Lemon
663,Pico De Gallo
666,Whole Wheat Loaves
669,The Santa Cruz Burrito
673,Chicken Base
674,Sponge Blossoms
691,Organic Promise Strawberry Fields Cereal
692,Skirt Steak
697,Quick Cooking Steel Cut Oats
699,Sugo Rosa Pasta Sauce
703,Traditional No Fat Refried Beans
712,Direct Trade El Diablo Dark Roast Whole Bean Coffee
714,Breakfast Blend Light Roast K-Cup Packs
717,Sweeper Open Window Fresh Scent Wet Mopping Cloths Refill
722,Snack Sticks Chicken & Rice Recipe Dog Treats
723,Movie Theater Butter Pop Corn
735,Four Cheese Pizza Frozen Sandwiches
737,100% Whole Wheat Flour Burrito Tortillas
738,Almond Breeze Unsweetened Almond Coconut Milk Blend
739,Gourmet Australian Style Liquorice
740,Celery Heart
742,Organic Raw Coconut Aminos
743,Pepperoni Party Pizza
744,Organic Four Bean Feast Baby Food
747,Xylitol Sweetener
753,Milk Chocolate Toffee Bits
756,Malt Vinegar & Sea Salt Kettle Cooked Potato Chips
760,Cracker Trio Selected Favorites
763,Lemonade Flavor Drink Mix
768,Nacho Grain-Free Tortilla Chips
769,Sliced American Cheese
778,All Natural Homestyle California Lemon Limeade
781,Organic Shredded Mild Cheddar
785,Get Lost Weight Loss Tea
788,XXX Acai Blueberry Pomegranate
789,Ultimate Absorbency Regular Length
790,Garbanzo Beans
794,Pad Thai Rice Noodles
795,"Organic Fuel, High Protein Milk Shake, Vanilla"
810,Organic Honey Mustard
812,Healthy Grains Oats & Honey Clusters with Toasted Coconut Gluten Free
820,Vanilla Almond Butter Squeeze
836,Sliced Onion Bagels
847,Gluten Free Sugar Cookie Mix
852,Light String Cheese
857,Grilled Asparagus
859,2-Ply Everyday Napkins
873,Graduates Lil' Meals Spaghetti Rings In Meat Sauce
874,Cherry Pie
880,Organic Smooth Move Chamomile Laxative Tea Bags
881,Heavy Duty Scrub Sponges
882,Fingerling Potato
884,Dried Parsley Flakes
888,Clean Freak Refreshing Dry Shampoo
890,Organic Diced Tomatoes
895,YoKids Squeeze Organic Blueberry Blue Yogurt
903,Gluten Free Sugar Cones
907,Premium Sliced Bacon
920,Coconut Yogurt
928,Chunky Classic Chicken Noodle Soup
932,Vegetable Pie In A Pocket Sandwich
935,Premium Apple Juice
937,Buffalo Style Chicken Strips
938,"Disinfectant Spray, Crisp Linen Scent"
939,Annie's Bunny Fruit Snacks Variety
940,Bathroom Tissue
941,Smoked Atlantic Nova Salmon
945,Fruit Punch Juice Drink
952,"Flaxseed Meal, Whole Ground"
960,Villager Ipa
969,Petite Green Peas
972,Linguine No 7 Pasta
980,Automatic Toilet Bowl Cleaner with Bleach
981,Garlic Naan
990,Diced Pancetta
994,Shake n Pour Buttermilk Pancake Mix
1000,Apricots
1003,Organic Turkey Bone Broth
1005,China Green Tips Green Tea
1006,Philadelphia Cream Cheese
1008,Red Rice Crackers
1017,Strawberry Banana Juice
1022,Marshmallow
1023,Shea Butter Body Wash
1025,Organic Fresh Basil
1035,Chamomile Citrus Caffeine Free Herbal Tea Artisan Whole Leaf Pouches
1062,Fully Cooked Turkey Sausage Links
1063,Extra Dark Chocolate Baking Chips
1069,100% Oatnut Bread
1076,Yellow Corn Taco Dinner Kit
1079,One Plant-Based Mixed Berry Flavor Nutritional Shake Drink Mix
1086,Jack's Special Salsa Medium Hot
1090,Shells & Real Aged Cheddar Macaroni & Cheese
1096,9.5 pH Super Hydrating Purified Water
1099,Cuties Non Dairy Vanilla Frozen Dessert Sandwiches
1103,Hickory Smoked Turkey Breast
1104,Plain Yogurt
1105,Nag Champa Incense
1110,Broccoli Carrots Sugar Snap Peas & Water Chestnuts
1112,Peach Sparkling Energy Water
1115,Turkey Bologna
1117,Turkey Bacon
1120,All American Flame Grilled Veggie Burgers
1124,Multi-Symptom Relief Caplets
1131,70% Dark Chocolate
1134,The Red ONe: Squished Fruit Smoothies
1139,Whole Wheat Fresh Stack Crackers
1142,Crystal Rain Trigger Glass Cleaner
1144,Chicken & Brown Rice Premium Dog Food
1148,Oxy Power Degreaser Ultra Concentrated Dish Liquid
1154,Pomegranate Blueberry Sparkling Water
1158,Mango Chunks
1159,PODS Laundry Detergent Spring Meadow Scent 16 Count  Laundry
1160,Pinot Grigio
1172,Organic Berry Fuel Energy Drink
1177,Italian Style Seasoned Bread Crumbs
1179,Polar Ice Sugar Free Gum
1181,Mini Watermelon
1185,Energy Tropical Citrus Vitamin Water Drink
1188,Indian Bites Samosa & Chutney Spiced Potato Pockets With Peas & Cilantro Chutney
1194,Natural Artisan Water
1199,YoTot Organic Raspberry Pear Yogurt
1200,Vegetable Classics Vegetable Soup
1201,Maxi Super with Flexi-Wings
1202,Organic Whole Grain Oatmeal Cereal Baby Food
1203,Crunchy Organic Dark Roasted Peanut Butter
1208,Organic Roasted Dandelion Root Herbal Tea
1215,Kidz All Natural Baked Chicken Nuggets
1216,Dairy Free Gluten Free Mushroom & Roasted Garlic Pizza
1217,"Select-A-Size Paper Towels, White, 2 Huge Rolls = 5 Regular Rolls  Towels/Napkins"
1219,Grapes
1224,Gochugaru Korean Chili Flakes
1227,Organic Bold Original Cacao Superfood Drink
1228,Turkey With Beans 98% Fat Free Chili
1233,Baking Bar Ghirardelli 60% Cacao
1234,Cream Top Smooth & Creamy Plain Yogurt
1235,Refreshers Strawberry Lemonade Sparkling Green Coffee Energy Drink
1240,Plain Better Than Cream Cheese
1241,Strawberry Cheesecake Ice Cream
1242,On The Go Fruit Punch Drink Mix
1243,Royal Blue Decorating Icing
1244,Organic Orange Bell Pepper
1247,Sloppy Joes Seasoning Mix
1258,Maple Almond Snack Pack
1262,The Big Cheez Ultimate Cheddar Microwave Popcorn
1263,American Cheese Slices 12 Count
1266,Lavender Multi-Purpose Cleaner
1268,Heat-N-Go! Maple Burst'n Mini Pancakes
1284,Organic Dried Cranberries Apple Sweetened
1287,Pearl Triple Pack Light/Regular/Super Absorbency Scented Tampons
1295,Ultra Assorted Fruit Antacid Tablets
1301,"Cereal, Panda Puffs, Peanut Butter"
1308,Organic Coconut Flour
1310,All Natural Whole Grain Blueberry Pancakes
1313,Tortilla Strips Restaurant Style
1314,Pretzel
1321,Plain Grade A  0% Fat Greek Yogurt
1323,Vanilla Bean Natural Lowfat Yogurt
1330,Extra Soft Double Roll Bathroom Tissue
1331,Green Tea Hand Wash With Soothing Aloe Vera
1335,Stage 1 Just Butternut Squash Baby Food
1337,"Yogurt, Sheep Milk, Strawberry"
1338,Prime Premium Black Beans
1347,Organic Raspberry Yogurt
1348,Strawberry Banana Fruit Juice Smoothie
1349,Greek Yogurt Banana & Pumpkin
1358,Phillips Gourmet Portabella Mushroom
1359,Organic Turmeric
1360,Crunchy Peanut Butter
1364,Organic Vanilla Chip Chewy Granola
1365,Mixed Bell Peppers
1366,Splash Berry Blend Juice
1368,Pink Lady Apple
1371,Flip Sides Pretzel Crackers
1373,100% Organic Whole Peeled Tomatoes
1374,Organic Hass Avocado Bag
1376,Buttermilk Biscuits
1377,Organic Lactose Free Strawberry Yogurt
1379,VitaTops Deep Chocolate Muffin Tops
1392,Medium Salsa Organica
1393,Diet Lemon Tea
1394,Uncured Pepperoni Slices
1396,Sweet Potato (Yam)
1398,Ice Bag
1402,Plain Soymilk Creamer
1405,Kids Soft and Chewy Candy
1406,Vegan Nutritional Shake Sweet Vanilla Bean
1408,Mini Cucumbers
1409,Dairy Free Coconut Milk Passionate Mango Yogurt Alternative
1411,"Hummus, Roasted Garlic"
1416,Organic Caesar Dressing
1437,Skinny Girl Microwave Butter Popcorn
1438,Men Clinical+ Clean Anti-Perspirant & Deodorant
1440,Baby Dill
1443,Strawberry and Banana Fruit Puree
1447,Organic Baby Lettuces
1450,Original Bobos Bites
1452,Lean Protein & Fiber Bar Honey Drizzle Peanut
1458,Ice Pops Sugar Free Orange Cherry Grape
1460,Restaurant Style Tortilla Rounds
1461,Original Value Pack Sausage Patties
1463,Organic Milk
1464,Special k Protein Cereal
1465,Original French Toast Sticks
1467,Mozzarella Ciliegine Fresh
1468,Organic Peeled & Cooked Beets
1476,Gummi Bears
1481,Santa Fe Style Salad Cafe Bowl
1485,Pop-Tarts Frosted Strawberry Toaster Pastries
1488,Dried and Unsulfured Organic Pineapple
1490,Organic Unsweetened Dark Chocolate Baking Chips
1492,Chocolate Instant Pudding & Pie Filling
1498,Creamy Chicken & Dumplings Soup
1503,Low Fat Cottage Cheese
1505,Zero Calorie Fruit Punch Sports Drink
1511,2% Reduced Fat DHA Omega-3 Reduced Fat Milk
1514,Cracklin' Oat Bran Cereal
1516,Organic Acai Berry Smoothie Packs
1521,10 Grams Protein Cranberry Almond Instant Oatmeal
1525,Borax All Natural Detergent Booster & Multi-Purpose Household Cleaner
1529,"Parsley, Italian (Flat), New England Grown"
1530,Sage Honey
1540,Organic Southwest Taco Seasoning
1541,Jumbo Grade A Eggs
1543,Sliced Ripe Olives
1545,"Healthy Grains Granola Bar, Vanilla Blueberry"
1546,Deluxe Red Raspberry Fruit Spread
1547,Cookie Bites Chocolate Chip Cookies
1556,Wild Rice
1559,Cherry Pomegranate Greek Yogurt
1560,Bag Of Ice
1563,Hawaiian Breeze Aerosol Spray
1564,Tomato Puree with Basil
1569,Cold Shredded Chicken
1574,Pepperoni Pizza Pockets
1577,Unsweetened Whole Milk Peach Greek Yogurt
1578,Apple Jacks Cereal
1581,Iced Tea with Lemon Flavor
1582,Turkey Pepperoni Slices
1596,Anti Microbial Cotton Swabs
1598,"Maple Syrup, Organic"
1599,Cottonelle Fresh Care Flushable Cleansing Cloths
1605,Candy Dish Chocolate Assortment Candy Miniatures
1614,Nibblers Corn on the Cob
1616,Simply Granola
1618,"Lasagna, Vegetable, with Daiya Cheeze"
1621,Organic Vitality Snack Chia Squeeze Strawberry Banana
1631,White Vinegar
1633,"Pancake & Waffle Mix, Almond Flour"
1635,Whole Cashews
1639,Green Machine
1640,Beyond Beef Fiesty Crumble
1643,French Feta
1652,Marinara with Burgundy Wine
1658,"Double Superfine Mustard Powder, Original English"
1661,Diced Peaches in Light Syrup Fruit Cups
1665,Low Sodium Veggie Natural Bouillon Cubes
1688,Sea Salted Reduced Fat Potato Chips
1689,15 Grain Whole Grain Bread
1690,Platinum Merlot
1692,Organic Fair Trade 73% Dark Chocolate Bar
1695,Major Dickason's Blend Ground Coffee Dark Roast
1700,White Cheddar Popcorn
1702,Original Coconut Milk
1704,100% Pure U.S. Honey
1709,Done Baby Wipes Cumber & Green Tea
1710,Kombucha Gingerade
1712,Pomegranate Blueberry Pistachio Plus Antioxidants Fruit & Nut Bar
1713,100% Plant Protein Beastley Sliders
1716,Baby Dry Pampers Baby Dry Diapers Size 5 78 Count Diapers
1722,Fresh French Lavender Body Bar Soap
1724,Coconut Lime Frozen Pop Dairy Free Gluten Free
1726,Fluoride Rinse - Mint
1729,2% Lactose Free Milk
1736,"Melatonin, Fast Dissolve, 5 mg, Tablets, Natural Strawberry Flavor & Sweeteners"
1744,Mint Chocolate Chip Protein Bar
1745,30 minute Marinade Honey Teriyaki
1747,Teriyaki Beef Jerky
1749,Organic Letter of the Day Oatmeal Cinnamon Cookies
1752,Mango Sorbet
1757,Organic Cashew Carrot Ginger Soup
1774,Butter Pecan Ice Cream
1775,Caramel Macchiato Creamer
1783,Organic French Vanilla Almond Granola
1787,Thin Rice Noodles
1804,Baked White Cheddar Cheese Puffs
1811,Soft Honey Whole Wheat Bread
1818,Creamy Coconut & Peanut Spread
1819,All Natural No Stir Creamy Almond Butter
1823,Soft Eating Strawberry Flavored Licorice
1824,"Frozen Desserts, Cookies and Cream"
1828,Organic Black Rice Noodles
1830,Organic Almond Extract
1831,Peach-Pear Sparkling Water
1835,Caffeine Free Diet
1843,Italian Meat Sauce
1846,BoomChocoBoom Gluten Free Ricemilk Crunch Bar
1862,Tuna Fillets in Olive Oil
1864,Mini Crunchy Vanilla Cookies
1868,Hearty Meals Beef Stew
1870,Chipotle Black Bean Burger
1875,To Go Creamy Peanut Butter Cups
1883,Gelatin Free Snacks Natural Orange Gels
1890,Organic Large Grade A Eggs
1891,Instant Coffee
1896,Organic Sensible Sipper Apple Juice
1898,Organic Sweet Tea
1902,Cookie Core Boom Chocolatta! Ice Cream
1907,Kiwi Spinach Peas & Green Apple
1909,Gluten Free Pasta Penne Rigate
1913,Organic 100% Whole Wheat Chiocciole
1914,"Original Habanero Pepper Sauce, XXXTra Hot Sauce"
1924,Long Grain Rice
1925,Root Veggie Burger
1932,Soy Chorizo Vegetarian
1934,Cheese Shredded Mozzarella Reduced Fat 2%
1935,Whole Wheat Cookies Dark Chocolate
1938,Beef Stew Meat
1939,Geranium Liquid Dish Soap
1940,Organic 2% Reduced Fat Milk
1941,Sea Salt And Vinegar Roasted Corn
1942,Aged White Wine Vinegar
1947,Tulips 10 Stem
1950,Low Sugar Strawberry Preserves
1955,12 Ounce Plastic Bowls
1957,Fabric Softener Dryer Sheet Outdoor Fresh 160CT Fabric Enhancers
1969,Plain Cream Cheese
1970,Chicken Enchiladas
1973,King Size Milk Chocolate Candy
1977,Macrobar with Granola And Coconut
1978,Tender Favorites Tuna & Whole Shrimp Cat Food
1979,Pure Coconut Milk
1981,Organic Red Roasted Peppers
1988,Original Sparkling Spring Water
1994,Organic Gluten Free Quinoa Spaghetti
1995,Gel Cleaner Bleach
1997,Moisturizing Shower Gel Vanilla
1998,Unsweet Peach Sparkling Water
1999,Organic Chicken Broth
2002,"The \""World's Best\"" Veggie Burger"
2007,Honeysuckle Liquid Soap for Hand & Body
2009,Sharp Cheddar Singles
2010,Thirsty Ultra Big Roll towel White Vsa
2011,Banana Peach & Raspberry
2012,Smart Ones Classic Favorites Chicken Enchiladas Suiza
2014,Low Fat Kefir Cultured Milk Smoothie Lowfat Probiotic Blueberry
2015,Traditional 98% Fat Free
2022,Brut Cuvee Sparkling Champagne
2024,Organic Diced Tomatoes Fire Roasted with Medium Green Chilies
2026,Traditional Multipack
2029,Swirl Thick Slice Brown Sugar Cinnamon Bread
2038,Green Tea with Ginseng and Honey
2040,Wrap Aluminum Foil Heavy Duty
2043,Organic Cookies 'n Cream Ice Cream
2045,Multigrain Sandwich
2050,Organic Berry Basket Blend
2054,Belgium Beer
2063,Fresh Ciliegine Mozzarella Cheese
2064,Toll House Dark Chocolate Morsels
2067,Plus Cranberry Almond + Antioxidants with Macadamia Nuts Bar
2073,Tuna Salad with Crackers Snack
2077,Light Frosted Amazon Flakes
2078,Unsalted Pure Irish Butter
2081,Crispy Seasoned Potato Puffs with Roasted Garlic & Cracked Pepper
2085,Organic Grass Fed Whey Protein Unflavored
2086,Sustainably Soft Bath Tissue
2087,"Crunchy Kale, Naked"
2091,Almond Nut & Rice Cracker Snacks
2092,Bengal Spice Herbal Tea
2094,"Skin DeTox, Tea Bags"
2097,Gallon Size Value Pack Storage Bags
2099,Natural Cane Turbinado Sugar
2101,Chicken & Mushroom Aussie Pies
2102,Hash Browns Country Style
2103,ProteinPLUS Multigrain Penne Pasta
2106,Earl Grey Decaffeinated Black Tea
2109,Cat Litter Deodorizer with Activated Baking Soda
2113,Ultra Comfort Care Mega Roll Toilet Paper
2114,Softly Facial Tissue
2118,Sweet Golden Potato Sandwich Buns
2120,Sauvignon Blanc
2124,Cheese Ravioli
2132,Rosemary Olive Oil Bread
2135,5-Lettuce Mix
2144,Doritos
2150,"Sauvignon Blanc, Mendocino, 2007"
2151,Classic Vanilla Ice Cream Sandwiches
2152,Ultra Calming Makeup Removing Wipes
2154,Homestyle Savory Chicken Bone Broth
2164,"Waffles, Sweet Belgian, Vanilla"
2168,Naked Pineapple Kale Coconut Water
2180,Angel Hair Pasta
2181,Sugar Free Power Peppermints
2187,Strawberry Milk
2201,Stainless Steel Scrubbing Pads
2205,3D White Arctic Fresh Toothpaste
2210,Large Brown Grade AA Eggs
2214,Power & Free Multi-Purpose Cleaner
2215,Hairball Control Dry Cat Food
2220,Daily Probiotic Supplement 250 mg Capsules
2228,Organic Frozen Mango Chunks
2229,Uncrustables Peanut Butter & Strawberry Spread Sandwich
2231,Whole Wheat Pita Pocket Bread 6 ct
2237,Homemade Salted Butter
2238,Vitamin C Super Orange Dietary Supplement
2239,Instant Carpet Spot Remover
2240,Eggo Nutri-Grain Blueberry Waffles
2243,Mango Peach Goat Milk Yogurt Baby Food
2245,Ultra Built Strong Paper Bowls
2265,Lime Grain-Free Tortilla Chips
2269,"Turkey Bar, Almond + Cranberry"
2272,Peppermint
2273,Sweet Mint Gum
2275,Chicken Apple Sausage Egg White Breakfast Burrito
2278,Old No 7 Tennessee Whiskey
2280,Ultra Downy Free & Gentle Liquid Fabric Conditioner 51 FL oz. Fabric Enhancers
2295,Yellow Bell Pepper
2297,Cool Essentials Anti-Perspirant Deodorant
2299,Chocolate Chip Peanut Butter Creamie
2301,Beef Loin Porterhouse Steak
2305,Baby Persian Cucumbers
2309,Organic Ground Flaxseed
2311,Essential Greens with Lime Vegetable and Fruit Juice Blend
2314,Whole Milk Ricotta Cheese
2319,Classic Roasted Chicken Stock
2321,Orange Halo
2322,All American Classic Made with Non-GMO Soy Veggie Burgers
2326,Organic Blueberry Waffles
2327,Gourmet Naturals Classic Butter & Sea Salt Microwave Popcorn
2328,Traditional Style Feta
2332,Low Carb Whole Wheat Large Tortillas
2335,Organic Chopped BBQ Ranch Salad Kit
2338,Best Original Baked Beans
2339,Organic Himalayan Sweetness Popcorn
2344,Organic SprouTofu Savory Baked Tofu
2350,60% Cacao Bittersweet Premium Baking Chips
2351,Sugar Free Whipped Topping
2353,"Multivitamin, Kids Complete, Gummies"
2360,Lorraine Quiche
2361,Mint Chip
2371,Natural Uncured Beef Hot Dog
2374,100% Whole Wheat Pre-Sliced Bagel Thins
2377,Mister Salty Pretzels & Cheese Dip Handy Snacks
2379,Simply 100 Key Lime Blended Non-Fat Greek Yogurt
2380,Cayenne Pepper
2382,Organic Eggnog
2383,Vegan Made with Non-GMO Soy Soy Protein Burgers
2386,Passion Orange Guava Juice
2388,Mission Chunky Salsa Med 16 Oz
2390,Pita Crisps Simply Naked
2395,Organic Lightly Salted Bread Crumbs
2397,Caramel Sea Salt Macaroons
2408,Feta Crumbled Traditional Cheese
2410,Original Scent Liquid Fabric Softener
2411,Acnedote Face & Body Scrub
2413,Carmel Apple Crisp Twist
2416,Classic Crust Four Cheese Frozen Pizza
2421,Organic Jelly Beans
2425,Light Tuna Chunk In Water
2426,Roasted Green Chile & Jack Cheese Tamales
2432,Salt-Free Blend Pumpkin Pie Spice
2433,Meyer Lemons
2434,Caramel Flavored Sundae Syrup
2435,Teriyaki Meal Bowls
2447,3 lb Clementines
2449,"Tri Fun Pack Fruit Loops, Cocoa Krispies; Apple Jacks"
2450,Taco Seasoning
2452,Naturals Chicken Nuggets
2462,Rainbow Trout Fillet
2468,Organic Hibiscus Herbal Tea Bags
2469,Italian Salad Blend
2470,Buckwheat Soba Pasta
2473,West Soymilk
2475,Super Plus Cardboard Applicator Tampons
2480,Organic 85% Cacao Dark Chocolate Bar
2481,Natural Deli Style Sliced Swiss Cheese
2482,Protein Bar Lemon Cream Pie
2488,Spicy Guacamole
2493,Wild Cherry Drink
2495,Original Liquid Laundry Detergent
2497,Gluten Free Devil Food Cake Mix
2512,99% Fat Free Chicken Broth
2513,Steam In Bag Broccoli & Cauliflower
2516,24 Hour Non-Drowsy Allergy Relief
2518,Smart Ones Broccoli & Cheddar Cheese Baked Potato
2519,Rice Krispies Cereal
2522,4 Cheese Sauce
2525,Warm & Ready Crusty Rolls
2534,PM Acetaminophen Caplets
2535,Shaved Parmesan
2536,Ultra Plush 3 ply Toilet Paper 12 Double Rolls
2537,Tomato Basil Marinara Sauce
2543,Crispy Rice Cereal
2547,Disinfecting Bathroom Cleaner - Lemongrass Citrus
2552,Organic Raw Pomegranate Kombucha
2556,Yellow Mustard
2563,Roasted Garlic & Parmesan Baby Reds Mashed Potatoes
2564,100% Tomato Juice
2566,Mold and Mildew Remover with Bleach
2573,Garlic Pepper Ramen
2574,Beef Stew Canned Dog Food
2579,Organic Freeze Dried Instant Decaf Coffee
2581,Lavender Floral & Mint Natural Dish Liquid
2588,Wild Wonders Medley Tomato
2592,Maple Almond Bar
2593,Organic Evaporated Milk
2596,Lemon Cake Ice Cream
2597,Fresh Pressed Virgin Coconut Oil
2604,Lemon Zest Sorbetto
2609,Newborn Bottles with Iron Infant Formula
2611,Gluten Free SpongeBob Spinach Littles
2627,Ibuprofen 200 mg Pain Reliever/Fever Reducer Tablets
2632,Extra Sharp White Cheddar Sticks
2634,Cereal Frosted Flakes Chocolate Choco Zucaritas
2639,Lemon Blended Non-Fat Greek Yogurt
2643,Organic Bagged Kale Salad Mix
2644,Marketplace Chicken Pecan
2646,Dairy Pure Heavy Whipping Cream
2651,Mayonnaise
2656,Original Pods
2658,Unsweetened Coconut Milk
2663,Free Range Chicken Broth
2665,Triple Zero Chocolate Greek Yogurt
2666,Night Cream Argan Stem Cell + 2% CGF
2668,Whips! Strawberry Mist Yogurt Mousse
2669,Roasted Dandelion Spice Detox Tea
2670,"Yogurt, Organic, Lowfat, Plain"
2677,Yerba Mate Sparkling Classic Gold
2678,Sheer Floral Sensitive Skin Cleansing Cloths
2691,Bbq Sauce
2693,The Big 16 Grain Sprouted Whole Grain Bread
2694,Superberry Kombucha
2696,Gluten Free Chocolate Brownies
2698,Hazelnut K Cups
2702,Biscuits for Dogs less than 20 lbs
2707,Complete™ ActionPacs™ Fresh Scent Dishwasher Detergent
2713,Fresh Frozen Chopped Spinach
2714,Handi-Snacks Ritz Crackers 'n Cheese Dip
2716,Organic Greek Lowfat Yogurt With Strawberries
2717,Mango Sparkling Water
2720,Whole Milk Yogurt
2726,"Ice Cream, Super Premium, Mint Chocolate Chip"
2728,Originale Amaretto
2732,Gluten Free Pretzel Sticks
2735,Pork Loin Back Ribs
2738,Asian Chopped Salad
2745,Strawberry Explosion/Banana Split Smoothie
2748,Organic Reduced Fat Omega-3 Milk
2750,Savory Turkey Breakfast Sausage Patties
2757,Almond Cashew Unsweetened Almondmilk Cashewmilk Blend
2763,Uncured Hickory Smoked Bacon
2770,Brownberry Natural Wheat Bread
2772,Toll House Real Semi-Sweet Chocolate Morsels
2773,Parmesan Garlic + Herb Pita Chips
2778,Classic Chicken Parmigiana & Penne
2780,Diced Red Onions
2781,Chipotle Lime Meat-Free Crispy Fingers
2797,The Original Mild Picante Sauce
2806,Toasted Artisan Mix Granola
2808,Hair Balance Shampoo
2809,Vegan Oatmeal Chocolate Chip Cookies
2810,Stain Remover & Color Booster Original Scent
2821,Tuna Steaks
2822,Organic Creamy Raw Almond Butter
2825,Organic Original Hommus
2826,Blue Corn Chip Bowls
2832,Organic Quinoa Hot Cereal Flakes
2838,Poppy Seed Dressing
2839,Original Slices Pepperoni
2846,Organic Green Onions
2855,Organic Good Seed Bread
2860,Mozzarella Cheese Breadsticks
2865,Probiotics 100% Strawberry & Banana Juice
2872,The Original Cream Bars Orange Raspberry Frozen Bars
2876,vitaminwater® XXX Acai Blueberry Pomegranate
2879,Bourboncito Coffee
2883,Spicy Jalapeño Chicken Sausage
2884,Ice Cream Tahitian Vanilla
2897,Classic Mild Cheddar Macaroni & Cheese 25% Less Sodium
2913,Mango Tango Fruit Smoothie Blend
2915,Cleansing Towelettes Night Calming Makeup Remover
2923,"Mighty 4 Essential Tots Spinach, Kiwi, Barley & Greek Yogurt Nutrition Blend"
2940,Vaporizing Decongestant Vicks Vaporub Lemon Scent Ointment
2943,"Low Fat, Small Curd 1% Milkfat No Salt Added Cottage Cheese"
2944,100% Organic Raw Coconut Butter
2949,Apple Pie Flavored English Muffins
2954,Organic Diced Fire Roasted No Salt Added Tomatoes
2956,Angus Beef Meatballs
2960,Naturally Smoked Sliced Bacon
2961,Pink Salmon
2962,"Milk, Reduced Fat, 2% Milkfat"
2964,100% Whole Soy Organic Gluten Free Tamari Soy Sauce
2965,Sliced Crimini Mushrooms
2966,Pure Coconut Water
2967,Voluminous Original Mascara - Waterproof Black 360
2973,Lexington Milk Chocolate Toffee Almond Crispy Cookies
2974,Regular
2977,Original 100% Orange Juice with Calcium & Vitamin D
2979,Beyond Beef Beefy Crumble
2982,Natural Health Nut 100% All Natural Bread
2983,Kosher Medium Cheddar Cheese
2985,Organic Turmeric Tonic Juice
2996,Honeysuckle Hand Soap
3006,Original Vanilla Pudding
3007,Natural Anticavity Silly Strawberry Fluoride Toothpaste for Children
3020,Broccoli & Apple Stage 2 Baby Food
3021,Chocolate Truffle Ice Cream
3023,Club & Cheddar Sandwich Crackers
3025,Cacao Sweet Raw Chocolate Nibs
3033,Cough Suppressant Throat Drops Honey Lemon with Echinacea - 24 CT
3037,Nestle Drumstick Sundae
3039,Wild Cherry Cola
3040,Jellied Cranberry Sauce
3042,S. Pellegrino Sparkling Natural Mineral Water
3043,Wooden Foot File
3044,Original 100% Pure No Pulp Orange Juice
3058,Sunscreen Lotion Face Oil-Free SPF 70+
3060,Pepper Jack Cheese Slices
3069,Ginger/Garlic Vegetable Stir Fry Kit
3071,Extreme Clean Whitening Action Flouride Toothpaste - Mint Blast
3081,"Organic Creamies Strawberry, Raspberry & Carrot Freeze-Dried Fruit Snacks"
3090,Very Berry Flavor Sparkling Mineral Water
3094,Kale & Pinto Bean Pupusas
3096,Men + Care Extra Fresh Body + Face Bar
3097,Smoked Cheddar Cheese
3098,Lavender Dish Soap
3105,Cinnabon Classic Cinnamon Roll Coffee Creamer
3107,Fiber One Oat & Chocolate Bar
3111,Mango Habanero Master Brew Kombucha
3118,Original Instant Grits
3126,Oreo Cookie n' Cream Yogurt
3129,Organic Kale Smoothie
3142,Organic Short Grain Brown Rice
3145,Plain Sweet Potato Chips
3148,Ready Wipe Flushable Wipes
3151,Super Tea Power Greens
3152,Mixed Berry Juice Drink
3153,Crushed Tomato
3161,Flake Style Imitation Crab
3164,100% Juice No Added Sugar Orange Tangerine
3169,Brown & Serve Original Breakfast Sausage Links
3177,Thick Spaghetti Pasta
3179,Sugar Free Cherry Low Calorie Gelatin Snacks
3192,Lean Ground Beef
3207,Simply 100 Crunch Strawberry Chocolate Truffle Non-Fat Greek Yogurt
3217,Organic Oven Toasted Oats Old Fashioned
3218,Low Fat Marinara Sauce
3219,Himalania Fine Pink Salt Glass Jar
3221,Lactose Free Vanilla Ice Cream
3226,Unsalted Smooth All Natural Peanut Butter
3229,Rich & Hearty Chicken Corn Chowder Flavored with Bacon Soup
3230,Rich & Creamy Plain Yogurt
3231,Steamfresh Edamame Pods Frozen Vegetables
3233,"Organic Turkey with Rosemary, Sage & Thyme Bone Broth"
3237,Watercress
3243,Red Onions
3244,Grilled Liver & Chicken Feast in Gravy Cat Food
3252,Medium Green Chile Enchilada Sauce
3262,French Style Fresh Cut Green Beans
3263,Stress Relief Lavender Body Wash
3265,Mini Seedless Watermelon Pack
3266,Organic Rainbow Chard Bunch
3270,Chocolate Hazelnut Snack Pack
3274,Black Tea Pyramids
3282,Chips Ahoy! Original Chocolate Chip Cookies
3283,Peanut Butter Creme Cookies
3287,Security Super Plus Tampons
3290,Indian Coconut Curry Simmer Sauce
3293,Seasoned & Cooked Pulled White Meat Chicken with Jack Daniel's Barbeque Sauce
3295,Organic Mother's Milk Herbal Tea
3298,Mozzarella String Cheese
3308,Original English Muffins
3313,Old Fashioned Hot Dog Buns
3318,Cinnamon Swirl Raisin Bread
3321,Vanilla ... Ahhh Frozen Coconut Dessert
3330,White Cheddar Snack Crackers Cheddar Bunnies
3333,100% Natural Coconut Water
3334,Fruit Juicy Red Juice Drink
3339,Organic Russet Potato Bag
3345,Natural Herb Cough Drops
3358,"Rising Crust Supreme (Sausage, Pepperoni, Red Peppers, Green Peppers, Onions, Black Olives) Frozen Pizza"
3362,Strawberry Cheesecake Protein Bar
3374,Sweet Potato
3376,Organic Whole Kernel Sweet Corn No Salt Added
3379,Complete Fresh Scent Dish Detergent Action Pacs
3382,Organic Eggplant
3385,Super Firm Tofu
3389,Diet Dr.Pepper Soda Pack
3390,Papaya
3397,Organic Lightly Salted Sea Salt Thin & Crispy Restaurant Style Tortilla Chips
3399,Pain Relief Tablets
3405,Mushroom Spinach & Salsa Tamales With 2 Cheeses
3407,Reddi Wip Fat Free Whip Cream
3429,Still Artesian Water
3431,Squeezed Lemonade
3434,Coffee Mate Natural Bliss Sweet Creme Coffee Creamer
3436,Egg Substitute
3438,Mild Banana Fresh Pack Pepper Rings
3439,"Thick Sliced Canadian, Bacon Natural Hickory Smoked"
3442,Spectacular Ginger Beer
3455,Simply Homemade Cornbread Baking Mix
3457,Swedish Style Non-Fat Drinkable Yogurt Plain
3458,Flip Greek Yogurt Tropical Escape
3460,50/50 Hydrating-Calming Balanced Conditioner
3463,Twist 'n Loc Medium Round Containers + Lids
3464,"Organic Butterhead (Boston, Butter, Bibb) Lettuce"
3465,Luau Barbeque Potato Chips
3466,70% Dark Chocolate With Orange Bar
3469,Organic Vegetarian Mild Refried Beans With Green Chiles
3473,Clementine Dish Soap
3474,Shredded Beef Taquitos
3476,Authentic French Sliced Brioche
3479,Classic Whipped Cream
3480,Organic Sweet Corn
3481,Pineapple
3490,Organic 100% Durum Semolina Penne Rigate
3494,Matcha Powder
3495,Creamy Caramel Filled Hard Candies
3496,Pepperoni Ultra Thin Crust Pizza
3502,Lavender Toilet Bowl Cleanser
3512,Black Beans Reduced Sodium
3513,Organic Blueberry
3515,Disinfecting Wipes Lemon
3526,Coconut Pineapple Sparkling Water
3527,Sorbet Pops Banana Coconut
3529,Fully Cooked Original Bacon
3543,Sriracha Roasted Broad Beans
3550,Organic Diced Fire Roasted Tomatoes
3556,Organic Mellow Miso Brown Rice
3558,Sparkling Diet Cranberry Juice
3560,Crispy Strips
3561,Flat Fillets of Anchovies
3562,Cinnamon Applesauce
3563,Half Pumpkin Pie
3566,All Natural Hemp Original Non Dairy Beverage
3573,Organic Green Sauerkraut
3574,TofuPlus Organic Extra Firm Tofu
3579,Home Style Beefless Tips
3582,Organic Ground Chia Seed
3583,Unsweetened Coconut Milk Beverage
3584,Grilled Ocean Whitefish & Tuna Feast in Gravy Cat Food
3586,Total Whitening Toothpaste
3590,Real Medleys Summer Berry Oatmeal Cup
3592,Triple Meat Party Pizza
3593,Double Zipper Gallon Storage Bags
3594,Milk Whole
3595,Queso Quesadilla Part Skim Milk Cheese
3599,Baked Aged White Cheddar Rice and Corn Puffs
3616,Stove Top Stuffing Mix For Chicken
3619,Nestle Toll House Premier White Chocolate Morsels
3627,Organic Baby Corn Pieces
3628,Gluten Free Paleo Fettuccine
3631,Organic Whole Milk French Vanilla Yogurt
3634,Krinkle Cut Classic Barbecue Potato Chips
3638,Organic Original Panko
3645,Creamed Spinach
3651,Dairy Pure Fresh Half & Half
3655,Organic Energy Drink Ruby Red
3658,Chocolate With Fudge Low Fat Ice Cream Cones
3661,S'mores Luna Bar
3664,Slim Can Lime Sparkling Natural Mineral Water
3667,Cold-Brew Vanilla Coffee
3672,Gourmet Mango Mochi Sherbet Bonbons
3674,Expeller Pressed Refined Grapeseed Oil
3675,Soft & Strong Bathroom Tissue 2 Ply
3678,Old Fashioned Pretzel Rods
3682,Organic Roasted Red Pepper & Tomato Soup
3689,Beef Broth
3693,Cheese Cracker Sandwiches
3694,Naproxen Sodium 220mg (NSAID) Pain Reliever/Fever Reducer
3696,Original Baked Snack Crackers
3697,Spinach Hummus
3699,"Chard, Green, New England Grown"
3706,Sparkling Concord Juice Grape
3708,"Lean Protein & Fiber Bars, Chocolate Almond Brownie"
3709,Glide Pro-Health Mint Floss
3714,Almond Thins Almond Butter Cookies
3717,Cheese Enchilada Meal
3721,Unsweetened Green Tea
3724,Green House Grown Miraculously Sweet Tomatoes
3726,Freeze-Dried Chives
3732,Grape 100% Juice
3740,Gluten Free Fire-Roasted Vegetable Pizza
3744,Dark Italian Roast Ground Coffee
3749,Woman's Energy Tea
3758,Quenching Coconut Curls Conditioner
3761,Country Peach Passion Herbal Tea
3765,Original Whole Fat Lactose Free Milk
3773,Organic Ginger Juice
3774,NUT-rition Chocolate Nut Mixed Nuts
3782,"Bread, Jewish Rye"
3783,Dairy Free Cashew Milk Creamy Chocolate Frozen Dessert
3784,Large Pasteurized Eggs
3787,Garlic & Herb Butter Stick
3793,Honey Grahams Graham Style Crackers
3796,Ranchero Braised Beef
3797,Swiss Cheese Singles
3798,Pink Lady Apples
3800,Hampshire 100% Natural Sour Cream
3808,Olive Oil Cooking Spray
3813,Green Apple Scent Dishwashing Liquid
3819,Organic Mocha Coffee Concentrate
3820,Double Chocolate Flavor Reduced Calorie Pudding Snacks Sugar Free
3822,Green Magic Chia Squeeze
3826,Hemp & Greens Burger
3829,Organic Spicy Ginger Herbal Tea
3835,"Coconut Water, Pure Organic"
3840,Grinder Himalayan Salt Pink
3843,Organic Brussels Sprouts
3847,Original Whole Grain English Muffins
3849,Organic Sprouted English Muffin
3855,White Hot Dog Rolls
3856,Deli Fresh Smoked Turkey Breast
3868,White Beauty Bar
3869,Organic Sweet Relish
3873,Mountain Spring Water
3874,Organic Stage 2 Pears Baby Food
3876,Sofia Blanc De Blancs Sparkling White Wine
3880,Corn Maize Tortillas
3884,Organic Plain Unsweetened Nondairy Cashew Yogurt
3885,Crinkle Cut Carrots
3887,"Raw Honey, Organic"
3892,No-Scratch Refills
3893,Hazelnut Dairy Free Creamer
3894,Frosted Granny's Apple Pie Toaster Pastries
3896,Organic Honey Sweet Whole Wheat Bread
3898,Organic Rosemary Potato Chowder
3903,Triple Nutrition Fortifying Shampoo For Dry & Damaged Hair
3913,Original Unfiltered Ginger Ale
3914,Meatballs Italian Style
3917,Flaxmilk 1200 mg Omega-3 Vanilla
3919,Hearty Grains 100% Whole Wheat English Muffins
3921,"2nd Foods Organic Fruit & Veggies - Apples, Zucchini, Spinach & Strawberries"
3931,Sweet & Spicy Tuna Creations
3932,Wasabi
3935,Organic Coconut Milk Non-Dairy Frozen Dessert Butter Pecan
3936,Blueberry Vanilla Graham Greek Frozen Yogurt
3951,Carrot and Broccoli Baby Food Puree
3952,Organic Broccoli Crowns
3953,Kids Soft & Chewy Candy
3957,100% Raw Coconut Water
3962,Tater Puffs
3963,Pureed Baby Food Pears Beans
3967,Cherry Soda
3976,Green Blueberry Slim Life Tea
3988,Roasted Salted Peanuts
3989,Parmesan and Roasted Garlic Dressing
3990,Natural Sharp Cheddar Sliced Cheese
3996,Diced Pears In Light Syrup Fruit Cups
3999,Bosc Pear
4000,Brazil Minas Naturais Medium Roast Ground Coffee
4001,Probugs Strawnana Split Frozen Ypgurt
4005,Sea Minerals Dish Soap
4006,Hazelnut Spread With Skim Milk & Cocoa
4009,Organic Sparkling Apple Peach  Juice
4020,Gentle Skin Cleanser
4029,"Organic Corn Thins, Original"
4034,Mushroom Ravioli
4037,Blackberry Preserves
4039,Tempt Original Hemp Milk
4047,Milano
4052,Lemon Juice
4062,Green Tulsi Tea
4066,Organic Red Heirloom Pasta Sauce
4071,Organic Lemongrass Ginger Ramen
4081,On the Go Natural Lemonade Drink Mix
4083,BoomChickaPop Holidrizzle White Chocolate Peppermint Kettle Corn
4086,Mint
4091,Kosher Whole Dill Pickles
4097,Whole Grain Loaf
4098,Havarti Dill Cheese
4100,Organic Dark Roast
4101,Horseradish Cheddar
4102,Hot Kid Organic Baby Mum-Mum Original Rice Rusks
4103,Original Turkey Burgers Smoke Flavor Added
4115,Gluten Free Southwest Hash Browns
4120,"Royal Tea, Organic Black Tea"
4126,Slow Churned Yogurt Blends Chocolate Vanilla Swirl
4130,Peanut Butter Cacao Chia Protein Bar
4132,100% Grapeseed Oil
4136,Living Herbs Potted Living Basil
4137,Whole Grain Oat Cereal
4138,Arancita Rossa
4142,Trilogy Kombucha
4146,Berry Punch Flavored Fruit Drink
4149,Frozen Organic Blueberries
4160,Orange Mexican Soda
4162,Organic Thai Coconut Curry Hummus
4163,Spanish Rice Pilaf Mix
4167,Organic Green Goddess Dressing
4168,Rutabaga Organic
4169,Original Pork Sausage
4174,Rich & Creamy Fat-Free Half & Half Ultra-Pasteurized
4178,Queso Stuffed Nachos
4187,Everyday Bowls Soak Proof Foam Bowls
4189,"Yogurt, Goat Milk, and Fruit, Banana & Natural Vanilla Bean with Pear, 2+"
4192,Hardwood Smoked Peppered Thick Sliced Bacon
4193,"Ravioli, Spinach & Cheese"
4204,Crisp & Thin Sea Salt With Vinegar Potato Chips
4210,Whole Milk
4212,High Gravity Lager
4213,"Delights Turkey Sausage, Egg Whites, & Cheese English Muffin"
4232,"Ambrosia, Medium Roast"
4240,Professional Dual Clean Electic Toothbrush Refill Heads
4256,Skinny Natural Whipped Topping
4258,Aquarium Series Liquid Hand Soap Refill
4261,All Natural Whole Strawberries
4264,Organic Sweet Pepper Medley
4268,Spot's Stew Chicken Cat Food
4269,Mild Cheddar Cheese
4274,Vegan Cheddar Style Cheese Slices
4279,Cheese Blintzes
4288,Gluten Free Cafe Chicken Noodle Soup
4289,15 Calories Light Lemonade
4294,Spicy Salmon Avocado Roll
4296,Cleaner + Bleach Citrus
4297,Cool Mint Chocolate
4298,Vintage Extra Sharp White Cheddar Cheese
4302,Artichoke Hearts
4304,Chopped Curly Kale
4306,Simply Naked Pita Chips
4312,Hash Brown Patties
4313,Star Wars Italian Sweet Creme Creamer
4314,Chai Vanilla Protein Protein Shake
4317,Solid White Albacore Tuna In Water
4321,California Endive Farms
4326,Shredded Gouda
4329,Yellowfin Tuna in Pure Olive Oil
4332,Kettle Cooked Jalapeno Potato Chips
4341,Lavender Conditioner
4344,Ciabatta Bread
4347,Extralean Ground Turkey Breast
4350,Mushroom And Ricotta Ravioli
4357,Organic Chocolate Almondmilk Pudding
4362,Whole Grain Melba Toast
4363,Ambrosia Apples
4366,Multi-Grain Sea Salt Crackers
4367,Garlic & Fine Herbs Gournay Cheese
4372,Hot Guacamole
4374,Ultra Soft Bathroom Tissue Double Rolls
4377,Bag of Oranges
4382,Bliss Chocolate Toffee Truffle
4388,Vitamin D3 2000 IU
4390,Calcium Plus Vitamin D Vegetable Oil Spread
4391,Coffee Chocolate Chip Gelato
4392,Lavender Fabric Softening Dryer Sheets
4401,Saffron
4409,Hair Pomade Signature Mint
4410,Organic Flax Plus Multibran Flakes
4421,Organic Beef Uncured Hot Dogs
4422,Optic White Sparkling Mint Toothpaste
4428,Organic Mushroom & Olive Pizza
4429,Gluten Free Chicken Dumplings
4433,Crispy Chicken
4445,Chamomile Herbal Tea
4447,Berries 'n Cherries Fruit Snacks
4448,Mild Korma Curry Simmer Sauce
4451,Organic Skim Milk with DHA Omega-3
4455,Raspberry Cereal
4461,Organic Raw Unfiltered Apple Cider Vinegar
4462,Pink Lady Apple Kombucha
4464,"Fruit Spread, Deluxe, Golden Peach"
4469,Mandarin Oranges In Light Syrup
4472,Toasted Coconut Almondmilk Blend
4477,Samosa - 4 CT
4481,Mrs. Grass Soup Mix Noodle Soup
4486,Organic Dark Salted Burnt Caramel Chocolate Bar
4487,Vegetarian Organic Golden Corn
4493,Italian Sparkling Pomegranate And Orange Soda
4497,Pasta Sides Chicken Flavor
4503,Organic High Heat Sunflower Spray Oil
4506,"Rick Sticks, Vermicelli"
4508,Spinach & Cheese Pupusas
4512,"Legal Pads, Canary, 3 Pack"
4518,Organic Pomegranate
4520,Vanilla Cake Mix
4522,Dill Veggie Dip
4533,Butternut Squash Souffle
4534,Greek Yogurt Flip Salted Caramel Crunch
4541,Rainier Cherries
4544,High Heat Canola Spray Oil
4546,Organix Butcher & Bushel Grain Free Shredded Chicken Dog Food
4550,Vanilla Grahams
4557,Mango Peach Salsa
4559,Vanilla Frosting
4560,Greek 100 Calories Whips! Strawberry Fat Free Yogurt Mousse
4562,English Seedless Cucumber
4564,Pasilla Pepper
4565,Baked Snack Crackers Original
4574,Organic Fat Free French Vanilla Yogurt
4576,Mango Sorbet Pops
4577,"Spaghetti O's, Meatballs"
4586,Rustic Tomato Salsa
4588,Oral B Glide Cool Mint Deep Clean Floss
4591,Quick 1 Minute Oatmeal
4594,Elbows Gluten Free Pasta
4595,Italian Dry Salame
4597,"Organic Tempeh, Garden Veggie"
4600,All Natural French Toast Sticks
4605,Yellow Onions
4606,Sweet Chipotle Beef Jerky
4607,Marshmallow Lovers Hot Cocoa Mix
4610,Country Sourdough Bread
4614,Burrata alla Panna
4618,Geranium Scent Liquid Hand Soap Refill
4619,Original Scent Extra Strength Fabric Refresher Spray
4620,Ginger Root
4626,Master Blend Ground Coffee
4635,Microwaveable 100% Beef Cheeseburgers
4636,Greek Style Honey Yogurt
4639,Crumbled Bacon
4640,American Cheese Singles 24 Count
4641,Whole Kernel Popcorn Jar
4645,Queso Blanco Medium Dip
4647,Original Salt-Free Seasoning Blend
4649,Extra Soft Bathroom Tissue
4654,Banana Nut Muffin & Quick Bread Mix
4656,Raspberry Preserves
4658,Imported Mineral Water
4659,Organic Sloppy Joe Seasoning
4662,The Original Thick Slice with Real Cheese Texas Toast
4663,Oatmeal Dark Chocolate Cookies
4671,Red Cabbage
4673,Comfort Steak Portabella
4674,Cherry Limeade
4675,Boniato Sweet Potato
4678,All Natural Easy Quinoa Garden Vegetable
4683,Crumbled Feta Cheese
4687,Arnold Palmer Lite Half & Half Iced Tea Lemonade
4692,Organic Vanilla Bean Greek Yogurt
4697,"Eggs, Cheese & Turkey Sausage Breakfast Burrito"
4698,Oscillo Oscillococcinum Quick-Dissolving Pellets
4706,Classic Almond Snack Pack
4710,San Marzano Blend Tomato Basil Pasta Sauce
4713,Natural Chicken Breast Cutlets
4714,Dark Chocolate Crunch
4723,Antiseptic Liquid Bandage
4724,Broccoli Florettes
4726,Original Bread Sticks with Real Garlic
4731,Classic Roast
4734,Turkey Feast Cat Food
4736,Extra Fresh Body and Face Wash
4738,Berry Almond Milk Juice Smoothie
4749,Chewy Dipps Peanut Butter Granola Bar
4753,Organic Apple Raisin & Quinoa Stage 2 Baby Food
4759,Yellow Corn Meal
4769,All Natural Sweetener
4771,NOTICEables Linen & Sky Dual Scented Oil Refill
4776,Sparkling Mountain Spring Water Watermelon Lime
4778,Wheat Thins Reduced Fat Crackers
4779,Muesli
4781,Original Coconut Milk Creamer
4790,Organic Unsweetened Original Non Dairy Almond Beverage
4792,Panda Puffs Peanut Butter Cereal
4793,Wild Berry Smoothie
4796,Baby Portabella Mushrooms
4798,Top Chef Ravioli & Chicken Marinara
4799,Shredded Parmesan
4800,Amazing Minerals Dead Sea Bath Salts
4802,"Sesame Oil, Pure"
4808,Seafood Stock
4809,Greek Whole Milk Blended Blueberry Yogurt
4812,Stage 1 Apples & Strawberries Organic Pureed Baby Food
4813,Original Acai Juice
4817,Cinnamon Apple Sauce
4818,Classic Vanilla Coffee Creamer
4819,Rapid Relief Sensitive Toothpaste Fresh Mint
4821,Tropical Mix
4831,"Sparkling Water, Orange"
4832,2% Milk American Cheese Singles
4834,"Garlic, Elephant"
4836,Honey Wheat Flatbread Egg White With Spinach & Mozzarella Style Cheese Product
4838,Original Blackberry Harvest Low Fat Yogurt
4844,Gotta Have Vanilla Organic Frozen Nonfat Yogurt
4846,Weight Watchers Three Cheese Ziti Marinara
4847,Organic Low-Fat Medium Black Bean Chili
4853,Broccoli Rabe
4855,Diced Butternut Squash
4862,Raw Coconut Vinegar
4866,Chocolate Covered Biscuit Sticks
4870,Golden Chai Black Tea
4879,"Milk, Fat Free"
4880,Milk & Caramel Mini Squares
4889,Mini Peeled Carrots
4893,Quick Enriched Hominy Grits
4895,Orange Mango Sparkling Water
4909,Sweet Hot Mustard with Honey
4913,Table Water Crackers
4920,Seedless Red Grapes
4921,Organic Roasted Garlic Mushroom Lentil Soup
4927,Organic Mint Dark Chocolate Bar
4931,Sesame Sticks
4932,Vanilla Bean Ice Cream
4938,Steak Strips
4940,Organic Plain Greek Yogurt
4942,Vanilla Almond Breeze
4945,Large Pineapple Chunks
4947,Lafayette Butter Lettuce & Radicchio Salad Blend
4950,Tots Greek Banana Pumpkin/Mango Spinch
4952,Unsweet Peach Water
4957,Total 2% Lowfat Greek Strained Yogurt With Blueberry
4960,Three Cheese Mini Pizza Bagels Frozen Snacks
4962,Yotoddler Organic Pear Spinach Mango Yogurt
4965,Original Popcorn and Peanuts
4966,37% Less Sodium Soy Sauce
4971,Vitaminwater® Focus Kiwi-Strawberry
4972,Mediterranean Fine Sea Salt
4974,Potted Flat Parsley
4978,Pull-Ups Training Pants Learning Designs
4982,Organic Stoneground Flakes Cocoa Clusters Cereal
4983,Sweets Medley Sea Salt Sweet Potato Chips
4985,Homestyle Some Pulp Orange Juice
4986,Light Butter with Canola
4987,"Hint of Mint, Rich Chocolate with a Splash of Mint Fit Frozen Dessert"
4989,Organic Raspberry Passion Chia Beverage
5006,Cornmeal Medium Grind
5011,100% Natural Whole Peeled Plum Tomatoes
5013,Nutty for 'Nana Low-Fat Greek Yogurt
5014,Organic White Corn Tortilla Chips
5015,Organic Cottage Cheese Classic
5020,Organic  Sweet & Salty Peanut Pretzel Granola Bars
5022,Apricot
5024,Dark Red Kidney Beans No Salt Added
5025,Green Onions
5028,Strawberry Twizzlers
5031,Medium Salsa Roja
5034,"P3 Smoked Ham, Cheese & Cashews Portable Protein Packs"
5036,13 Gallon Apple Scented Tall Drawstring Bags
5038,Eggs
5042,Nighty Night Tea Bags
5047,Easy Open TabsBags
5054,Organic Kabocha Squash
5060,BLUEBERRIES
5065,Authentic Chinese Noodles
5067,Original Syrup
5068,Cauliflower Florets
5069,Danimals Strawberry Explosion & Strikin' Strawberry Kiwi Smoothies
5072,Dark Chocolate Raspberry Ice Cream Bars
5073,Kombucha  Bilberry No. 9
5077,100% Whole Wheat Bread
5081,Deep Clean Cleanser & Mask
5082,Russian Style Gluten Free No Salt Added Farmers Cheese
5085,Organic Stage 1 First Peas Baby Food
5086,"Almondmilk, Pure, Chocolate Protein"
5089,Meat Lovers Lasagna
5094,Chocolate Truffles
5097,Mexican Style Taco Shredded Cheese
5098,Golden Brown Pure Cane Sugar
5101,Lean Sweet Italian Turkey Sausage
5103,Blueberry & Purple Sweet Potato  Super Puffs
5110,7 Up Lemon Lime Soda
5111,Whole Cranberries Dipped in Dark Chocolate
5112,Danimals Swingin' Strawberry Banana Smoothie
5114,"Peach,  Apricot & Banana Stage 2 Baby Food"
5115,Organic Medium Brown Eggs
5120,Organic Vanilla Soymilk
5124,"Freshly made pasta layered with seasoned meat sauce, tomato sauce and Real low-fat Ricotta cheese Lasagna Italiano"
5128,Paper Towel
5130,Organic Herb Blend
5131,Superfood Slam Bar
5132,Made Good Chocolate Chip Granola Bars
5134,Organic Thompson Seedless Raisins
5138,Chenin Blanc Viognier
5141,Organic Iced Black Tea
5144,Mango Probiotic Juice Drink
5146,Gold Rum
5148,Strawberry Baby Yogurt Blends
5157,Orange 100% Juice
5158,Classic Mix Cookies & Crackers
5161,Dried Mango
5163,Premium Super Sweet Corn Bi-Color
5165,Organic Basil Garlic Polenta Pre-Cooked
5174,Mayonnaise Pouch
5178,Large White Sage Smudge Stick
5181,Air Effects Linen & Sky Scent Air Freshener Spray
5189,Jack's Special Mild Salsa
5194,Organic Bunny Fruit Snacks Berry Patch
5198,Broccoli au Gratin
5205,Tamarind Stir-Fry Paste
5206,Organic Infant Formula With Iron
5210,Original Baked Beans
5212,Watermelon Chunks
5214,Organic Corn Flakes Fruit Juice Sweetened Cereal
5223,Fruit & Cream Variety Pack
5224,Organic Stoneground Mustard
5228,All Natural Sea Fresh Antiplaque & Strengthening Toothpaste Deep Sea Spearmint
5231,Whole Care Natural Cinnamon Clove Fluoride Toothpaste
5235,Just Italian Dressing
5237,Miso Mayo
5240,Spaghetti  No 12
5241,Gluten Free Uncured Bacon Breakfast Burrito
5247,Zero Cola
5248,Hot Roll Sausage
5250,Blueberry Muffin Bar
5251,Shaved Brussel Sprouts
5258,Sparkling Water
5259,Condensed Chicken Noodle Soup
5262,Brown Extra Large Grade AA Eggs
5266,Fish Sauce
5268,Bagel Bites Three Cheese Mini Bagel Pizzas
5272,Ultra Thin Pads Regular With Wings  - 18 CT
5279,Organic Pinto Beans Can
5285,Lemon and Strawberry Real Italian Ice
5287,Gluten Free Penne and Cheese
5296,Roasted Salted Almonds
5303,Organic Roasted Seaweed Snacks Teriyaki
5312,Coconut Cookie Thins
5313,Spicy Barbecue Sauce
5315,Fettuccine Pasta
5322,Gluten Free Dark Chocolate Chunk Chewy with a Crunch Granola Bars
5323,Organic Strawberry Lowfat Yogurt Smoothie
5328,Tropical Kombucha
5333,Organic Pumpkin Pie Mix
5334,Blue Eucalyptus & Lavender Natural Laundry Detergent
5337,Monterey Jack Cheese
5343,Cashews Roasted Sprinkling Of Salt
5346,Mochi Ice Cream
5353,Two Organic Cornmeal Pizza Crusts
5355,Happy Baby Stage 1 Sweet Potato Organic Baby Food
5357,"Organic Spelt Mini Pretzels, Low Sodium"
5360,BioKefir Pomegranate & Blueberry Flavor Cultured Milk
5369,Dandelion Greens
5373,Organic No Salt Added Diced Tomatoes
5375,Sweet Apple Slices
5380,Organic Mint Bunch
5383,Organic Capellini
5384,Strawberry Banana Smoothie
5385,Country White Bread
5386,Strawberry
5388,Country French Bread
5389,Circus Animal Cookies
5390,Boneless Beef Chuck Roast
5392,Ground Coffee and Chicory
5393,Organic Whole Chocolate Milk
5395,Water Resistant Mascara (black)
5404,Dark Red Kidney Beans Reduced Sodium
5405,Chipotle Hot Sauce
5406,"Triple Zero Vanilla, Blended Greek Nonfat Yogurt"
5415,Organic Grade A Raw Honey
5420,V Fusion Pomegranate Blueberry 100% Vegetable & Fruit Juice
5422,Deluxe Everything Bagels
5426,"Chocolate, 40%, Creamy Milk"
5428,1 Liter
5432,Umcka Cold Care Chewable Tablets Cherry Flavor
5433,Superfood Bar Maca Maple Organic
5436,Diced Green Chiles
5438,Prosciutto
5439,Cream of Mushroom Soup
5445,Protein Zone Protein Juice Smoothie
5449,Margherita Pizza
5450,Small Hass Avocado
5451,Organic Zucchini Spirals
5456,Green Tea With Ginseng and Honey
5460,Butter
5463,Original Oat Bar
5465,Facial Tissue With Aloe Lotion
5468,Brown N Serve Turkey Sausage Patties
5469,Organic Nuts And Vanilla Nut Milks Blend
5475,Organic Blue Agave
5477,Roasted Pine Nut Hommus
5479,Italian Sparkling Mineral Water
5483,Organic Flax Oil Supplement
5484,Hibiscus Mint Frozen Pops
5485,Pumpkin Seeds
5487,Unsweetened Strawberry Kiwi Water
5491,Stage 1 Apples Sweet Potatoes Pumpkin & Blueberries Organic Pureed Baby Food
5496,Cold Brew Coffee Can
5499,Organic Cream Of Chicken Condensed Soup
5513,Grooves Zesty Cheddar Ranch Crackers
5514,Organic Homogenized Whole Milk
5531,Cool Mint Chocolate Energy Bar
5535,Large Brown Free Range Eggs Grade A
5539,Organic SprouTofu Silken Tofu
5545,Cage Free Real Egg Product
5547,Roasted Sesame Seaweed Snacks
5550,YoBaby Peach Pear Yogurt
5552,Toasted Almond Gelato
5557,100% Pure Eucalyptus
5559,Cream Of Mushroom Soup
5563,Chicken & Broccoli Pasta Bake
5564,Original Unsweetened Dairy-Free Beverage
5566,Caesar Supreme Salad Kit
5575,Cheddar Puffs
5578,Okra
5584,"Vitamin D3 Gummies, 1000 IU, Great Wild Berry Taste!"
5586,Original Glass Cleaner
5588,Organic Saffron
5589,Tangerine Fruit Juice
5590,Oatmeal Cereal
5595,Almond Joy Creamer
5597,"Deep Green Blends, Kale"
5603,Organic Green Peas
5605,Sesame Seed
5612,Reduced Fat Milk
5613,Butter Top Whole Grain Wheat Bread
5615,White Miso Soup Mix
5616,Mexican Papaya
5617,Original Style Spaghetti Sauce Spices & Seasonings
5618,Cauliflower
5620,100% Recycled 1 Ply White Napkins
5621,Sea Salt Fine Crystals
5626,Silky Touch Shavers
5634,Organic Pasture Raised Local Eggs
5636,Vanilla and Chocolate Low Fat Ice Cream Sandwiches
5640,Vanilla Soy Creamer
5642,Organic Stage 3 Spaghetti with Cheese 6 Ounce Jar
5646,Organic Turkey Bacon
5649,La Vodka Cooking Sauce
5652,Organic Red Potatoes
5661,Instant Mashed Potato
5665,Original Soft & Chewy Candy
5666,Frizz Ease Secret Weapon Touch-up Crème
5670,Broccoli Pancakes
5677,Children's Silly Strawberry Fluoride Free Toothpaste
5680,All Natural Homogenized Vitamin D Milk
5682,Taro Puffs
5684,Gluten Free Multi Seed Rice Thin Crackers
5690,Organic Tangellos
5692,Cinnamon & Spice Instant Oatmeal
5696,Soothing Aloe Vera Liquid Hand Soap Refill
5699,Gluten Free Mushroom Risotto Bowl
5707,Dark Chocolate Cinnamon Pecan Bar
5708,Original Turkey Jerky
5710,Fresh Care* Flushable Cleansing Cloths Refill
5716,Original Buttery Spread
5718,Balsamic Capers
5723,Popped Corn Chips Kettle
5725,Black Pearls Medium Pitted Ripe Olives
5732,Medium Salsa Con Queso
5734,Pizzeria-Style Crust Supreme Speciale Pizza
5735,Spicy Harissa Sauce
5742,Caramel Flavored Topping
5744,Unsalted Chicken Stock
5746,Heavy Cream
5748,Free and Gentle High Efficiency Liquid Laundry Detergent
5750,Total Plain Greek Strained Yogurt
5760,Natural Gluten-Free Beef Corn Dogs
5764,Organic SprouTofu Teriyaki Tofu Cutlets
5769,Organic Chicken Stock
5770,97% Fat Free Beef Franks
5771,Blueberry Muffin Fruit and Nut Bar
5780,Head To Toe Baby Wash
5782,Grade A Large White Eggs
5785,Organic Reduced Fat 2% Milk
5793,Rehab Tea + Lemonade + Energy
5794,House Blend Deep Roast Ground Coffee
5795,Light Classic Lime Margarita Mix
5798,Pick-A-Size Giant Roll Paper Towels
5800,Natural Mango Essenced Sparkling Water
5803,Fresh Tilapia Fillets
5805,Stage 2 Chicken Casserole with Vegetables & Rice Organic Baby Food
5808,Turkey Pastrami
5812,Natural Calm Magnesium Supplement
5818,White Onion
5819,Baby Carrots
5823,Tiramisu Torte
5824,Mexican Lime & Cilantro Diced Tomatoes
5825,Organic Celery
5830,Thick Cut Sea Salt Potato Chips
5843,Cold 'n Cough 4 Kids Night Time Syrup
5855,Whole American Red Snapper
5856,Dish Soap Lime Zest
5857,Pickles Kosher Dills
5858,Three Sisters Chili
5859,Dishmate Ultra Grapefruit Dishwashing Liquid
5867,Gluten Free Popped Apple Cinnamon Rice Crisps
5875,Roasted Garlic & Gruyere Cheese Smoked Chicken Sausage
5876,Organic Lemon
5878,Organic Ground Cardamom
5882,Viola! Family Size Alfredo Chicken
5883,Organic Strawberry Lemonade
5884,Royal Gala Apples
5902,"Rice Crackers, Original"
5907,Apple Cinnamon Fig Bar
5911,Hand Soap Lavender & Coconut
5912,Organic Tarragon
5914,Organic Grapefruit Honey Lightly Sweetened Iced Green Tea
5918,Single Serve Cheese Pizza
5919,"Juice, Pineapple Coconut"
5922,"Honest Face, Hand, & Baby Wipes"
5923,Traditional Favorites Four Cheese Pasta Sauce
5928,Grillers Original Burgers
5932,All Natural Extra Fancy Pine Nuts
5933,Wild Caught Frozen Sockeye Salmon Fillet
5938,Savory Salmon
5939,Light Sodium Brown Rice and Vegetable Bowl
5947,"Hot Pocket  Applewood Bacon, Egg and Low Fat Cheese Breakfast Sandwich"
5951,Living Butter Lettuce
5958,Rainbow Chard
5959,Four Cheese Thin Crust Pizza
5961,Sliced Black Olives To Go
5962,Teriyaki Chicken
5965,Barolo Salami
5967,Five Cheese Garlic Toast
5968,Crushed Tomatoes in Rich Puree
5969,Black Bean Tortilla Chips
5970,Whole Grain White Bread
5971,Salt & Pepper Pistachios
5973,Spicy Avocado Hummus
5976,Veggie Lover's Salad Blend
5985,Red Bell Peppers
5987,Mandarins
5989,Sliced Tamed Jalapeno Peppers
5991,Bok Choy
5994,Traditional Refried Beans
6000,Organic Baby Romaine
6003,Berry Valley Blueberries
6004,Mango Protein Plus Shake
6006,Good Buddy Meaty Center Bone
6008,Organic Apples
6011,2 In 1 Thickening Shampoo & Conditioner
6013,Organic Sun Dried Dates
6017,Black Label Real Bacon Pieces
6023,Watermelon Lime Sparkling Mountain Spring Water
6036,Cinnamon French Toast Sticks
6037,Neti Pot
6039,Chromium Picolinate - 500mcg
6046,Boneless Skinless Chicken Breast
6052,Eggo Chocolate Chip Waffles
6061,Wax Paper
6069,Maple Pumpkin Seeds with Sea Salt Chewy with a Crunch Granola Bars
6073,Vanilla Yogurt Rasins
6074,Mixed Fruit
6077,"Traditional Crust Supreme (Sausage, Pepperoni, Green Peppers, Red Peppers, Onions) Pizza"
6087,Fresh Goat Cheese
6089,Super Chunk Extra Crunchy Natural Peanut Butter Spread
6094,Sandwich Spread
6099,Keurig Nantucket Blend Medium Roast Coffee K Cups
6101,Farfalle No. 93
6104,Whole Milk Plain Yogurt
6105,Junmai Sake
6107,Gourmet Jelly Beans 30 Flavors
6110,Maifun Brown Rice Noodles
6111,Mediterranee Strawberry Yogurt
6127,Lite Chunky Blue Cheese Dressing and Dip
6128,Original Fresh Stack Crackers
6129,Golden Flaxseed
6135,Cream Of Tartar
6137,Merlot
6138,Corn Oil
6139,Original Restaurant Style Party Size Tortilla Chips
6141,Low Sodium Beef Broth
6142,Roasted Garlic Family Size Hummus
6146,Zero Root Beer
6150,California Diced Pears Bartlett Pears in Light Syrup
6154,ForceFlex Odor Shield Tall Kitchen Drawstring Bags Febreze Fresh Clean Scent Mega Pack
6155,Original String Cheese
6162,Small Square Containers & Lids
6166,Baked Whole Grain Wheat Cracked Pepper & Olive Oil Crackers
6173,Pitted Castelvetrano Olives
6177,Dijon Mustard Squeeze Bottle
6182,Natural Artesian Bottled Water
6184,Clementines
6185,Sharpened No. 2 Pencils
6187,Raisin Bran Cereal
6188,Organic Apple & Butternut Squash Baby Food
6193,Organic Fancy Shredded Mozzarella Cheese
6194,Organic Red Kidney Beans
6195,Eggo Mini Homestyle Waffles
6197,Chicken Tikka Masala
6199,At-Home Dry Cleaner
6201,Bite Size Tortilla Chips
6209,TAB
6210,Kitchen Scrubber Sponge
6212,"White meat chicken, shredded cabbage, julienne yellow carrots and spicy red coconut flavored curry Thai-Style Chicken Spring Rolls"
6213,Kellogg's Corn Flakes Cereal
6216,Condensed Chicken Broth
6218,Organic Avocados
6221,Fish Nuggets
6224,Simply Clean Fragrance Free Wipes
6225,Baked Pizza Goldfish Crackers
6229,Organic Tapioca Starch
6230,Organic Hemp Hearts
6232,Minced Onions
6235,Gluten Free Vegan Chocolate Chocolate Chip Protein Bar
6238,Lettuce Red Butter Organic
6243,Extra Creamy Chocolate Ice Cream
6244,Club Soda Lower Sodium
6245,Baby Vegetable Medley Steamers
6252,Frijoles Negros Black Beans
6258,Fit Triple Berry Crunch Whole Grain Granola
6264,Lady Stella Cookies
6267,Good Mood Tonic
6268,Pain Rustique French Bread
6274,Squeeze Pouch Sour Cream
6278,Coconut Cream
6286,Half and Half
6287,Organic & Raw Strawberry Serenity Kombucha
6291,Ezekiel 4:9 Flax Sprouted Grain Bread
6292,Organic Fire Roasted Corn
6296,Farmhouse-Style Sausage Scramble
6297,Cheese Puffs Original
6300,Light & Lean Pasta & Veggie Bowl
6309,Greek Yogurt Flip Smore Smore's Sweet Vanilla Low Fat
6317,Vanilla Sandwich Creme Cookies
6318,Oikos Triple Zero Greek Vanilla Yogurt Cups
6326,Extreme Dark Chocolate
6328,Casera Medium Salsa
6334,Roasted Turkey and Vegetables
6335,Lettuce Romaine Hearts
6336,Organic Soft White Bread
6338,"Red Classic, Sugar-Free"
6340,Frosted Flakes Cereal
6341,Brown Eggs
6343,"Pizza Poppers, Three Cheese"
6344,Spicy Pickle Spears
6347,Unsweetened Almond Milk
6348,Mini Original Babybel Cheese
6358,Natural Artichoke Hearts Quartered
6359,Mango Nectar with Alphonso Mangos
6361,Soft Potato Bread
6366,Ultra Plush® 3 Ply Double Toilet Paper Rolls
6369,Chunky Peanut Butter
6371,Fresh Frozen Strawberries
6375,High Protein Bar Creamy Peanut Butter
6377,Raspberry Chocolate Chip Gelato
6378,Seasonal Lager
6381,Grillers Prime Burgers
6383,All Whites 100% Egg Whites
6384,Almond Chia Granola Clusters
6385,3 Ply White Tissues Go Packs
6386,Buckwheat Hulled Whole Grain
6390,Organic Vitality Snack Green Magic Chia
6399,Sliced Bamboo Shoots
6400,Almond Acai Lite Bar
6402,Sprouted Whole Grain & Seed English Muffins
6403,Slow Churned Light Mint Cookie Crunch Ice Cream
6405,30% Less Sodium Chili Seasoning Mix
6411,"Delights Honey Wheat Flatbread Turkey Sausage, Egg & Cheese"
6414,Clean Care Big Roll Toilet Paper
6422,Big Roll White Paper Towels
6423,Fruit Roll-Ups Tropical Tie-Dye Fruit Flavored Snacks
6438,Light Original Almond Milk
6442,Central Coast Chardonnay
6447,All Natural Bar Peach
6448,Smartfood White Cheddar Cheese Popcorn
6451,Peanut Butter Pretzels
6452,Organic Berry Strawberry Flax Plus Chewy Yogurt Granola Bars
6457,Organic Koala Crisp Chocolate Cereal
6462,Fava Beans
6468,I Can See Clearly Wow! Glass Cleaner
6470,Simple Favorites Fettuccini Alfredo
6471,Creamy Italian Garlic Dressing
6472,Mini Quiche Florentine
6473,Bag of Lemons
6474,Organic Sparkling Cider
6475,Limonata Sparkling Lemon Beverage
6478,Better Than Cream Cheese - Plain Imitation Cream Cheese
6481,Vanilla Almond Coffee Creamer
6482,Olive Oil Baked Potato Chips
6484,Sponge Regular
6489,Backyard Barbeque Potato Chips
6491,Hommus Roasted Eggplant
6494,Chocolate Snakaroons
6497,Chocolate Sandwch
6506,Snacks Sharp Cheddar Sticks Cheese
6508,Oh My Yog! Madagascar Vanilla Trilayer Yogyurt
6518,California Blend Vegetables
6519,Hot Cocoa Mix
6522,Vanilla Soymilk
6531,Organic Smoothie Pineapple/Banana/Spinach
6532,Organic YoKids Very Berry Smoothies
6533,1% Lowfat Organic Milk
6536,Multi-Surface Concentrate Basil
6541,Organic Baby Food Banana Beet & Blueberry
6543,"Garam Masala, Organic"
6550,Fridge and Freezer Baking Soda Pack
6552,Crunchy Chocolate Chip Chia Granola & Seed Bars
6555,Parmesan Beef Meatballs
6556,Organic Cookies Shortbread
6567,Chocolate Peanut Butter Protein Bar
6568,Snacks Mango
6571,Kaedama Ramen Noodles
6576,White Cheddar Baked Snack Crackers
6583,Oraganic Lemon Elation Yerba Mate Drink
6585,100% Pure Organic Apple Juice
6586,Super Garlic Croutons
6587,Lightly Salted Chips
6598,Butternut Spirals Organic
6606,Gluten Free Garden Vegetable Lasagna
6615,Mozzarella Cheese
6616,Raspberry Dark Chocolate bar
6623,Lunchables Uploaded Deep Dish Pizza with Pepperoni
6629,Mangolicious
6631,No Pulp Calcium & Vitamin D Pure Orange Juice
6635,Toilet Paper Double Rolls
6636,Organic Power Blend Mixed Vegetables
6638,Organic Brown Rice Crisps Cereal
6644,Mozzarella Di Bufala
6646,Garlic & Parmesan Plentils
6647,Navel Orange
6649,Organic Oil Canola
6651,Organic Spelt English Muffins
6655,Almond Milk Vanilla Frozen Dessert Sandwich
6656,Organic California Style Sprouted Bread
6664,Organic Whole Peeled Plum Tomatoes
6667,9oz Paper Cold Cups
6668,Square Dessert Plates
6669,Breakfast Scramble Wrap
6677,Organic Whole Mushrooms
6679,"Organic 2nd Foods Apples, Blueberries & Spinach Baby Food"
6680,Potato Gnocchi
6686,Beddar with Cheddar Smoked Sausage
6689,Complete Clean Power Toilet Bowl Cleaner Value Pack
6692,Lightly Seasoned Chick'n Scallopini
6698,Chocolate Chip Muffin & Quick Bread Mix
6701,Chips Ahoy! Brownie Filled Chocolate Chip Chewy Cookies
6713,Organic Super Tampons No Applicator
6715,Grinder Sea Salt
6719,Mini Babybel White Cheddar Cheese
6721,Organic Mushroom Broth
6722,Roasted Jalapeno Tortilla Chips
6724,Dark Chocolate Cocoa Roast Almonds 100 Calorie
6725,Day/Night Cold Formula Effervescent Tablets Multi-Symptom Relief
6729,Cookie Tray
6734,Black And White Cold Brew Coffee With Almondmilk
6735,Applesauce On The Go Apple Cinnamon Pouches
6740,Organic Braeburn Apple
6747,Sea Minerals Foaming Hand Wash
6750,Cheese Ravioli with Sauce Bowls
6757,Beer Lager
6758,Hearts Of Palm
6760,Organic Iced Green Tea
6765,Flat Fillets Anchovies
6770,Stone Fired Pepperoni Pizza
6772,Totopos Chips
6774,Brown Fertile Large Grade AA Eggs
6789,Whole Mushrooms
6790,Lite Luncheon Meat
6795,Organic Garlic Granules
6798,18-in-1 Hemp Eucalyptus Pure Castile Soap
6799,Revive Zero Vitamin Water
6809,Berry Bunnies Cereal Organic
6819,Training Pants Disney Cool & Learn 3T-4T
6822,Organic Iced Black Coffee
6829,Quest Bar Chocolate Chip Cookie Dough Protein Bar
6833,Udo's Choice Super 8 Probiotic Capsules
6840,Mini Lint Roller
6845,Tomatoes Medley Mix
6846,Diet Pepsi Pack
6848,Party Tumblers
6852,4% Milkfat Cottage Cheese Small Curd 22 OZ
6859,Barbeque Flavor Texas Veggie Burger
6860,Organic Balsamic Vinaigrette
6863,Salted Peanut Butter With Chocolate Flecks Ice Cream
6867,Lunchables Turkey & American Cheese Cracker Stackers
6870,Fresh Pressed Coconut Oil
6871,Smoked Gouda
6873,Organic Iceberg Lettuce
6880,for Tots Apple White Grape Juice
6889,Whole Natural Almonds
6891,Apple Peach Oatmeal Stage 2
6893,Apple Pear & Peach Squeezable Fruit
6899,Boneless Skinless Chicken Breasts with Rib Meat
6901,Raisin Bran
6902,Caramel Fudge High Protein Bar
6910,Bacon Egg & Cheese Frozen Sandwiches
6911,"Premium Dinner Napkins, 3-Ply"
6912,Big Slice Cheddar Sharp Cheese Slices
6913,Mashed Potatoes Sour Cream & Chives
6920,Cave-Aged Kaltbach Gruyere Cheese
6922,Green Tea Mochi Ice Cream
6933,Strained Whole-Milk Yogurt Blueberry
6934,Chubby Hubby Ice Cream
6946,Baked Whole Wheat Pita Chips
6948,Organic Original Almond Milk
6956,Steamed White Rice
6960,Grenadine
6969,Original Unsweetened Apple Sauce
6972,Mayo Made With Avocado Oil
6975,World Cuisine Certified Halal Chicken Tikka Masala With Basmati Rice
6980,Toma
6981,Vanilla Snakaroons
6985,Alfredo Sauce
6991,Crunchy Oats 'n Honey Granola
6994,Extra Strong 30 Gallon Large Trash Bags
7001,"Granola, Homestyle, Double Chocolate Chunk"
7004,Recolte Wine
7010,Organic White Basmati Rice
7014,Dishwasher Gel Free & Clear
7018,"Pasta Sauce, Vodka Sauce"
7020,90 Minute Imperial Ipa
7021,Organic Tomato Paste
7026,"Sparkling Mineral Water, Natural Lemon Flavor"
7035,Peanut Butter Ice Cream Cup
7040,Smiles Mashed Potato Shapes
7041,Pecorino Romano
7042,Rutabagas
7043,Wheat Hot Dog Buns
7049,Nutrient Enhanced Water
7050,Pork Carnitas Burrito
7051,"Happy Tot Banana, Peach, Prune & Coconut Organic Superfoods"
7054,Low Fat Plain Yogurt
7058,Vidalia Onions
7059,Flour & Water Matzos
7067,"Juice, Watermelon + Peach, Comfort"
7070,Guacamole Seasoning Mix
7076,Grain Free Chicken Formula Cat Food
7079,Organic Alfalfa Sprouts
7085,Spearmint Antibacterial Toilet Bowl Cleaner
7087,Corn Flour
7088,Organic Cheddar Bunnies
7089,Jojoba Oil
7090,Ciabatta
7093,Chicken Party Wings
7103,Country Honey Whole Wheat Bread
7114,Recharge Thirst Quencher With Electrolytes Grape
7116,Large Enriched Bread
7118,Chocolate Chip Energy Bars
7120,Organic Whole Wheat Sourdough Bread
7123,Toilet Bowl Cleaner Clinging Bleach Gel
7125,French Fries
7126,Original Ground Coffee
7131,Light Semisoft Cheese
7139,Sooo Good Light Roast Coffee
7140,Deep Clean Invigorating Foaming Scrub
7141,Party Mix Crunch Mixed Grill Cat Treats
7147,Classic Baby Creamers Potatoes
7150,Organic Raw Honey
7155,Apple Kombucha
7156,Traditional Plain Greek Yogurt
7158,Light Vanilla Almond Milk
7160,Clear Cups
7170,Dark Magic Extra Bold Dark Roast Coffee K Cups
7175,Organic Whipped Naturally Buttery Spread
7178,Original Tequila Reposado
7179,Chopped Pecans
7185,Rosemary Mini Croccantini
7189,Medium Square Containers & Lids
7206,Cilantro Avocado Yogurt Dressing
7211,YoKids Organic Low Fat Strawberry Banana Yogurt
7212,Organic Quinoa Fusilli Pasta Gluten Free
7217,Sweet Dreams Whole Grain Enrobed in Dark Chocolate Organic Rice Cakes
7225,Organic Mint Galactica Non-Dairy Frozen Dessert
7228,Organic Italian Dressing
7230,"Ramen Noodle Soup, Beef Flavor, Family Pack"
7249,Crunchy Rice Rollers
7251,Erewhon Organic 100% Whole Grain Honey Rice Twice Cereal
7252,Deep Green Blends Kale
7260,Milk Chocolate Almond Bar
7261,Elderflower Liqueur
7266,Mini Cheeseburgers
7267,Sugar Free Rosemary & Roasted Garlic Vinaigrette
7274,Cheese & Pepperoni Mini Bagels
7283,Sprouted Wheat Bread
7285,Mr Pita Plain Pita Bread
7286,Broccoli Crowns
7295,Pop-Tarts Frosted Brown Sugar Cinnamon Toaster Pastries
7299,Primordial Himalayan Sea Salt
7300,Everyday Soak Proof Foam Plates
7301,Diet Cranberry Pomegranate Juice
7304,Vanilla Maple Frozen Dessert
7306,Oats & Peanut Butter Chewy Bars
7308,Organic Hazelnut Spread
7310,Organic Chocolate Coconut Milk
7314,Organic Quick Rolled Oats
7315,Gluten Free Sprouted Seed Bread
7321,Beyond Salmon & Sweet Potato Dog Food
7325,Dark Blackout Organic Chocolate
7331,Protein Energy Bar Original French Vanilla Creme
7337,Supremo Pork Chorizo 12 Oz.
7338,Island Mango Premium Fruit Snacks
7344,Zucchini Soufflé
7349,"Bread, Sliced, Extra Sourdough"
7350,Natural Lime Flavor Sparkling Mineral Water
7351,Multi-Cat Extra Strength Clumping Unscented Cat Litter
7353,"Dill, Sea Salt & Olive Oil Crackers"
7358,Verde Salsa
7361,Herb Crackers
7364,Red Mild Enchilada Sauce
7371,Chocolate Chip Cookie Dough Bar
7376,Stainlifters Small & Mighty Super Concentrated Liquid Laundry Detergent
7379,French Beans
7381,Dark Chocolate Frozen Dessert bars
7388,"Salsa, Roja, Hot"
7389,Premium Diet Black Cherry Soda
7391,Beef Bologna
7393,Santa Cruz Sourdough
7396,Exhilarations White Lavender & Sandalwood Fabric Softeners
7398,Indian Samosa Wrap
7401,Raw Chocolate Cacao Nibs
7405,Rising Crust Sausage & Pepperoni Pizza
7407,Freshmates Double Pack Adult Flushable Wipes
7411,Chicken & Dumplings Organic Soup
7412,Gluten-Free Red Hot Blues Made with Organic Blue  Corn Tortilla Chips
7413,Chocolate Peppermint Stick Bar
7414,Wheat Hamburger Buns
7419,Sweet Red Grape Tomatoes
7431,Original Creme De Brie Spreadable Cheese
7437,Febreze Meadows & Rain Scent Multi Purpose Cleaner
7438,Medicated Lip Ointment
7443,Classic Recipe Milk Chocolate Bar
7447,Coffee Filters Basket Style 8 to 12 Cup
7452,Base Peanut Butter Chocolate Protein Bar
7456,Organic Poblano Pepper
7461,Pinto Beans No Salt Added
7468,Slow Churned Light Vanilla Bean Ice Cream
7474,Organic Shallot
7478,Hoisen Sauce
7483,Chive & Onion Cream Cheese Spread
7484,Southern Butter Pecan Gelato
7485,Garlic Hummus
7491,Sea Salt Baked Fresh Pasta Snack
7493,Mediterranean Thin Crust Pizza
7494,0% Fat Black Cherry Greek Yogurt y
7500,Organic Vanilla Extract
7501,Original Seasoned Salt
7503,Whole Almonds
7508,Organic Decaf Black Tea
7509,Vanilla Almond Milk
7510,Organic Pure Icelandic Nonfat Yogurt
7515,Spinach And Ricotta Ravioli
7518,Chicken Flavored Bone 4 Inch Dog Chew
7520,"Tempeh, Organic, Soy Cake"
7521,New Orleans Iced Coffee
7522,Grilled Salmon
7528,Mushroom Pieces & Stems
7533,Low-Fat Strawberry Banana on the Bottom Greek Yogurt
7538,Doubleshot Light Espresso and Cream Coffee Drink
7539,Organic Chewy Chocolate Banana Bites
7542,Ready to Serve Brown & Wild 4.4 Oz Rice
7547,Blueberry Mini Muffins
7551,Valenica Orange Eznzyme Drain Maintainer
7554,Organic Maca Mocha Elixir
7556,Milk Chocolate with Butter Biscuit
7557,Natural Monterey Jack Cheese
7559,Cinnamon Rolls with Icing
7562,Asian Vegetable Ramen
7571,Vegetarian Vegetable Condensed Soup
7576,Sugar Free Cherry Sore Throat Spray
7585,Most Pulp 100% Orange Juice
7588,Clean Linen Concentrated Bleach
7589,Organic Chopped Roasted Garlic
7590,Specialties Fresh Cut Green Lima Beans
7598,Organic Unsweetened Creamy Cashewmilk
7600,Mild Chunky Salsa
7606,Greek 100 Protein Vanilla Fat Free Yogurt
7607,Cinnamon Roll Bar
7608,Night Time Cold & Cough Syrup Grape Flavor
7610,Organic Inner Fillet Aloe Vera Juice
7615,Pure Goat Milk Cheese Log
7619,Antibacterial Kitchen Cleaner Citrus Scent
7622,Organic Chicken & Wild Rice Soup
7625,Dual Action Cherry Cough Drops
7628,"Dressing, Jersey Sweet Onion, Calorie Free"
7631,Broccoli Bunch
7632,Old Style Whole Grain Dijon Mustard
7641,Gluten Free Extra Crispy Fast Food French Fried Potatoes
7644,Scoops! Tortilla Chips
7646,Artisan Sesame Seeds Nut & Rice Cracker Snacks
7647,Turkey Meatballs
7648,Red Raspberry Preserves
7649,Whole Wheat Tandoori Naan
7658,Soft Baked Chocolate Chip Cookies Gluten Free
7660,"Pull 'n' Peel Candy, Cherry"
7664,Marshmallows
7667,The Original Charcoal Briquets
7669,Premium Ginger Ale
7673,Organic SprouTofu Super Firm Tofu
7675,Riesling
7676,Organic Lowfat Plain Yogurt
7677,Strawberry Banana Flavored 4 Juice Smoothie Blend
7678,Kronos 6 Inch Handmade Pita Bread
7681,"Master Brew Kombucha, Tart Cherry"
7682,Hello Hydration Moisturizing Shampoo
7688,All Natural Whole Grain Ancient 12 Grains Bread
7693,Cran-Raspberry Flavored Sparkling Water
7702,Macaroni & Mild Cheddar Cheese
7704,Liquid Aminos All Purpose Seasoning
7705,The Complete Peanut Butter Cookie
7707,Pure Pomegranate Juice
7715,Rosemary Ham
7725,Fiber Whole Grain Crispbread
7733,Chardonnay California
7736,Premium Original Saltine Crackers
7738,Philippine Mango
7746,Oregano
7748,Medium Roast Cafe Domingo Ground
7751,Tomato Ketchup
7753,Dark Chocolate Pumpkin Seed Bark
7754,Take & Toss 10oz Cups w/ Straws
7756,Lemon Mint All-Purpose Cleaner
7757,Deep Clean Oil Free Makeup Remover Cleansing Wipes
7758,AAA Max Alkaline Batteries
7761,Peanut Butter
7762,Vodka Pasta Sauce
7772,Digestives Dark Chocolate
7776,White Dinner Rolls
7778,Spirals Macaroni & Cheese Dinner
7781,Organic Sticks Low Moisture Part Skim Mozzarella String Cheese
7786,Marketplace  Asparagus & Cheese Ravioli
7788,"Deli Fresh Smoked Ham, 97% Fat Free, Gluten Free"
7805,Iceberg Garden
7806,Soft Pretzel Burger Buns
7807,Cinnamon Vanilla Creme Liquid Coffee Creamer
7808,Mango Grapefruit Water
7810,Venus Original Women's Razor Refills
7815,Grape Blended Low-Fat Greek Yogurt Pouches
7821,Olive Oil & Vinegar Dressing
7825,Strawberry Candy Twists
7830,Organic Lower Sodium French Lentil Soup
7837,Bologna
7838,Seasoned Curly Fries
7854,Freeze Dried Mango Slices
7860,Jasmine Ready Rice
7862,Raw Shrimp
7863,Organic Diced Tomatoes with Italian Herbs
7868,Seaweed Salad
7877,Chicken Thighs
7886,Organic Traditional Soba
7893,Gluten-Free Lemon Wafers
7896,Whole Dried Blueberries
7898,Ginger Beer
7901,"Ice Pops Sugar Free, Orange, Cherry, Grape"
7909,Chile Con Queso
7911,Organic Fruitful Os Cereal
7912,Little Big Sprouted Grain Bread
7914,Organic Asparagus
7916,Grilled Chicken Breast
7922,Blueberry Sheep Milk Yogurt
7923,Apple Puffs Finger Foods
7924,Coconut Chocolate Protein Bar
7925,Extra Lean Ground Turkey Breast
7926,Pacific Kombu
7930,Apples & Cinnamon Instant Oatmeal
7936,Organic Garlic Hummus
7948,Organic Unsalted Butter
7951,Creamy Supreme Chocolate Fudge Frosting
7952,Chicken & Apple Breakfast Sausage
7955,Karamel Sutra Core Ice Cream
7963,Gluten Free Whole Grain Bread
7964,Unsweetened Black & White Cold Brew Coffee With Almond Milk
7968,Select Fat Free Skim Milk
7969,Lime
7970,Graduates Lil Crunchies Veggie Dip
7972,ZzzQuil Liquid Warming Berry Flavor Sleep-Aid
7976,One Plant-Based Chocolate Flavor Nutritional Shake Drink Mix
7978,Black Pepper Corns Mill Organic Spices
7987,Hazelnut Spread with Cocoa
7992,Natural Choice Honey Deli Ham
7993,Dressing & Sandwich Spread Made with Olive Oil
7999,Fully Cooked Original Pork Sausage Links
8006,Chopped Organic Garlic
8012,Pizza 4 Cheese
8013,Cup Noodles Chicken Flavor
8015,Mangos No Sugar Added Diced in Water Fruit Cups
8016,Healthy Request Chunky Chicken Noodle Soup
8017,Sesame Street Big Bird's 100% Apple Juice
8021,100% Recycled Paper Towels
8022,Spinach Pizza
8025,Uncured Beef Hot Dogs
8027,Wheat & Gluten Free Snickerdoodle Cookies
8030,Salisbury Steak
8038,Peanut Butter Energy Protein Bites
8041,Organic Renew Vegetable and Fruit Juice
8047,Gluten Free Chicken Tikka Masala
8048,Packaged Grape Tomatoes
8049,Beef Jerky Original
8053,Organic Pineapple Chunks
8056,Berry Bounty Trail Mix
8057,Organic Chicken & Mozzarella Ravioli
8059,"Peanut Butter, Old Fashioned, Unsalted, Smooth"
8061,Pineapple Yogurt 2%
8065,Arctic Chill 16 Pieces Sugar Free Gum
8069,Rice Vinegar
8071,Pure Cane Sugar
8072,Donettes Powdered Mini Donuts
8073,Basmati Ready Rice
8075,Small Compostable Waste Bag
8076,Euro Classic Brioche Hot Dog Buns
8079,Premium Lots of Pulp Orange Juice
8087,Florida Orange Juice With Calcium & Vitamin D
8088,Organico Bello Tomato Basil Pasta Sauce
8091,Herb Slab Bread
8092,Organic Garlic & ButterCroutons
8103,Irresistible Dairy Free Slices Provolone Style Cheese Alternative
8104,Instant Espresso Coffee
8106,Everyday Shea Unscented Body Wash
8112,Almond Mozzarella Style Cheese Alternative
8119,Organic Whole Allspice
8123,Petite French Baguette
8135,Whole Cultured Buttermilk
8136,Bathroom Cleaner Natural Tub + Tile Cleaner
8137,"Face Wash, Original"
8138,Traditional Hummus
8143,Baker's Pure Cane Ultrafine Sugar
8149,Ready to Serve Long Grain White Rice
8153,Plain Non-Fat Greek Yogurt
8158,Relaxing Lavender Foam Bath
8164,Night Time Tea
8169,Organic Vegetable Lentil & Roasted Red Pepper Soup
8173,Boneless Ham Steak
8174,Organic Navel Orange
8180,Grands! Flaky Layers Honey Butter Biscuit
8181,Kettle Cooked 40% Less Fat Jalapeno Cheddar Potato Chips
8186,"Baby Food Pouch - Butternut Squash, Carrot & Chickpea"
8192,Ginger Ale Jamaican Style
8193,Russet Potato
8194,Fruit on the Bottom Greek Blueberry Nonfat Yogurt
8195,Paper Towels
8203,Ground Ginger
8204,Traditional Favorites Tomato & Basil Pasta Sauce
8205,"100% Juice, Pear Nectar"
8214,Easy Mac Original Flavor Macaroni & Cheese Dinner
8221,Fresh Goat Cheese Single Serve - 5 CT
8223,Cheese Stuffed Crust Three Meat Pizza
8224,Chicken Bouillon Cubes
8225,Pull-Ups Training Pants Learning Designs 3T-4T 32-40 Lbs
8226,Reduced Fat Cream Cheese
8228,Zero XXX Acai Blueberry Pomegranate
8229,Pain Reliever and Fever Reducer Tablets
8230,100% Recycled Bathroom Tissue
8237,Go Fresh Cool Moisture Beauty Bar Soap
8239,Peanut Butter Creamy With Salt
8242,Whole Grain White Hot Dog Buns
8245,RedHot Hot Buffalo Wings Sauce
8247,Eggo Nutri-Grain Whole Wheat Waffles
8251,Roasted Mushroom Pizza
8257,Mocha Nitro Cold Brew Coffee With Almond Milk
8260,Flavored with Meat Italian Sauce
8261,"Olive Oil, Parmesan & Roasted Garlic Oven Reds"
8264,"Orange Juice, California"
8269,Chunky Blend Vegetable Beef Pilaf Baby Food
8274,Fresh Cut Cauliflower & Broccoli Steam in Bag
8276,Organic Gala Apple Bag
8277,Apple Honeycrisp Organic
8290,Cream of Chicken and Mushroom Condensed Soup
8295,Ultra Strength Ointment
8297,Organic Heavy Cream
8302,Storage Gallon Zipper Bags - 20 CT
8309,Nonfat Icelandic Style Strawberry Yogurt
8324,Organic Bagged Mini Milk Peanut Butter
8339,Crackers Almond Flour Rosemary Sea Salt
8342,Pears D'Anjou Kid Size Fruit
8344,"A golden crust surrounding pieces of all white meat chicken, peas, carrots, celery and onions, in a gravy made with real cream White Meat Chicken Pot Pie"
8349,Shredded Coconut Unsweetened
8352,Outshine Tangerine Fruit Bars
8356,Pieces Candy
8357,100% Juice No Sugar Added Pure Pineapple
8358,Uncooked Corn Tortillas
8366,Lemon Clean Furniture Spray
8377,Ibuprofen Tablets 200mg Coated Caplets Pain Reliever/Fever Reducer
8379,Wild Smoked Sockeye Salmon
8381,34% Cacao Milk Chocolate Bar
8382,Organic Tomato Bisque
8384,Powdered Sugar
8385,Sliced Genoa Salami
8386,"4X Ultra Concentrated Natural Laundry Detergent, Geranium Blossoms & Vanilla"
8390,Diet Ginger Ale
8392,Organic Tamari Gluten Free Soy Sauce Reduced Sodium
8394,Skin Trip Coconut Soap Bar
8399,"Core Grain Free Turkey, Chicken Liver & Turkey Liver Natural Canned Dog Food"
8409,Advance White Fluoride Anticavity Tartar Control Extreme Whitening Fresh Mint Flavor Toothpaste
8412,Green Peas No Salt Added
8414,Traditional Scottish Style Smoked Salmon
8421,Maxi Pads
8424,Broccoli Crown
8428,Fresh Squeezed IPA
8433,Pronto Penne
8442,Caffeine Free Peach DeTox Tea
8448,Arrabiata Pasta Sauce
8451,Cheese Tortellini
8454,"Fruit & Veggie Strip, Wildberry Apple"
8460,Hearty Thick Cut Bacon
8467,Cinnamon Raisin Bread
8474,Natural Swiss Cheese Slices
8475,Diet 12 Oz Ginger Ale
8478,"Tortilla Chips, Clasico, Bacon Habanero"
8479,Original Black Box Tablewater Cracker
8481,Cracked Black Pepper Shaved 98% Fat Free Turkey Breast
8490,Strawberry Rhubarb Yogurt
8494,Butter & Garlic Angel Hair Pasta
8497,Classic Cookie Collection
8500,"Bonito Flakes, Aged and Dried"
8501,Breakfast Blend Medium Keurig Brewed K-Cups Ground Coffee
8502,Raisin Bran Clusters Cereal
8505,Giant Foil Lasagna Pan
8506,Yellow Corn Taco Shells
8514,Egg Whites
8516,Ancient Grain Granola Cranberry Pecan
8518,Organic Red Onion
8523,Scoops
8528,Flax Plus Red Berry Crunch Cereal
8532,Garbanzo Bean Curry Pie
8536,Green Leaf Shreds
8539,Organic Chicken with Lemongrass Bone Broth
8548,Organic Sparkling Cucumber Lemon Coconut Water
8555,Sweet Potato Tortilla Chips
8570,Peeled Shallots
8571,Baby Cucumbers
8572,Meat Lovers Breakfast Bowl
8574,Squash & Sweet Peas Stage 2
8575,Unprocessed American Singles Colby-Style Cheese
8576,Simply 100 Crunch Blk Cherry
8580,VitaminWater Zero™ XXX Acai Blueberry Pomegranate
8587,Family Pack Bean & Cheese Burritos
8590,Ground Turkey
8594,Organic Country Style Barbeque Potato Chips
8607,Mango Slices
8608,Complete Omega 3 6 9
8614,Organic Greens & Pineapple Juice Blend
8615,Sparkling Pomegranate
8619,Organic Letter of the Day Very Vanilla Cookies
8635,Sweet & Salty Nut Granola Bars
8637,Diet Pepsi
8638,Vanilla Milk Chocolate Almond Ice Cream Bars
8640,Invisible Solid Spring Breeze Antiperspirant/Deodorant 2.6 oz AP/DO & Body Spray
8645,Buffalo Style Boneless Chicken Wyngz
8654,Pasta Joy Ready Organic Brown Rice Pasta Penne
8659,Fabanaise
8666,Organic Sun-Ripened Tomato & Basil Bisque
8667,Organic Pure 85% Dark Chocolate Bar
8668,Homemade Vanilla Ice Cream
8670,Diced Tomatoes
8671,Semi-Sweet Chocolate Premium Baking Chips
8676,Simply Salt Rice Snacks
8678,Gallon Zipper Storage Bags
8680,Natural Choice Smoked Sliced Deli Turkey
8693,Dairy Free French Vanilla Creamer Almond Milk
8694,Zero Calorie Strawberry Soda
8695,Hot! Jalapeno Potato Chips
8707,Cheddar & Sour Cream Potato Chips
8710,Dairy Free Coconut Milk Blueberry Yogurt Alternative
8711,Mesquite Bar-B-Que Potato Chips
8717,Ezekiel 4:9 Original Sprouted Grain Crunchy Cereal
8723,Creamy Chocolate Frosting
8725,Pure Granulated Sugar
8727,"Peperoncini, Greek, Sliced Golden"
8728,Truffle Popcorn
8730,Comfort Roasted Turkey Breast Dinner
8732,Dipps Chocolatey Covered Chocolate Chip Granola Bars
8736,Synergy Organic & Raw Cosmic Cranberry
8743,Fully Cooked Turkey Sausage Patties
8744,Mixed Vegetables
8754,Iron + Herbs Liquid Extract Formula
8758,Orignial Recipe Chocolate Pudding
8761,Roma Style Tomatoes Tomato Sauce
8762,Premium Kids+ Orange Juice
8763,Grilling Spray
8773,Cuties Non Dairy Chocolate Frozen Dessert Sandwiches
8788,Maximum Strength Liquid
8792,90% Less Fat Organic Powdered Peanut Butter
8796,Traditional Chicken Barley Soup
8799,1st Foods Sweet Potatoes
8800,Cheddar Jack Fine Cut
8802,Organic Goji Berries
8803,Fully Husked & Trimmed Super Sweet Corn
8805,Vanilla Frozen Yogurt
8806,Original Roast Coffee
8808,Organic Prunes
8809,Organic Carrots
8811,Top the Tater Chive & Onion Sour Cream
8813,"Sensitive Skin Stain Remover & Color Booster, 24 Loads"
8820,Crushed Tomatoes with Basil
8824,Moist Supreme Premium Devil's Food Cake Mix
8827,Classic Creamy Goat Cheese
8834,Raspberry Lime Sparkling Seltzer Water
8835,Dark Chocolate Chia Bar
8838,French Bread Pizza Deluxe
8843,Milk Chocolate Covered Raisins
8845,Extra Clean Toothbrush
8851,100% Whole Grain Flaxseed Bread
8854,"Seasoning, Italian"
8859,Natural Spring Water
8860,"Sweet Peppers, Organic, Fire Roasted"
8861,Double Green Matcha Tea Bags
8865,Original Sea Salt Vegetable Chips
8866,Organic White Chocolate Peanut Butter Cups
8867,Artisan Multigrain Bread
8875,Frosted Animal Cookies
8882,Organic White Potato
8884,Lunchables Cracker Stackers Ham & American Cheese
8886,100% Organic Pineapple Slices
8896,Southern Style White Corn Grits
8898,Little Bites Chocolate Chip Muffins
8903,Semi-Sweet Mini Chocolate Chips
8908,Simply 100 Crunch Blueberry Cookie Crumble Non-Fat Greek Yogurt
8910,Smooth Almond Butter
8912,"Pears, Kale & Spinach Organic Baby Food"
8915,Rosewater
8920,Reduced Fat Sliced Swiss Cheese
8927,Organic Garlic Cilantro Salsa
8928,Buttery Homestyle Mashed Potatoes
8929,Organic Chicken Pot Pie
8935,Artisan Fig & Walnut Savory Balsamic Vinaigrette
8940,Organic Pizza Snack Mix Crackers
8954,Premium Pepperoni Pizza in Garlic Buttery Crust Sandwiches
8955,Basil
8956,Coconut Breaded Chicken Breast Tenders
8958,Danish Variety Pack
8959,Organic Balance Vanilla Bean Milk Protein Shake
8960,Original Raw Tigernuts
8968,Tangerine Juice
8969,Egg Fettuccine Pasta
8977,Belgian Custard Cream Mini Eclairs
8986,Vanilla Coconut Milk Yogurt
8988,Organic Garlic Powder
8993,Fruit Tea Sampler Herbal Tea
8995,"Oatmeal, Instant, Banana Maple with Flax"
9000,Organic Yellow Zucchini
9006,Naturе's Calorie-Free Sweetener
9007,Frosted Flakes
9009,Fuji  Apples
9018,All Natural Virgin Lemonade
9019,EF Honey Nut Rice Cakes Eco-Farmed Rice Cakes
9020,Boneless Skinless Chicken Thighs
9028,Virginia Ham
9036,Unsweetened Vanilla Cashew Milk
9038,American Cheese slices
9041,Organic Yellow (Ataulfo) Mango
9047,Premium Epsom Salt
9051,Organic Lowfat Creamy Australian Style Orange Passion Fruit Yogurt
9056,Magic Eraser Bathtub Cleaner & Scrubber Sponge 2ct. Surface Care
9058,Gluten Free Pizza Crust
9060,Organic Roasted Red Pepper & Tomato Bisque
9065,Mint Chocolate Cookie Ice Cream
9067,100% Natural Crunchy Peanut Butter
9068,Baked Whole Grain Reduced Fat Crackers
9072,Creamy Garlic Shells Italian Sides
9076,Blueberries
9077,Herbal Tea Lemon & Ginger Caffeine Free Tea Bags
9079,Large Rectangle Containers
9084,Chopped Onion
9088,Disinfecting Toilet Wand Refills
9092,Organic Vegetable Broth
9094,Organic Fruit Spread Apricot
9098,Carrot Bunch
9101,"Yogurt, Organic Icelandic, Nonfat, Vanilla"
9102,Organic Sopressata
9104,Rice Crust Roasted Vegetable Pizza
9106,Chocolate Pudding
9107,No More Tears Hand and Face Wipes
9114,Fume Blanc Sonoma County
9122,Organic Gluten Free Summer Berries Granola
9124,Broccoli & Cheddar Bake Meal Bowl
9130,Honey Graham Snacks
9137,Organic YoKids Squeeze! Straw-Nana-Rama Yogurt
9138,Lemon Italian Sparkling Mineral Water
9144,Cf Van Pmpkn Grnola 11
9154,Organic Classic Saltine Crackers
9155,Spinach Dip
9159,Chopped Ginger
9163,Cranberry Walnut Salad Cafe Bowl
9166,Cookie Dough Slow Churned Ice Cream
9170,Sensitive Skin Unscented Hypo-Allergenic Beauty Bar
9171,Organic Balsamic Vinaigrette Dressing
9172,Crepes
9175,Diet Coke Caffeine Free Soda
9176,Sesame Stir Fry with Chicken
9177,"Friends Honey, Chocolate & Chocolate Chip Bunny Grahams Whole Grain Snacks"
9178,Vegan Hickory & Sage Benevolent Bacon
9186,Culinary Coconut Milk
9187,Vanilla Creme Nutritional Shake
9188,Apple Cheese Grape
9189,Organic Avocados 5 Count
9192,Jumbo Turkey Franks
9194,Baja Breakfast Burrito
9199,Original Corn Chips
9203,Dairy Free Coconut Milk Raspberry Yogurt Alternative
9210,Fresh Whole Chicken
9212,Kombucha Ginger Bottle
9213,Cauliflower Crumbles
9214,Ground Chuck
9224,Gluten-Free Supergrain Pasta Elbows
9225,Selects Turkey Hot Dogs
9227,"Dulse, Wild Atlantic Sea Vegetable"
9238,"Cooking Sauce, Spicy Arrabbiata"
9239,Buttermilk Biscuits Value Pack
9242,Plantain Bananas
9244,Skinless Smoked Sausage
9261,Tomato & Basil Tomato Sauce
9264,"Turmeric Supreme, Vegetarian Liquid Phyto-Caps"
9265,Sesame Melba Rounds
9266,Organic Cheddar Classics Baked Crackers
9270,French Onion Dip Mix
9271,Fresh Roasted Peanuts Smothered with Nestle Classic Milk Chocolate Chocolate Covered Peanuts
9282,Spearmint Antibacterial Bathroom Cleaner
9283,Organic Bucatini
9284,All Natural Classic Guacamole Snack
9285,Boneless Pork Shoulder Butt
9290,Country Cheddar Bowl
9292,Half And Half Ultra Pasteurized
9308,Roaster/Baker Foil Pan
9314,Marketplace Ricotta Cheese and Spinach Ravioli
9315,Lasagna Florentine Savory Italian Recipes
9321,Clean Day Baby Blossom Laundry Detergent
9327,Garlic Powder
9337,Purity Farms Ghee Clarified Butter
9339,Organic Chicken & Apple Sausage
9340,Homestyle Classics Meatloaf
9351,Jalapeno Almond Jack Cheese Alternative
9358,April Fresh Liquid Fabric Softener
9360,Pepperoni Pizza Frozen Sandwiches
9363,Whole Wheat Challah
9364,Mild Green Chile Enchilada Sauce
9366,Penne Rigate #41 Pasta
9371,Goldfish Colors Cheddar Baked Snack Crackers
9373,Organic 2% Buttermilk
9375,Organic Graffiti Eggplant
9382,Gluten Free Chocolate Brownie Mix
9385,Hazelnut Bite Size Wafer Cookies
9387,Granny Smith Apples
9389,Oreo Mini/Nutter Butter Bites/Mini Chips Ahoy! Cookies
9390,Frozen Peaches
9397,Beef Hot Dogs
9401,Traditional Beef Barley Soup
9405,Calcium Enriched 100% Lactose Free Fat Free Milk
9407,Organic Frosted Blueberry Toaster Pastries
9409,Dry Roasted Peanuts
9411,Unsweetened Iced Coffee
9418,Balsamic Vinegar & Basil Crackers
9420,"Iced Chai, Original"
9421,Organic Raw Multigreen Kobmbucha
9422,Hummus
9424,Organic Saltine Baked Cracker Classic Crackers
9426,Nine Grain Sourdough Dough
9430,Organic Flax Plus Pumpkin Raisin Crunch Cereal
9431,San Francisco Potato Salad
9434,Bag of Large Lemons
9436,Organic Vidalia Onion
9437,Fresh Chipotle Salsa
9438,Honey Graham Sticks
9440,"Handsoap, Foaming, All-Natural Antibacterial, Ginger Bergamot"
9442,Charentais Melon
9444,Original Tortilla Strips
9447,Sheila G's Brownie Brittle Salted Caramel
9450,Beef Top Round Steak
9454,Goat Cheese
9457,Peanut Butter And Jelly Granola Bar
9458,Classic Lemonade
9462,Classic Chili with Beans
9463,Meatless & Soy Free Frozen Chik'n Tenders
9465,Matzos
9466,Honey Almond Superfood Protein Bar
9471,Plain Sliced Bagels
9472,Organic Red Cherry Tomato
9474,Garden Peas
9477,Medium Cheddar Cheese
9486,Olive Oil & Garlic Pasta Sauce
9487,Cod Fillets
9490,Organic Carrot Cupcake
9492,Organic Sweet Grape Tomatoes
9496,On the Go Peach Mango Green Tea Drink Mix
9497,Smoothie Fruits Squished The Purple One Over 6 Months
9499,Thai Peanut Sauce
9501,Organic Whole Grain Amaranth
9507,Honey Turkey Breast
9508,Layer Sugar Free Gum - Wild Strawberry and Tangy Citrus
9509,Basmati Brown Rice
9510,Chicken Breast Tenders
9513,Light Champagne Dressing
9515,Natural Classic Pork Breakfast Sausage
9517,Havarti Cheese
9519,Organic Vegetarian No-Chicken Low Sodium Broth
9521,Organic Whole O's Gluten Free Cereal
9531,Organic Hearts Of Palm
9533,Natural Butter Flavor Lite Maple Syrup
9534,Organic White Bread Done Right
9544,Jif Natural Crunchy Peanut Butter
9547,Turkey Franks
9550,Ancient Grain Original Granola
9551,Natural Chunky Peanut Butter
9554,Mocha Almond Fudge Minis Almond Milk Frozen Dessert
9557,Chicken Breast Fillet
9558,Non-Fat Vanilla Blended Greek Yogurt
9570,Macro Bowl
9574,Fresh Cut Sliced Carrots
9576,Grapefruit Sculpin
9580,Multi Cat Scented Scoopable Cat Litter
9587,Organic Shiitake & Vegetable Potstickers
9595,Organic Homestyle Mini Waffles
9597,Sweet Kale Chopped Salad
9598,Gogo Squeez Organic Apple Strawberry Applesauce on the Go
9601,Organic Yellow Onions
9604,Hibiscus Organic Raw Kombucha
9605,Reese Puffs
9614,Organic Acai Superfood Juice
9618,Wild Berry Sparkling Energy Water
9623,Sparkling Natural Spring Water
9626,Diced Tomatoes with Mild Green Chilies
9634,Light Butter Microwave Popcorn
9635,Original Fudge Brownie Mix
9637,Black Forest Berry Caffeine-Free Tea
9638,Bagged Red Potatos
9641,"Action Pacs, Fresh Scent with Dawn"
9644,Danimals Drinkable Yogurt Smoothie Strawberry Explosion & Strikin' Strawberry Kiwi
9646,100% Juice Grape Juice
9648,Tomato and Basil Bombolina Pasta Sauce
9656,Triple Clean Mint Floss Picks
9659,Blueberry Cashew Bar
9666,Country Morning White Bread
9670,Classic Original Lipbalm
9681,Chicken Tikka Masala with Cumin Infused Basmati Rice Frozen Meal
9687,Grain Free Maple Granola
9689,Whole Hearts of Palm
9690,Organic Dark Chocolate Whey Protein
9692,Crunchy Cheese Flavored
9694,Hickory Ham & Cheddar in a Croissant Crust
9703,Blueberry Scones
9714,Tostitos Simply Organic Blue Corn Tortilla Chips
9718,Lemon Chicken
9721,Steamfresh Protein Italian Style
9725,All One Hemp Lavender Castile Soap Bar
9729,Tequila Lime Chicken Wings
9736,Salted Caramel Yoghurt
9738,Organic Portabello Mushroom Caps
9739,Freeze Dried Instant Coffee
9741,Cheese Pizza
9743,Real Vegetable Chips Original Sea Salt Non GMO
9746,Special Nourish Apple Raspberry Almond Cereal
9748,Organic Roasted Lemon Thyme Hummus
9755,Original Popcorn
9756,Original Antacid & Pain Relief Tablets 36 Ct
9759,Cabernet Marinara w/ Herbs Pasta Sauce
9762,"Freshly Made. Filled with Creamy Ricotta, Aged Parmesan and Romano Cheeses Mixed Cheese Tortellini"
9766,Avocado Oil Himalayan Salt Chips
9772,Sugarfree Spearmint Chewing Gum
9776,"Homestyle Meals Sweet Peas, Green Beans, Spinach & Quinoa Organic Baby Food"
9779,Shepherd's Pie
9781,Roasted & Salted Sunflower Seeds
9788,Himalayan Fine Pink Salt
9796,Gluten Free Tapioca Pudding
9798,First Class Milk Hazelnut Chocolate Wafers
9799,YoKids Strawberry Banana Organic Lowfat Yogurt
9804,Four Cheese Pizza
9807,Organic Shells & White Cheddar Macaroni and Cheese
9808,Organic Cottage Cheese
9810,100% Lactose Free 1% Lowfat Milk
9812,Organic Gummy Bears
9815,"Sponge, Scrubber, Extra-Thick, All Surface, Value Pack!"
9816,Asiago Cheese Artisan Nut Thins
9817,100% Berry Flavored Juice Pouches
9824,"Pet Stain & Odor Remover + Oxy, Fresh Blossoms"
9825,Organic Multigrain Waffles
9827,Southern Style Real Brewed Sweet Tea
9829,Pure Life Water
9830,Italian Chopped Salad
9831,Signature Spicy Chicken
9837,Original Cooking Spray
9838,Salted Whipped Butter
9839,Organic Broccoli
9840,Grilled Chicken Pesto with Vegetables Cafe Steamers
9844,Raspberry Iced Tea
9845,Cheddar
9849,Ancient Grain Pasta Gluten-Free Fusilli
9850,Crema Mexicana
9852,Bakery Classics 100% Whole Wheat Hamburger Buns
9854,Sun Dried Tomatos With Basil
9859,Wavy Potato Chips
9864,Madras Lentils Indian Cuisine
9866,Delicate Care Scrub Sponges - 3 CT
9871,Beef Loin New York Strip Steak
9875,Creamed Chipped Beef
9881,Vegan Aged White Cheddar Flavor Puffs
9883,Garlic Asiago Brazilian Cheese Bread
9885,Organic Crushed Tomatoes
9886,Organic Lightly Sweetened Iced Green Tea with Coconut Water
9890,Whole Lychees in Heavy Syrup
9893,Cherry Vanilla
9894,Panko Crispy Bread Crumbs
9896,Uncured Applewood Smoked Bacon
9900,Flatbread Pockets Whole Wheat
9901,Original Strawberry Banana Yogurt
9904,Thin Addictives Cranberry Almond Thins
9906,Cauliflower Orange
9913,Garden Vegetable Salad Roll
9932,Natural Creamy Peanut Butter
9934,Organic Australian Style Vanilla Lowfat Yogurt
9941,Vegetable Classics Green Split Pea Soup
9953,Salt & Vinegar Chips
9954,Apple Nectar Juice
9955,Unsweetened Organic Coconut Milk
9963,Ultra Thin Pepper Jack Cheese Slices
9972,Pearl Regular Absorbency Unscented Tampons
9973,Applesauce On The Go Apple Strawberry Pouches
9976,100% Natural Stewed Tomatoes
9996,Less Sodium Soy Sauce
10005,"Potstickers, Organic, Pork & Vegetable"
10006,Low Sodium Refried Black Beans
10011,Baby Diapers Size 2
10016,Herbal Teas Pau d'Arco
10017,Tilapia Filet
10022,Sweet & Sour Chicken
10025,Freeze Dried Strawberry Slices
10026,Frozen Swiss And Bacon Petite Quiche Lorraine
10029,Smooth & Silky Touchable Softness Shampoo
10032,Cola Soft Drink
10034,Reduced Fat Mozarella String Cheese
10036,"Mighty 4 Kale, Strawberry, Amaranth & Greek Yogurt Tots Snack"
10049,Deli Sliced Sharp Cheddar Cheese
10053,Bag of Russet Potatoes
10054,Kellogg's Nutri-Grain Apple Cinnamon Cereal
10060,Original BBQ Sauce
10070,Organic 1% Low Fat Milk
10077,with Olive Oil Mayonnaise Dressing
10078,Soft Baked Oats and Chocolate Breakfast Biscuits (Cookies)
10080,Double Roasted Tomato Medium Salsa
10081,Oat Raisin Walnut Spice Whenever Bars
10084,Classic Tender Beef Feast Cat Food
10089,Dolmas
10091,Beef Picadillo Empanadas
10096,Corn Meal Pizza Crust
10105,Plastic 18 Oz. Party Cups
10106,Honey & Maple Turkey Breast
10107,Light Corn Syrup with Real Vanilla
10108,Artisan Sausage Pineapple Uncured Bacon Hardwood Smoked with Vermont Maple Syrup
10112,Baby Mum-Mum Organic Rice Rusks Original
10114,Classic French White Bread
10116,Original Maximum Odor Control Cat Litter
10117,Sausalito Milk Chocolate Macadamia Cookies
10121,Wild Sockeye Salmon
10125,Yokids Organic Strawberry Banana Lowfat Yogurt Squeeze
10129,Swiss Muesli
10130,Apple Cider Vinegar & Limeade Drink
10132,Organic American Cheese Singles
10133,Rockin Refuel Chocolate Protein Milk Beverage
10137,Udis Gluten Free Italian Sausage Lasagna
10140,Organic Fontina Cheese
10145,Simple Favorites Chicken Enchilada Suiza
10148,Superior Puerto Rican Rum
10151,Bolthouse Baby Carrots
10163,Roasted Red Pepper Hommus
10166,Almond Milk Cookies N' Cream Non-Dairy Frozen Dessert
10167,Original Cashew Crunch Slow Dry-Roasted Snack
10173,Organic Creamy Tomato Basil Soup
10176,Original Spelt Organic English Muffins
10180,Popped Salted Caramel Granola Bars
10181,Classic Guacamole
10189,100% Grass-Fed Organic Plain Creamline Yogurt
10193,Shredded Carrots
10199,Watermelon Agave Frozen Pops
10212,Everything Inside Bagels
10226,Everyday Assorted Heavy Duty Flatware
10227,Whole Bean French Roast Dark Roast Blend Extra Bold Coffee
10228,Creamy Portobello Mushroom Soup
10229,Oatmeal
10238,Deodorizing Aerosol Spray Apple Cinnamon
10241,Powdered Confectioners Sugar
10243,Parchment Paper
10246,Organic Celery Hearts
10248,Kosher Dill Pickles
10251,Africa Single Origin 1 Coffee
10252,BelVita Cranberry Orange Breakfast Bar
10255,Clean Care Mega Rolls Toilet Paper
10258,Pistachios
10261,Original Whipped Topping With Real Cream
10263,Very Emollient Bath & Shower Gel Sparkling Mint
10265,Organic Spinach Fettuccine
10266,Organic Olive Oil & Balsamic Vinaigrette
10268,Vanilla Organic Coconut Milk Yogurt
10275,Go-Gurt Strawberry Splash and Cool Cotton Candy Tubes
10279,Lunchables Pepperoni Pizza
10292,Family Size Shells & White Cheddar Macaroni & Cheese
10296,Lori's Lemon Tea
10305,Black Plum
10306,Organic Raw Blue Agave
10307,Soft Serve Fruit Pop Strawberry
10310,Wheat Thins Original
10312,Zen Tea
10314,Organic Breakfast Blend Whole Bean Coffee
10315,Stuffed Grape Leaves
10317,Strawberry Wafers
10321,Grands! Flaky Layers Buttermilk Biscuits
10326,Organic Fuji Apples
10329,Broccoli & Carrots
10333,Rice Krispies Treats Original Crispy Marshmallow Squares
10335,Corn Flakes Cereal
10336,Organic Turbinado Sugar
10338,Lemon Bar Supreme Mix
10339,Unsweetened Blackberry Water
10341,Organic Honey Green Tea Drink
10342,Sencha Shot Japanese Green Tea
10343,Teriyaki Chicken Bowl
10358,Organic White Mushrooms
10365,100% Orange Strawberry Banana Juice
10369,Organic Genoa Salami
10371,Wild Pink Salmon
10374,Flip Peanut Butter Dream Greek Yogurt
10380,Denmark's Finest Havarti Dill
10385,Organic English Cucumber
10387,Crinkle Cut Sweet Potato Fries with sea salt and black pepper
10390,Chocolate Mini Swirls Cones
10395,"Kale Chips, Stumptown Original"
10402,Pronamel Gentle Whitening Toothpaste
10403,Honey Low Fat Grahams
10406,Organic Fair Trade 65% Cacao Semi Sweet Baking Bar
10409,Essentials Organic Green Delight Juice
10418,Regular Mouth Pint Mason Jars
10421,Chopped Spinach Steamers
10423,Vegetable Cooking Stock
10424,Triple Creme Brie
10436,"Granola, Original Honey"
10439,Hard Candies
10441,Dry Roasted Almonds
10442,Low Fat Madagascar Vanilla Kefir Probiotic Cultured Milk Smoothie
10446,12 Grain Hearty Sliced Bread
10447,Pearled Barley
10448,Chili Lime Beef Jerky Pack
10451,Traditional Olive Tapenade
10453,Double Caramel Ice Cream Bars
10455,Sizzling Szechuan Beefless Strips
10460,Original Crumbled Goat Cheese
10463,Sonic Energy Refreshed
10467,Organic Bernie O's
10469,Brown Rice Pasta Shells
10473,Half And Half Cream
10476,Organic Deep Greens Kale Blend
10478,Lightly Salted Potato Chips
10479,Kellogg's Special K Red Berries Cereal
10489,Orange Flavor Chewable Aspirin Tablets
10490,Organic Broccoli and Cauliflower
10492,Coconut Milk
10494,Original Gluten Free Breadcrumbs
10497,Organic Star Pasta & Chicken Soup
10498,Pancake & Baking Mix
10499,"Jalapeno Nacho Slices, Mild"
10500,Cool Mint® Antiseptic Adult Mouthwash
10504,Yukon Gold Potatoes 5lb Bag
10509,Organic Animal Crackers
10512,Creamy Vanilla Milkshake
10518,Traditional Basil Pesto Sauce
10521,Carb Balance Small Fajita Whole Wheat Tortillas
10523,Pro Health Fresh Clean Mint Whitening Gel Fluoride Toothpaste
10527,Whipped Butter
10528,Cheddar Cheese Medium
10531,Easy Quinoa Mushroom & Vegetable Medley
10537,Organic Protein Unsweetened Vanilla Almond Milk
10540,Whole Medjool Dates
10544,Heavy Duty Scour Pads - 3 CT
10546,Organic Quick Cooking Oats
10549,Grands! Flaky Layers Butter Tastin' Biscuits
10551,Banana Bread Fruit & Nut Bar
10555,Five Cheese Lasagna
10557,Chocolate Collection Assorted Cookies
10558,Organic Peanut Butter Granola
10560,Cheerios Toasted Whole Grain Cereal
10565,Mellow White Miso
10566,Blue Plus Bleach
10568,Plain Bread Crumbs
10569,Mini Dog Treats
10570,Organic Dark Chocolate Salted Almond Butter Cups
10580,Pepperoni
10585,Spinach & Roasted Garlic Crackers
10586,Green Dragon with Passion Fruit Tea
10599,Premium English Breakfast Black Tea Bags
10600,Kickstart Midnight Grape
10602,Brioche Hamburger Buns
10603,93% Ground Beef
10605,Gluten Free White Bread
10607,Prosecco
10612,Gluten Free Pancake and Baking Mix
10613,Cut & Peeled Baby Carrots
10614,Hot & Sweet Mustard
10615,Soft Eating Green Apple Flavor Liquorice
10616,Frappuccino Vanilla Chilled Coffee Drink Coffee Substitutes
10617,Butternut Squash Cumin Soup
10620,Multi Use Wood Cleaner Oil Soap With Orange Oil
10621,Organic Purple Kale
10631,"Balanced Breaks Natural Sharp White Cheddar Cheese, Cashews, Golden Raisin Medley Snacks"
10637,Spaghetti With Meat Sauce
10638,Patchouli Goat's Milk Soap
10644,Italian Extra Virgin Olive Oil
10654,Rotisserie Chicken Salad
10655,Sparkling Seltzer Water
10658,Lemon Decaf Iced Tea Drink Mix
10659,"Lean Protein & Fiber Bars, Chunky Chocolate Peanut"
10664,Enoki Mushrooms
10666,Organic 100% Pure Honey
10668,Organic Mixed Herbs
10669,Classic Decaffeinated Green Tea
10670,Fresh Creamer Blushing Belle Potatoes
10673,Original Nooks & Crannies English Muffins
10676,Classic Clean Anti-Dandruff Shampoo
10685,Organic Fudge Bars
10690,Natural Lemon Flavored Sparkling Water
10691,Gluten Free Rigatoni
10693,Jet Puffed Funmallows
10695,Fettuccine Alfredo Pasta
10696,Deluxe Bottle Brush
10699,Rosemary & Sea Salt Fries
10704,"Toothpaste, Fluoride, Spearmint Gel"
10706,Pizza
10707,Organic Fingerling Potato
10709,Non Dairy Chunky Monkey
10711,Chopped Basil
10712,Kukui Nut Body Cream
10713,Fine Premium Enriched Egg Noodles
10714,Real Medleys Super Grains Maple Pecan Raisin Oatmeal Cup
10715,Meatless Veggie Sausage
10719,Tenderloins
10724,Dark Chocolate Coconut Almond Bark
10732,Sensitive Skin Experts Cleansing Facial Wipes
10734,Brown 'N Serve Turkey Sausage Links
10735,Peach Pie
10737,Chewy Peanut Butter Chocolate Chip Granola Bars
10749,Organic Red Bell Pepper
10752,Strips Bacon Flavor Bacon Dog Snacks
10753,Peanut Butter Bar
10755,Peanut Butter & Grape Jelly Sandwiches
10761,Organic Yokids Lemonade/Blueberry Variety Pack Yogurt Squeezers Tubes
10762,Organic Light Sodium Creamy Butternut Squash Soup
10763,Sprouted Khorasan Honey O's
10765,Organic Watercress
10768,Organic Raspberry Lowfat Yogurt
10771,Organic Whole Grain Granola
10779,Blue Machine 100%  Juice Smoothie
10781,Coconut Milk Nourishing Shampoo
10782,Spot's Stew Wild Salmon Recipe Cat Food
10787,Soft Flour Tortillas
10793,Naked Paleo Pizza Crust
10795,Intensive Care Lotion with Cocoa Butter
10798,Organic Salted Individually Wrapped Quarters Butter
10803,Ultra Thin Overnight Pads With Flexi-Wings
10804,Organic Cinnamon Raisin Bread
10807,Wild Arugula Salad
10814,Applewood Smoked Bacon
10815,Whole Grain Blends Chicken & Herb
10819,Original Craisins
10823,Original Velveeta Cheese
10826,Gluten Free Crackers Multigrain
10827,Organic Apple Cider Vinegar All Natural Drink Apple Cinnamon
10828,"Steamfresh Fresh Frozen Vegetables Broccoli, Cauliflower & Carrots"
10831,Yobaby Organic Plain Yogurt
10834,Organic Butter Beans
10836,Blackeyed Peas
10840,Blueberry Crisp Energy Bar
10851,Natural Alpine Spring Water
10853,Grooves Zesty Cheddar Ranch Crispy Cracker Chips
10854,Unbleached Enriched Artisan Bread Flour
10856,Cane Sugar Cocktail Simple Syrup
10859,Lemon Curd
10862,Natural Chocolate Flavor Whey Protein Powder
10863,Grain Free Turkey & Salmon Formula Cat Food
10866,Organic Bunny-Luv Fresh Carrots
10872,Cranberries
10874,Zero Calorie Lemon Lime Twist Soda
10876,Chocolate Velvet Soymilk Frozen Dessert
10877,Original Cheese Sauce
10878,Organic Garden Vegetable Pasta Sauce
10880,Grade A Cage Free Omega-3 Enriched Medium Eggs
10883,Organic Ground Ancho Chili Powder
10885,Live Butter Lettuce
10889,No Pulp Calcium + Vitamin D 100% Pure Orange Juice
10890,Original Pancakes & Sausage On a Stick
10891,Carb Smart Vanilla Frozen Dairy Dessert
10892,Baked Crunchy Cheese Flavored Snacks
10895,Mexican Finely Shredded Cheese
10902,Kosher Reduced Fat Beef Franks
10904,Original Paleo Krunch Granola
10908,Brown Sugar Cubes
10912,Lowfat Vanilla Yogurt
10944,Organic Russian Banana Fingerling Potato
10948,Organic Brown Rice Flour Gluten Free
10957,Fridge Pack Cola
10960,Nutritional Yeast Seasoning
10970,Chocolate Chip Cookie Mix
10978,Organic Tomato Puree
10980,Navy Beans
10983,Organic Lightly Salted Butter
10990,Rich & Hearty Creamy Roasted Chicken Wild Rice Soup
10991,Exotic Harvest Sea Salt Vegetable Chips
10992,Ultimate Flora Critical Care 50 Billion
10995,Baked Beans with Tomato Sauce
10998,Yellow Corn Organic Tortillas
11000,"Soup, Creamy, Portobello Mushroom"
11001,British Style Bangers
11005,Organic Cream Cheese Bar
11006,Carrots & Potatoes
11009,Apple Apple Applesauce On The Go Pouches
11014,Cool Ranch Tortilla Chips
11018,Pure Aloe Vera Gel
11019,Fresh Salsa Hot
11024,Organic Lemon Pie Coco Roons
11028,Lavender Epsom Salt
11031,iChef Casserole Pans with Lids (10 7/16 in x 8 in x 1 3/4 in)
11033,Uncured Sliced Pastrami
11038,Chicken Tenderloins
11046,Humboldt Fog
11063,Clover Org Greek Plain
11067,100% Whole Wheat Hot Dog Buns
11068,Medium Cheddar Cheese Block
11069,Organic Kale Pesto Hummus
11072,Traditionally Crafted Soba Pasta
11073,Diet Orange Diet CSD
11074,Free and Gentle Unscented Liquid Laundry Detergent
11075,Dishwasher Detergent ActionPacs Fresh Scent
11076,Banana Nut Bread Energy Bar
11078,Macaroni Elbows
11080,Crustless Chicken Pot Pie
11081,Sweet Sliced Apples
11088,Spicy Ginger Teriyaki Yummy Marinade & Simmer Sauce
11089,Opadipity Greek Yogurt Creamy Ranch Dip
11090,Organic Fat Free Cottage Cheese
11091,BBQ Recipe Chicken Pretzel Bread Frozen Sandwiches
11097,Chipotle Pepprs in Adobo Sauce
11100,Potato Chips Unsalted
11107,Organic Rice Ramen Millet & Brown
11109,Organic 4% Milk Fat Whole Milk Cottage Cheese
11110,Dark Chocolate Mocha Almond Fruit & Nut Bars
11119,D3 2000 IU - 125 CT
11121,Original Whipped Topping
11123,Vitamin Water Zero Squeezed Lemonade
11125,Horseradish Root
11129,Banana Bread Mix
11130,Single Serve Crispy Wheat Crackers
11132,Organic Promise Berry Fruitful Cereal
11136,Organic Low Sodium Chicken Cooking Stock
11140,Organic Romaine Leaf
11143,Defense Up Cold Pressed Fruit Smoothie
11149,Candy Bar
11152,Eggplant Large
11157,Chipotle Gouda Cheese
11159,Organic Dark Chocolate Almond Nutrition Bar
11167,Banana Cinnamon & Cream Bar
11168,Cheese Pizza Toaster Pops
11169,Raw Local Wildflower Honey
11173,Barnum's Animals Crackers
11174,Peach Yogurt Melts
11182,Baby Spinach
11185,Large Croissants
11187,Revel Berry Yerba Mate
11190,Hardwood Floor Cleaner
11193,Ancient Grain Blueberry Hemp Granola
11198,Seasoning Paprika
11199,Organic California Sushi Rice
11200,Garlic Parmesan Breaded Boneless Skinless Chicken Breasts
11201,Mint Chocolate Chip Grand Ice Cream
11203,"Cottage Doubles Peach, 2% Milkfat Lowfat Cottage Cheese & Peach Topping"
11210,Extra Large Grade A Eggs
11211,Sour Patch Kids Ice Pops
11212,Apple Blueberry Fruit Yogurt Smoothie
11215,Santitas White Corn Tortilla Chips
11217,Plus Sparkling Original Cold Effervescent Tablets 20 Ct
11223,Mild Major Grey Chutney
11224,Organic Cashew Nondairy Blueberry Yogurt
11230,Cashew & Ginger Spice Fruit & Nut Bar
11233,100% Whole Wheat Pre-Sliced Sandwich Thins
11250,Organic Hot Salsa
11256,Original Magic Eraser
11258,Dino Buddies Chicken Breast Nuggets
11262,Extra Thick Whole Grain Rolled Oats
11265,100% Natural Diced Tomatoes
11266,Dried Mangos
11278,Original Stone Ground Mustard
11281,Double Stuf Oreo Sandwich Cookies
11286,Organic Uncured Beef Hot Dog
11292,The Original Irish Creme Liquer
11294,Triple Action Relief Eye Drops
11301,Free Range Organic Chicken Broth
11303,Herbal Popcorn
11308,Murphy Oil Soap Liquid Wood Cleaner
11309,Fancy Sliced Bamboo Shoots
11322,Caffeine Free Jammin' Lemon Ginger Herbal Tea
11324,Fiber Supplement Powder
11325,Organic Hemp Plus Granola
11336,Toilet Wand Refils
11344,Facial Tissue Family Size
11345,Irish Whiskey Ireland
11347,Men's Ultra Sensitive with Colloidal Oatmeal Shave Gel
11348,Cocktail Sauce
11349,Ultra Blue Sparkle Liquid Fabric Softener
11350,Just Organic Strawberries
11351,Tasty Chicken Flavor Cat Treat
11352,Organic Mini Sandwich Crackers Peanut Butter
11354,Spinach Florentine Ravioli
11358,"Spinach, Cut"
11361,Pure Almond Unsweetened Original Almond Milk
11364,Sweet Potato Pie Chewy Fruit and Vegetable Snack
11365,Leaf Spinach
11368,Dark Chocolate Mint Nutrition Bar
11371,"Splits\"" Extra Dark Pretzels"
11374,Icelandic Style Cream-Skyr 4% Milkfat Strained Whole-Milk Yogurt Mango
11380,Family Size Peanut Butter Cracker Sandwiches
11381,"Broccoli, Carrots, Cauliflower, & Cheese Sauce"
11383,Original Soda Crackers
11384,Naturally Brewed Soy Sauce
11387,Fire Roasted Tomato & Garlic Sauce
11408,Crushed Tomatoes
11412,Fabric Softener Dryer Sheet Free & Gentle Fabric Enhancers
11417,Organic Sweetened Creamy Cashewmilk
11422,Plain Greek Yogurt
11427,70% Isopropyl Rubbing Alcohol
11434,Defense Sugar Free Vitamin C Drops
11439,"Red Rice, Bhutan Heirloom"
11440,Chicken Breast Tenders Breaded
11441,Coarse Pink Salt
11447,Chorizo Seitan
11448,Strained Non Fat Orange & Ginger Yogurt
11449,"Chicken Marinade, Citrus & Onion"
11452,Honey Dijon Potato Chips
11456,Sour Cream & Onion Flavored Potato Chips
11460,ProteinPLUS Multigrain Thin Spaghetti Pasta
11461,White Corn Tortillas
11462,Organic Sugar Ice Cream Cones
11463,Honey Ham
11467,Organic Living Basil
11471,Temptations Tasty Chicken Flavor Cat Treats
11477,Ezekiel 4:9 Golden Flax Sprouted Grain Crunchy Cereal
11481,Organic Quinoa & Brown Rice With Garlic
11488,Vegetable Oil & Nonfat Yogurt Spread
11492,Zero Ultra Energy Drink
11494,Cookie Dough Ice Cream Chocolate Chip
11495,Pepperoni Pizza for One
11497,"Crackers, Baked, Crispy Sea Salt"
11499,Organic Lowfat Black Cherry Yogurt
11512,Honey Yoghurt
11519,Bite Size Cheddar Crackers
11520,Large Alfresco Eggs
11526,Napa Cabbage
11533,Ready Whole Grain Medley Quinoa & Brown Rice With Roasted Garlic
11538,Organic Carrot Juice
11543,Vanilla Protein Protein Shake
11554,Kale Chips Honey Mustard
11563,Premium Romaine
11568,Greek 100 Calories Black Cherry Fat Free Yogurt
11571,Lemon Lime Soda Caffeine Free
11574,Light & Lean Black Bean and Cheese Enchilada
11576,Corn Chips
11577,Pure Ground Black Pepper
11580,Cooked Shrimp
11581,"Classic Broth with Tuna, Shrimp and Whitefish"
11594,Organic Cottage Cheese Kalamata Olive
11597,Wheat Protein Cubed
11598,Direct Trade Organic El Gallo Breakfast Blend Whole Bean Coffee
11599,Clean Day Liquid Hand Soap Refill Basil Scent
11610,Organic Chocolate Syrup
11612,"Easter Crème Eggs 4 Count, 4.8 oz pkg"
11614,Pumpernickel Dark Pump Bread
11615,Original Prepared Cheese Product
11619,Dairy Free Coconut Milk Chocolate Yogurt Alternative
11629,Classic Meatless Meatballs
11631,Mixed Berry Lowfat Yogurt
11638,Preservative Free Teriyaki with Honey and Pineapple Marinade
11643,"Chili Paste, Ground Fresh"
11644,Light In Sodium Beans and Rice Burrito
11645,Parmesan Crusted Fish
11651,Chorizo Style
11662,Organic Green Kale
11669,Tuscan White Beans
11670,Bathroom Tissue Mega Rolls
11672,Ground Sage
11673,Mild Diced Green Chiles Fire Roasted
11676,Midnight Reverie Intense Dark Chocolate
11678,Kosher Dill Pickle Spears
11679,Deli Fresh Rotisserie Seasoned Chicken Breast
11683,Miracle Whip Light Dressing
11684,Rice Cooking Wine
11687,Pearl Plastic Triple Pack Light/Regular/Super Absorbency Unscented Tampons
11688,Lemon Fruit & Nut Food Bar
11689,On the Go Low Fat Cottage Cheese
11698,Crunchy Chickpeas Korean BBQ
11699,Crunch Chocolate Peanut Butter Granola Bar
11703,Clams Minced In Clam Juice
11705,Cold Remedy Cherry Lozenges
11707,Peanut Butter Chocolate Chip Macrobar
11710,Fresh Mozzarella Snacking Cheese
11712,Cage Free Large White Eggs
11732,Seeds The Day Organic Bread
11737,Organic Lemon Lowfat Yogurt
11740,Boneless Skinless Thighs
11741,Organic Fuel High Protein Chocolate Shake
11742,Light Ranch Veggie Dip
11749,French Vanilla Liquid Coffee Creamer
11750,Lorna Doone Shortbread Cookies
11755,Chili Powder
11758,Arrowroot Starch/Flour
11759,Organic Simply Naked Pita Chips
11760,7 Whole Grain Nuggets Cereal
11761,Sparkling Clementine Juice Beverage
11766,Organic Wheat-Free & Gluten-Free Onion Crackers
11767,Greek Vanilla Yogurt
11768,"Cookie Baking Sheets, Pre-Cut Parchment Paper"
11773,Classic Roast Medium Ground Coffee
11776,Baked Sea Salt & Vinegar Potato Chips
11777,Red Raspberries
11782,Bing Cherries
11784,Duck Eggs
11786,Free & Clear All-Purpose Natural Cleaner
11790,Natural Vanilla Marshmallows
11791,Chorizo
11794,Quinn Butter and Sea Salt Popcorn
11796,Grape Soda
11807,Rustic Italian Vegetable Soup
11808,Pineapple & Passion Fruit Sandwich Fruit Bar
11813,Mexican Cheddar Jack Shredded Cheese
11819,Laundry Detergent Free & Clear
11821,Organic Milk Whole
11824,Chocolate Sleep Supplement
11826,Dark Chocolate Almond Milk
11827,Chunky Medium Salsa
11837,Pure Dark Brown Cane Sugar
11844,Dolmas Stuffed Grape Leaves
11845,100% Mango Juice
11855,Italian Sides Four Cheese Pasta
11858,Artisanal Nonfat Coffee Greek Yogurt
11859,Red Pepper
11863,Low Fat Strawberry Yogurt
11865,Light & Lean Spaghetti Italiano with Meatless Meatballs
11869,String Cheese
11874,"Italian Ground Turkey, Lean"
11880,"Black Pepper, Coarse Grind"
11885,"Sparkling Water, Bottles"
11888,Chickpea Salad
11889,Kombucha Green Tea
11891,Kidz Baked Chicken Nuggets
11892,Mixed Berry BelVita Bites
11895,Mild Red Pepper Sauce
11896,Organic Ice Cream Chocolate Chocolate Chip
11899,Drumstick Crunch Dipped Vanilla Fudge/Vanilla Caramel/Vanilla Frozen Dairy Dessert Cones
11900,Original Hard Lemonade
11903,Beef Chuck Roast
11907,Designer Paper Bowls
11909,White Instant Enriched Long Grain Rice
11913,Shelled Pistachios
11915,Ultra Tide Laundry Detergent Powder - Original (68 loads)
11925,Total 2% with Raspberry Pomegranate Lowfat Greek Strained Yogurt
11926,Organic Cheddar Squares
11930,Sea Salt Baked Lentil Chips
11933,Grated Parmigiano Reggiano
11937,Mixed Berries
11941,"Tortillas, Corn, Organic"
11943,Mixed Apple Slices
11945,Organic Gluten & Wheat Free Homestyle Waffles
11959,Chipotle Salsa
11972,Black Cherry Dairy-Free Yogurt Alternative
11974,Goat Milk Yogurt Vanilla
11977,Polly-O Mozzarella & Cheddar Cheeses Twists
11980,Heritage Flakes Cereal
11982,Bissli BBQ Snack
11983,Simply 100 Strawberry Blended Non-Fat Greek Yogurt
11984,Clean Day Fabric Softener Lavender Scent
11988,Unscented One-Ply Bathroom Tissues
11992,Organic Carrots & Ranch Dip
11994,"Pumpkin Chips, Crunchy"
12000,Baked Organic Sea Salt Crunchy Pea Snack
12007,Organic All Day Fresh Deodorant Lavender
12011,12 Grain Bread
12013,Pinot Noir
12015,Asparagus Spears
12016,Organic Bran Flakes Cereal
12018,Organic Ghee
12019,Wastebasket Liners Twist Tie 8 Gallon
12020,"Mighty 4 Sweet Potato, Blueberry, Millet & Greek Yogurt Tots Snack"
12023,Toasted Coconut Chips Original Recipe
12031,"Taco Seasoning, No. 4"
12033,Raspberries Dark Chocolate Bar
12034,"Carrot, Mango, & Coconut With Red Lentils Organic Baby Food"
12035,Classic Coleslaw Salad
12036,Gluten-Free Supergrain Pasta Organic Corn & Quinoa Blend Penne
12039,Organic Pear Juice
12044,Sweet Garden Peas
12053,Panama Peach Antioxidant Infusion
12055,"Salad Kit, Endless Summer"
12058,Satsuma
12060,Unsweetened Whole Milk Mixed Berry Greek Yogurt
12068,Ritz Peanut Butter Cracker Sandwiches
12069,Organic Campari Cocktail Tomatoes
12074,Quick Enriched White Hominy Grits
12075,Spicy Hummus
12078,Shredded Mexican Blend Cheese
12081,Soft Rye Loaf Bread
12082,Ice Cubes
12087,Chicken Flavor Ramen Noodle Soup
12092,Fire Roasted Jalapeño Pita Chips
12099,Honey Greek Yogurt
12100,Wild Fruit Preserves
12107,Peppered Turkey Breast
12113,Corn Starch
12115,French Onion Chips
12118,Organic Whole Grain Spanish Rice
12121,Chewy Peanut Peanut Butter Granola Bars
12125,Organic Peace Pasta & Parmesan Macaroni & Cheese
12126,Chopped Baby Spinach
12130,Premium Chunk White Albacore in Water Tuna
12134,Organic Red Palm & Coconut Shortening
12138,Organix Butcher & Bushel Grain-Free Turkey Dinner Canned Dog Food
12139,White Cheddar Bunnies
12140,Diet Soda
12144,Gluten-Free Chicken Nuggets
12145,Tofu Miso Ramen
12155,Mint Magic Caffeine Free Herbal Tea
12157,Tamari Gluten Free Soy Sauce Reduced Sodium
12159,Light Red Raspberry Yogurt
12162,Miso Soup Bowl
12163,Organic Coconut Bliss Frozen Dessert
12164,Neoguri Udon Type Noodle Spicy Seafood
12169,Organic Butternut Squash Bisque
12174,"Dentastix Fresh, Large"
12186,Organic Mint Mélange Herbal Tea
12191,Kettle Cooked Original Potato Chips
12192,Nut Delight Fruit & Nut Bar
12193,100% Florida Orange Juice
12196,Chicken Quesadilla
12204,Vegetable Medley
12206,Basil Pesto
12209,Infusions Ultra Downy® Infusions™ Lavender Serenity™ Liquid Fabric Conditioner 41 FL Oz Fabric Enhancers
12211,Gluten Free Organic Taco Sliders Corn Tortillas
12212,Unscented 1000 Sheets Per Roll Bathroom Tissue
12218,Classic Wheat Bread
12223,Light & Lean Roasted Polenta With Swiss Chard
12227,Classic Marinara
12232,Original Diced Tomatoes & Green Chilies
12237,Organic Sour Rye Bread
12238,Farmhouse Mac & Cheese
12250,EF California White Basmati Eco-Farmed 2 lb Rice
12252,Organic Chocolate  Chip Cookie Vanilla Bean Ice Cream Sandwiches
12254,Organic Cherries
12258,Organic White English Muffins
12260,Ground Cinnamon
12276,Chocolate Chip Cookie Dough Ice Cream
12283,Probiotic Green Coconut Water
12289,All Natural Smoothies Orange Dream Machine
12290,Brie
12302,"Sparkling Water, Natural Mango Essenced"
12312,Lavender Hand Soap
12313,"Corn Bread Mix, Restaurant Style, Original, Low Fat"
12315,Dairy Free Hazelnut Coconut Milk Creamer
12316,Hazelnut Gourmet Coffee Creamer
12320,Organic Italian Herb Pasta Sauce
12321,Fish Sandwich Fillets Original Recipe
12324,Indian Paneer Tikka
12325,100% Whole Wheat Pizza Crust
12331,Wild Sardines in Extra Virgin Olive Oil with Lemon
12332,Liquid Water Enhancer Orange Tangerine
12333,Milk Chocolate Minatures
12339,Traditional Pasta Sauce
12341,Hass Avocados
12357,Purple Cauliflower
12366,Skin Trip Coconut Moisturizer
12375,Drink Probiotic Tropical Orange Juice
12376,Sourdough Demi Baguette
12381,Bowls Tortilla Casserole & Black Beans
12384,Organic Lactose Free 1% Lowfat Milk
12385,"Vegetable Base, Organic"
12391,Veggie Rice and Corn Puffs
12392,Organic Love Crunch Granola Dark Chocolate & Red Berries
12395,Plain Goat Milk Yogurt
12403,Original Mashed Potatoes
12405,Scribblers Ice Pops
12409,Organic Distilled White Vinegar
12419,Organic Sage
12427,Original Beef Jerky
12432,Tartar Sauce
12440,California Lemonade
12442,Basil Dish Soap
12451,Cantaloupe Spears
12452,Gluten Free Orzo Pasta
12455,Reduced Sugar Craisins
12456,Organic Sunday Bacon
12459,Organic Pure Aloe
12464,Muscat Grapes
12467,Italian Dill Spears Hot
12471,Classic Potato Gnocchi
12476,Raisin Bread
12477,Vanilla Dairy-Free Yogurt
12481,Oreo Chocolate Sandwich Cookies
12482,"Ramen, Soba"
12492,Baby Food Pears Squash
12493,100% Pure Grade A Dark Amber Maple Syrup
12496,Radish
12499,Fiber Rich Wheat Tortillas Fajita Size
12500,Organic Gluten Free Selections Dark Chocolate Chip Waffles - 6 CT
12504,Orbit Spearmint
12505,Sesame Teriyaki Noodle Bowl
12508,Red Bell Pepper
12513,Light Strawberries 'n Bananas Fat Free Yogurt
12515,Lychee
12519,Chicken & Broccoli Alfredo
12520,English Toffee Caramels
12524,Cafe Steamers Grilled Chicken Marinara With Parmesan
12527,Sidecar Orange Pale Ale
12538,Chicken Parmigiana & Penne
12541,Organic Jazz Apple
12545,French Vanilla Coconut Milk Creamer
12548,Vanilla Enriched Rice Drink
12556,Apple Cinnamon Granola Clusters
12564,Rigatoni Pasta
12569,Frozen Unsweetened Whole Strawberries
12572,6 OZ LA PANZANELLA CROSTINI ORIGINAL CRACKERS
12575,"Beet, Apple, Carrot, Lemon, Ginger Cold Pressed Juice Beverage"
12576,Kiwi Sandia Sparkling Water
12580,3D White™ Luxe Mouthwash - Fresh Mint
12581,Gluten Free Supreme Pizza
12583,Organic Gold Beets
12584,No Sugar Added Cherry Mixed Fruit
12592,"Miso, Organic, Mellow, White"
12594,Sensitive Skin Extra Gentle Wipes Hand & Face
12595,Air Infusion Clean Linen Scented Air Freshener Spray
12597,Organic Bakery Tortillas Whole Spelt
12606,100% Natural Spring Water
12608,Manischewitz Tam Tams Original Snack Crackers
12614,Yellow Grape Tomatoes
12618,Organic Bananas Bananas Bananas Super Smooth Puree Stage 1
12620,Garlic Bread
12622,Spicy Marinara Pasta Sauce
12626,Complete ActionPacs Lemon Burst Dishwasher Detergent
12638,Organic Potato Russet
12640,Sport Bottle with Flip Cap Natural Spring Water
12644,Organic Wraps Wheat
12656,Pain Reliever and Fever Reducer Caplets
12658,Cashew Milk Snickerdoodle Non-Dairy Frozen Dessert
12659,Double Chocolate Chip Cookies with Dirty Mint Chip Ice Cream
12664,Turmeric Ginger Aid Elixir
12665,Lite Mayonnaise
12669,Warrior Meal High Protein Raw Almond Raisin
12671,Once Daily Probiotic
12672,G Series Perform Lemon Lime Sports Drink
12674,Cocoa Noir Cold Brew Coffee With Almondmilk
12683,Dry Roasted 100 Calorie Packs Almonds
12686,Organic Jalapeno Cilantro Hummus
12697,Sliced Pepper Jack Cheese
12700,Blue Cheese Dressing & Dip
12702,Slow Cooker Liners
12703,Organic Mung-Bean Sprouts
12706,Hot Pocket Sausage Egg & Cheese Breakfast Sandwich
12714,"Cheese, Sheep & Goat's Milk, Barrel-Aged, Feta"
12719,Gluten-Free Lemon Thyme Linguine
12720,Light Spread Butter Substitute
12727,Diet Caffeine Free Soda
12730,Special Dark Miniatures Chocolate Candy
12732,Organic Ground Turkey
12738,Original Spray
12741,Chocolate Almond Coconut High Protein & Fiber Bar
12743,Special K Chocolatey Delight Cereal
12745,"Yogurt, Lowfat, Strawberry"
12748,Mexican Style Hominy
12749,72% Dark Chocolate Spicy Aztec Bar
12754,Organic Stage 2 Pear Apricot Barley Baby Food
12756,Multigrain Oat Bread
12762,Citrus Iced Green Tea
12763,Peach Pure Body Immune Support Blend
12771,Organic Tomato
12779,Spaghetti Squash
12782,Bun Length Beef Franks
12784,Organic Cara Cara Orange
12785,Deluxe Original Cheddar Macaroni & Cheese Dinner
12788,Butter Lover's Microwave Popcorn
12792,Steamers Green Beans & Almonds
12797,Organic Whole Peeled Tomatoes
12800,Canned Spam With Real Bacon
12805,Almond Butter Biscuits
12807,Organic Gunpowder Green Tea
12811,Milano Dark Chocolate Cookies
12813,Calorie Free Sweetener
12816,"Heavy Duty 18\"" Aluminium Foil"
12817,Original Baked Whole Grain Wheat Crackers
12820,Organic Fruit Yogurt Smoothie Mixed Berry
12822,Pureed Baby Food Strawberries Carrots
12834,Teriyaki Marinade
12845,Chopped Walnuts
12846,Pomegranate Blackberry Probiotics Juice Drink
12847,Organic Green Lemonade
12850,Original Denture Adhesive Cream
12857,Mint Chocolate Chip High Protein Bar
12858,Pecan Pie Fruit & Nut Food Bar
12859,Peppered Salame
12871,Wild Caught Sockeye Salmon Fillets
12872,Penne Rigate
12874,Cinnamon Raisin Mini Bagels
12875,Toll House Milk Chocolate Morsels
12879,Rotisserie Deli Shave Chicken Breast
12885,Organic Darkest Cacao Truffles
12891,Ground Pork
12894,Honey Nut Chex Cereal
12896,Light Rye Crispbread
12899,Fresh Mozzarella All-Natural Sliced Cheese
12900,Organic Sambucus for Kids Standardized Elderberry
12902,Prepared Meals Beef Stew Wet Dog Food
12909,Crunchy Flamin' Hot
12911,"Liquid Laundry Detergent, Original scent"
12914,Corn Tortilla Chips
12916,Ginger Ale
12919,Coconut Sparkling Water
12920,Applewood Bacon
12923,Issimo Caffe Iced Coffee Drink
12927,Original Muesli Cereal
12932,Super Greens Veggie Burgers
12935,Organic Pasture Raised Brown Eggs
12939,Jumbo Garlic
12941,Morning Oat Crunch
12945,Signature Recipes Vodka Sauce Pasta Sauce
12948,Cheddar & Sour Cream Flavored Potato Chips
12950,Gluten Free Organic Oat Based Cereal
12953,Organic Just Tart Cherry Juice
12955,"Super Foods/Organic Apples, Spinach, Peas & Broccoli + Super Chia Snack Pouch"
12957,Gluten Free Matzo Style Squares
12958,BabyRub® Soothing Ointment
12962,Apricot Preserves
12975,100% Baby Kale
12979,Lady Grey Tea
12980,Large Greenhouse Tomato
12986,Cinnamon Multigrain Cereal
12987,Provolone Style Slices
12992,Real Bleu Cheese Dressing Dipping
12993,"Four Cheese Cannelloni with ricotta, mozzarella, Parmesan & Romano cheese. Four Cheese Cannelloni"
12996,Ginkgo Smart Maximum Focus And Memory
13008,Special K Protein Milk Chocolate Protein Shakes
13014,Organic Gluten Free Spaghetti
13019,Pumpkin & Blueberry Cruncy Dog Treats
13022,Poultry Seasoning
13029,Ready Pac Salad Santa Fe Caesar Bowls
13031,Pizza Roasted Vegetable No Cheese
13032,Cinnamon Toast Crunch
13033,Grape Nut Flakes Cereal
13034,"Tea, Tulsi Sleep, Caffeine-Free, Infusion Bags"
13042,with Crispy Almonds Cereal
13044,Iced Tea With Natural Lemon
13045,Potato Chips Sea Salt & Vinegar
13052,Gluten-Free Chia Seeds Organic Yellow Corn Tortilla Chips
13055,Just Once Prenatal One Multivitamin
13064,Sweet Water Hand Wash
13065,Lil Pony Toddler Paste
13070,Impressions Napkins
13076,Crimini Delight Mushrooms
13077,Pepperoni Pizza
13078,Pretzel Chocolate Candy
13079,Gluten Free Oatmeal Classic with Flax & Chia
13080,Organic Turmeric Ginger Tonic
13083,Lowfat Small Curd Cottage Cheese
13085,Organic Hot Cocoa Mix
13093,Camembert
13097,Fresh Cut Butternut Squash
13102,Ultra Thin Turkey
13108,"Vegetable Oil, Pure & 100% Natural"
13110,Cozy Chamomile Herbal Tea
13113,Organic Apple Juice Boxes
13121,Oreo Thin Crisps 100 Cal Baked Chocolate Wafer Snack Packs
13127,Cookies 'N Cream Coconut Milk Frozen Dessert
13128,Purified Alkalkine Water with Minerals pH10
13129,"Delifresh Mesquite Turkey Breast, 98% Fat Free, Gluten Free"
13133,Special K Protein Dark Chocolate Granola Bars
13143,Lavender Hand Sanitizer Wipes
13147,GOLEAN Crisp! Toasted Berry Crumble Cereal
13150,Organic Wild Rice
13152,100% Organic Yellow Pop Corn
13159,Beer Battered Fish Fillets
13161,Gourmet Popping Corn Movie Theater Butter Single Serve 100% Whole Grain Microwave Popcorn
13163,Reduced Sodium Chicken Broth
13166,"Organic Milk Reduced Fat, 2% Milkfat"
13172,Mini Four Cheese Medley Pierogies
13176,Bag of Organic Bananas
13187,Original Chicken Patties
13193,Special Sauce
13194,Chewy Granola Bars Variety Pack
13196,Sheep's Milk Halloumi Cheese
13197,Alexander Valley Cabernet Sauvignon Wine
13198,85% Lean Ground Beef
13203,Natural Bliss Salted Caramel Flavor All-Natural Coffee Creamer
13205,"Kefir Cultured Milk Smoothie, Lowfat, Plain"
13212,Ground Black Pepper
13213,Zero Calorie Stevia Sweetener Born Sweet
13216,Organic Peach
13223,"Grape Seed Oil, All Natural"
13225,Lowfat Milk
13227,Little Movers
13230,Wasabi & Soy Sauce Almonds
13231,Organic Cayenne Pepper
13235,Organic Lemongrass
13237,Original Egg Substitute
13245,"Natural Artesian Water, Mini & Mobile"
13249,Skim Milk
13252,Baguette Sourdough
13253,Gluten Free Chocolate Creme Filled Chocolate Cookies
13255,Family Size Cookie Pack
13259,Organic Variety Pack
13261,Napa Valley Homemade Marinara Sauce
13263,Non Fat Acai & Mixed Berries Yogurt
13269,Oh My Yog! Pacific Coast Strawberry Trilayer Yogurt
13275,Rotisserie Chicken Breast
13277,Microwaveable Hamburgers
13278,"Hand Soap, Refill Size, French Lavender"
13280,Unfiltered Extra Virgin Olive Oil
13286,Dairy Pure Fat Free Milk
13287,Bistro Bowl Chicken Caesar Salad
13292,"Juice Beverage, Cold Pressed, Kale Apple Ginger Romaine Spinach Cucumber Celery Parsley Lemon"
13303,"Pinot Noir, California"
13304,Whole Peeled Tomatoes
13307,"Outlast Invisible Solid, Clear Gel, Completely Clear Deodorant"
13310,Rice Thin Sesame Seed Gluten Free Crackers
13318,Organic YoToddler Pouch Pear Spinach Mango Yogurt
13323,Petite Broccoli Florets
13328,Original Veggie Breakfast Sausage Patties
13334,Strawberry Blueberry Yogurt
13338,Gluten Free Smoked Gouda Mac and Cheese
13339,Dairy Free Unsweetened Almond Milk Beverage
13340,Extra Strength Glacier Mint Drops With Natural Menthol
13351,Total 0% Peach Yogurt
13373,Food Coloring
13374,"Lubricant /Redness Reliever Eye Drops, Maximum Redness Relief"
13378,Stir Fry Vegetables
13379,"Farfalle, 85"
13380,Organic Blue Corn Tortilla Chips
13384,Boneless Duck Breast
13385,Italian Style Smoked Chicken Sausage With Mozzarella Cheese
13388,Land O' Lakes Mini Moo's Half & Half
13398,HL HUMMUS    RED PEPPER
13406,Daily Greens Fruit and Vegetable Juice
13409,Dubliner Wedge Pre Cut Cheese
13410,White Cherry Sports Drink
13412,Spring Mint Antiseptic Mouth Rinse
13423,Grands! Flaky Layers Original Biscuits
13424,Almonds
13425,Blueberry Bliss Luna Bar
13428,Curried Red Lentil Organic Soup
13431,Flaky Biscuits
13443,Chocolate Banana Meal Replacement Shake
13444,Hot Chili Flavor Ramen Noodle Soup
13447,Margherita With Cherry Tomatoes Pizza
13449,"Peter Rabbit Organics Beet, Carrot & Pear Sauce"
13450,Balsamic Glaze
13451,Organic White Sesame Seeds
13452,Organic Refried Vegetarian Pinto Beans
13455,Thai Spicy Mochi Rice Cracker
13456,Magic Shell Chocolate
13457,Pad Thai Brown Rice Noodles
13475,Coconut Almond Granola
13488,Bucatini
13490,Jalapeno Slices
13496,Tofu Shirataki
13499,Unsweetened Rose Green Tea
13500,Mild Sliced Cheddar Cheese
13502,Blue Cheese Crumbles Cheese
13510,Simply Organic Garlic Salt
13512,Organic Smoked Chicken Breast
13515,French Lavender Bath & Shower Gel
13516,Laundry Stain Remover Spray
13517,Whole Wheat Bread
13519,Original Cracklebred
13524,Gluten Free Plain Tortilla
13525,Balsamic Vinegar
13535,Organic Medium Salsa
13536,Shredded Parmesan Cheese
13541,100% Whole Wheat Bagels
13542,Oreo Cookies & Cream Bars
13544,3 Color Deli Coleslaw
13548,Guacamole Dip
13554,Organic Gluten Free Dude Ranch Multigrain Snack Chips
13559,Grands! Jr. Golden Layers Buttermilk Biscuits
13560,A+ Cinnamon Sweet Potato Pancakes
13563,Mushroom Baby Bella
13565,No Salt Added Gluten-Free Blue Chips Made with Organic Blue Corn
13573,Mini Butter Croissant
13575,Apples
13578,Natural Sliced Gouda Cheese
13579,Sun-Dried Tomato Basil 6 Ct Wraps
13588,Classic Seasoning with Lime
13590,Taster's Choice Original Sticks Instant Coffee House Blend
13591,Peanut Chocolate Candies
13592,Frothed Milk & Cold Pressed Espresso Draft Latte
13596,Unsweet Pineapple Water
13598,Soy & Dairy Free Plain Unsweetened Almond Milk Yogurt
13603,Tarragon Chicken Salad
13605,Frosted berry Strawberry Toaster Pastries
13608,Oral Electrolyte Powder Assorted Flavors
13609,"Heirloom Brown Eggs, Cage Free"
13610,Party Drinking Flex Straws
13618,Caramello Milk Chocolate Candy Bar
13623,Heirloom Navel Orange
13624,Leaf Cut Spinach
13627,English Breakfast Tea Bags
13629,Organic Snipped Green Beans
13634,100% Pure Grape Juice
13636,100% Natural Diced Fire Roasted Tomatoes
13639,Sliced Almonds
13640,Asian Pears
13642,Whole Grain Blends Wheat Couscous Roasted Garlic & Olive Oil
13643,Zero Calorie Lemon Lime Soda
13646,Lemon Hummus
13649,"Applesauce On The Go Pouches, Variety"
13654,Savory Butter Rolls
13655,Pizza for One Deluxe Frozen Pizza
13660,Original Kombucha
13661,Wheat Free Gluten Free Instant Oatmeal Maple Raisin With Flax
13668,Powersmile Peppermint Toothpaste
13670,"Tea Tree Oil Mouthwash, with Essential Oil of Spearmint"
13672,Natural Raw Almonds
13674,70% Cacao Baking Bar
13675,Pure Tart Cherry 100% Juice
13679,Original Bacon
13682,Original rising Crust Hawaiian Style Pizza
13692,Fully Cooked Calabrese Italian Pork Sausage
13702,Good Seed Organic Thin Sliced Bread
13709,Organic Dailt Vitamin Pops
13712,Cold Brew Coffee Double Espresso with Almond Milk
13715,Soft Frozen Variety Pk Lemonade Lemon & Raspberry Lemonade
13716,Rich Milk Chocolate Complete Nutritional Drink
13718,Grape with Electrolytes & Vitamins Water Beverage
13731,Ultra Soft & Strong Bath Tissue
13732,Outshine Fruit Bars Assorted Fruit
13733,Red Potatoes
13735,Loaded Potato Salad
13740,Organic Summer Strawberry Bunny Fruit Snacks
13743,French Vanilla Sugar Free Powder Coffee Creamer
13748,Diced San Marzano Style Organic Plum Tomatoes
13751,Organic Sea Salt Dark Chocolate
13755,Instant Oatmeal Maple & Brown Sugar
13760,Simply Dressed Lemon Vinaigrette
13766,Natural Goat Cheese
13768,"Ground Pork, Extra Lean, 4% Fat"
13772,Cherry Garcia Frozen Yogurt
13774,Sun Blossom Probiotic Kombucha
13779,Carrot Squash & Apple 100% Vegetable & Fruit Puree
13780,Thyme
13782,18-in-1 Hemp Pure-Castile Soap Lavender
13783,Any'tizers Homestyle Chicken Fries
13786,Protein & Fiber Bar S'mores
13790,Triscuit Reduced Fat Crackers
13795,Organic Spicy Very Veggie Juice
13799,42.2 Oz Wj Rf Lav&Van
13802,Salted Sweet Cream Butter
13805,Gluten Free Everything Baked Cracker
13806,1% Milkfat Low Fat Vitamin A & D Milk
13807,Light and Lean Macaroni and Cheese
13808,Organic Black Cherry Lowfat Yogurt
13814,Soothing Mint Get Regular Gentle Herbal Laxative Tea
13815,Honey Maple Ham
13819,Roasted Salted Cashews
13822,Super Soft Flour Tortillas
13829,Mild Salsa
13835,Chicken Mozzarella Tortelloni
13837,Grape Leaves
13838,Natural Free & Clear Dish Liquid
13840,"Fillo Appetizers, Spinach & Feta, Spanakopita"
13841,Caffe Verona Dark Keurig Brewed K-Cups Ground Coffee
13842,Sweetened Lime Juice
13848,Goat Cheese & Basil Ravioli
13851,Organic Classic Sea Salt  Oven Crinkles Fries
13852,Organic Broccoli Crown
13855,NyQuil Severe Cold & Flu and DayQuil Severe Cold & Flu Caplets Convenience
13858,Organic All Stars Pasta In Tomato & Cheese Sauce
13861,Organic Ashwagandha True Chai Elixir
13866,Deluxe Plain Bagels
13870,Lightly Salted Baked Snap Pea Crisps
13874,Organic Pumpkin
13876,Laredo Chili With Beans
13877,Smoked Salmon
13879,Organic Green Tea with Ginger
13884,Chocolate Chip Muffins
13885,Caramel Cookie Crunch Gelato
13889,Cashew Milk Salted Caramel Cluster Non-Dairy Frozen Dessert
13890,Assorted Twin Pops
13891,Normal to Oily Skin Daily Facial Cleanser
13899,Mint Glide Floss Picks
13909,Jasmine Rice
13911,Lager
13913,"Sparkling Citrus Beverage, with Orange Pulp!"
13914,Cheez-It Baked Snack Crackers
13917,Organic Snackimals Chocolate Crisp Cereal
13920,"Orange, Cherry, & Grape Ice Pops"
13921,Vegetable Classics Garden Vegetable Soup
13929,Multi Surface Antibacterial Everyday Fresh Citrus Cleaner
13931,Sweetened Raspberries
13932,Blackcurrant Jelly
13934,Lemon Thins
13936,Naturally Hickory Smoked Bacon
13944,Pure Water
13945,2 in 1 Whitening Toothpaste
13948,Wastebasket Liners
13949,Organic Extra Large Omega 3 Grade AA Eggs
13951,Mixed Fruit Snacks
13952,"Cheese, Fresh Mozzarella"
13955,Colby Jack Shredded Cheese
13958,Protein Power Gluten-Free Black Bean And Quinoa Pasta Elbows
13966,Chicken Pot Pie
13968,Rustic Tomato Basil Sauce
13970,Reserve Dark Roast Guatemala San Sebastián Ground Coffee
13974,Reduced Fat Creamy Peanut Butter Spread
13975,Vitamin E 1000 IU
13976,100% Whole Wheat Flour Tortillas
13978,Sambucus Standardized Elderberry Gummies
13980,"Jalapeño String Cheese, Low Moisture Part Skim Mozzarella Cheese with Jalapeño Peppers"
13984,Organic Mint
13988,Snow Peas
13994,"Gourmet Red Velvet Cupcakes, Real Cream Cheese Filled"
13995,One Chocolate Cherry Almond Meal Bar
13996,Giant Peach
13997,Braeburn Apple
14001,Baguette
14005,Ultimate Caesar Salad Kit
14010,Organic Mango Yogurt
14032,Tortilla Chips
14034,Sweet Tea
14036,Mini Semisoft Gouda Cheeses
14043,"Ice Cream, Mint Chip"
14048,Lemon Twist Hummus
14050,Double Chocolate Chip Protein Bar
14057,Gluten Free Chocolate Chip Snack'n Go Packs
14058,Pain Reliever Fever Reducer Extra Strength For Adults Acetaminophen
14063,Triscuit Original Baked Whole Grain Wheat Crackers
14064,Wide Noodles
14069,Vietnamese Brown Rice Spring Roll Wrappers
14074,"Cheese Alternative, American Style, Slices"
14076,Lavender & Chamomile Hand Soap
14077,Homemade Marinara Sauce
14084,Organic Unsweetened Vanilla Almond Milk
14086,Sparkling Apple Juice
14089,Organic Freeze Dried Bananas
14095,"Green Beans, Organic, Cut"
14096,Roasted Garlic
14097,Velveeta Original Shells & Cheese
14100,Olive Oil Popcorn
14101,Steam Crisp Super Sweet Yellow & White Whole Kernel Corn
14104,Pike Place Roast Medium Keurig Brewed K-Cups
14111,"Light, Very Vanilla"
14112,Organic Coconut Bliss Vanilla Island Ice Cream
14114,Orange Chicken
14117,Premium Traditional Homestyle Cream Style Corn
14118,Pretzel Bread Grilled Chicken with Jalapeno Cheddar Sandwiches
14126,Gluten and Dairy Free Rice Macaroni and Cheeze
14127,Tesora Medium Roast
14129,Organic Chicken Bone Broth
14131,Traditional Hearty Chicken and Rotini Soup
14133,Lean Protein & Fiber Bar Chocolate Almond Brownie
14136,Whitening Plus Scope Crest Complete Whitening + Scope Multi-Benefit Minty Fresh Striped Toothpaste 12.4oz Twin Pack  Dentifrice
14142,Organic Cowgirl Ranch Dressing
14143,Hot Roasted Habanero Salsa
14146,Sliced Wheat Bread
14147,Sweet Cream Salted Butter
14148,Original Worcestershire Sauce
14150,"Deli Slices, Bologna Style"
14157,Green Tea With A Hint Of Jasmine
14159,Seedless Watermelon
14161,Kiwi
14163,Ready to Bake! Chocolate Chip with Hershey's Chocolate Chips Cookies
14165,Peanut Butter Candy
14168,Penne Pasta
14177,Chocolate Almond Milk
14180,Steamers Asparagus Cuts
14182,Caffeine Free Peppermint Herbal Tea
14183,Fruit & Nutty Almonds Raisins Cranberries Pecans Granola
14187,Bold & Crispy Zesty Twirls
14191,Premium Beef Franks
14197,Tomato Paste
14199,Black Cherry Gelato
14211,Baby Food Stage 2 Pumpkin Banana
14218,Grade A Large Eggs Cage Free Omega 3
14223,Fettuccine  No. 6 Pasta
14233,Natural Artesian Water
14235,Three Cheese Semolina Loaf
14240,Organic Sunflower Butter Chocolate Macrobar
14242,Organic Sweetened Condensed Milk
14248,Spring Water Refill Liquid Hand Soap
14252,Coke Zero Diet Soda
14254,Original Rice Pudding
14256,Chicken Bone Broth
14258,Cruisers Size 5 Giant Pack Diapers
14259,Organic Vegetable Quinoa Soup
14261,Snickers Candy Bars
14267,Organic Refried Black Beans
14270,Milk Chocolate Morsels
14277,Kava Stress Relief Tea
14278,Champagne Wine Vinegar
14280,Wieners
14286,Light Italian Style Meatball Soup
14287,White Wine Vinegar
14289,All Natural Half Lemon Aid & Half Iced Tea
14290,Flour
14295,Sea Salt Garden Veggie Straws
14298,Vantage Choose-A-Size Giant Roll Paper Towels
14299,Candy Corn
14302,Westfalia Red Ale
14312,Dark Chocolate Almonds
14320,Sliced Peaches In 100% Fruit Juice
14332,Organic Yellow Mustard
14335,Phish Food® Ice Cream
14337,White Regular Paper Towel Rolls
14347,Mortadella
14350,Pure Mint Extract
14351,Limone Flavored Potato Chips
14355,Organic Beef Bone Broth
14357,Three Cheese Pizza Shell
14364,Paneer
14366,Enlighten Mint Organic
14368,Turmeric Ginger Tea
14371,Organic Nonfat Milk
14378,Finocchiona Salami
14379,BBQ Chicken Crispy Thin Crust Pizza
14381,Whole Grain Cheddar Baked Goldfish Crackers
14386,Cherry Preserves
14390,Oreo Mini Bite Size Chocolate Sandwich Cookies
14392,Smoked Turkey Drums
14399,Limeade
14401,2-Ply 100% Recycled White Facial Tissues
14404,California Sliced Black Olives
14407,Organic Baby Brown Rice Cereal
14409,Pico De Gallo Beans & Rice Chips
14410,Spicy Black Bean Veggie Burgers
14414,Sandwich Cookies & Crackers Variety Snack Packs
14419,Fresh Scent Laundry Detergent
14420,Fat Free Gluten Free Low Sodium 12 Flavor Gummi Bears
14421,Espresso Ground Coffee
14429,Organic Ground Black Pepper
14436,With Savory Chicken & Turkey Cat Food
14437,Total Greek Yogurt With Honey
14439,Canned Soda
14443,Special Dark Mildly Sweet Chocolate Bar
14444,Smokehouse Almonds
14446,Pure Premium Low Acid Orange Juice
14447,Chocolate Mint Builder's Bar
14449,Original Cheezy Chipotle Kale Krunch
14452,Goji Blackberry Zero Calorie Iced Green Tea
14461,Organic Freeze-Dried Mango
14462,Sliced Black Olives
14464,Dulce de Leche Caramel Ice Cream
14466,Oat Chocolate Chip Coconut Whenever Bars
14467,Sweet Baguette
14470,Strawberry Probiotic Dairy Drink
14477,Organic Spaghetti
14484,Carpet & Rug Shampoo Concentrate
14486,One Bun Multigrain Whole Grain Pita
14488,Sliced Muenster Cheese
14491,"Happy Baby Spinach, Mango, and Pear Baby Food"
14492,Classic Seafood Feast Cat Food
14493,Whole Wheat Eggo Waffles
14494,Basic White Paper Towels
14498,Farmhouse Potato Bread
14499,Caramels
14502,Tri-Color Rotini Pasta
14505,Old World Style Organic Traditional Pasta Sauce
14508,Flour Soft Taco Tortillas
14511,Grated Pecorino Romano
14512,Scooby-Doo Tropical Fruit Snacks 20 Ct
14519,Soothing Aloe Vera Moisturizing Body Wash
14534,Cheese Tortellini Bowls
14536,Natural Goodness 33% Less Sodium Chicken Broth
14540,Organic Beefsteak Tomato
14542,Wicked Fresh! Spearmint Ice Toothpaste
14553,Oats & Honey Granola
14554,Ultra Comfort Care 2-Ply Double Rolls Toilet Paper
14563,Puff Pastry Sheets
14566,Thick & Creamy Strawberry Flavored Lowfat Yogurt
14568,Melatonin 2.5 Mg Peppermint Flavored Sublingual Tablets
14569,Spring & Renewal Febreeze Freshness Laundry Detergent
14573,Organic Tomato Basil Soup
14576,Delights Turkey Sausage Egg Whites & Cheese English Muffin
14577,Cinnamon Cashew Vanilla Organic Cold-Pressed Coffee
14578,Dozen Roses
14579,Watermelon Lemonade
14582,Funfetti Premium Cake Mix With Candy Bits
14587,Abruzzese Italian Meatball
14589,Standard Playing Cards
14610,Organic Whole Wheat Couscous
14612,Sea Salt Grinder
14613,"Egg Noodles, Extra Wide"
14618,Bag Of Baby Lemons
14627,Organic Chewy Oatmeal Raisin Granola Bars
14632,Extreme Clay Cat Litter
14633,Veggie Chips
14634,Original Spread
14636,Eggo Chocolate Chip Pancakes 12 Count
14639,Organic V 100% Juice
14645,De Mexico
14647,Diced Hot Green Chiles
14649,Lasagna Italiano
14650,Vanilla Whey Protein Powder
14651,Tommy/Kent/Keitt/Haden Mango
14652,Cocoa Loco Baked Chewy Bars
14656,Organic Protein Bar Cocoa Almond
14657,Whole Wheat Challah Rolls
14660,Brown Rice Pasta Vegetable Spirals
14662,Dumplings Noodles
14668,Organic Premium Sweet Petite Mini Peeled Carrots
14669,"Italian Pasta Sauce Basilico Tomato, Basil & Garlic"
14671,Hydroponic Bibb Lettuce
14673,Natural Glass and Surface Cleaner
14675,White Miso Soup
14678,Organic Frozen Peas
14680,Breakfast Sausage  Egg & Cheese
14687,With Stainlifters Free Clear 63 Loads Laundry Detergent
14688,Bamboo Skewers
14698,3D White Radiant Soft Toothbrush
14702,Maple Honey Ham
14704,Organic Bagged Valencia Oranges
14705,Pie Crusts
14711,Organic Lowfat Mango Kefir
14715,Coconut Water
14719,Vantage Choose-A-Sheet Paper Towels
14720,Gluten Free Mushroom Risotto Veggie Burgers
14726,"Mini 8\"" Italian Pizza Crusts"
14727,Yellow Onion
14732,Organic Stage 2 Pears & Mangos Baby Food
14739,Chocolate Dipped Coconut
14740,Builder's® Chocolate Mint Protein Bars
14744,Organic Steak Sauce
14761,Honey Almond Flax Chewy Granola Bars
14764,Organic Sprouted Wheat Bagels
14766,Sparkling Grapefruit
14774,Ready Rice Red Beans & Rice
14778,Organic Chocolate Chip Chewy Granola Bars
14780,Jalapeno Cilantro Salsa
14781,Dairy Free Lite Culinary Coconut Milk
14784,Nux Vomica 30 C
14785,Stage 1: Newborn HEC Liquid Detergent
14788,Unsweetened Iced Tea
14803,Mild White Kimchi Napa Cabbage
14804,Organic Cream Of Chicken Soup
14806,The Original Fruit & Nut Food Bars Chocolate Chip Brownie
14809,Organic Earl Grey Black Tea Bags 15 Count
14814,Gluteen Free Center Cut Applewood Smoked Uncured Bacon
14819,Crazy Feta Dip
14833,Sweet Rejuvenation Cashew Butter Macrobar
14835,Safflower Mayonnaise
14849,Ground Turmeric
14850,Classic Macaroni & Beef in tomato sauce. Classic Macaroni & Beef
14852,All Natural Marinara Sauce
14853,Organic Oat Non-Dairy Original Beverage
14858,Multigrain Pita Chips
14861,Chocolate Cereal
14863,Cellentani Pasta
14864,Low-Fat Chicken Tortilla Soup
14867,Honey Bunny Grahams
14870,Icelandic Style Fat Free Plain Yogurt
14871,Ibuprofen Liqui-Gels Capsules
14872,All Natural Powder Cleanser
14874,Organic Eggs Large
14875,Soft & Smooth Whole Grain White Bread
14881,Organic Yukon Select Fries
14886,Genoa Salami
14889,Light Garlic & Herbs Cheese Dip
14890,Shelled Walnuts
14891,Black Coffee
14897,Sweet Potato Yam
14898,Organic Thousand Island Dressing
14899,Whole Milk Strawberry Smoothies
14901,Raisins
14904,Free & Clear Diapers
14905,Hickory & Brown Sugar Barbecue Sauce
14907,Organic Just Cranberry 100% Juice
14908,Cherry Vanilla Soda Natural Cane Soda
14917,Blackberry Yogurt
14929,Unsalted Homemade Butter
14930,Protein Oatmeal Maple Pecan Crunch
14945,Egg & Smoked Gouda Multi-Grain Flatbread Breakfast Sandwich
14947,Pure Sparkling Water
14951,Steamers Antioxidant Vegetable Blend
14958,Ground Smoked Paprika
14962,Hearts of Palm
14966,Organic Mandarins
14967,Favorites French Bread Supreme Pizza
14971,Pineapple Coconut Water
14974,Ksa Ko?Lsch Style Ale
14976,Organic Paprika
14979,Mozzarella Ciliegine
14980,Everyone Coconut Lemon Lotion
14986,Wild Mushroom & Herb Rice Pilaf Mix
14992,Green Beans
14996,Ruby Red Grapefruit
14999,Grade A Large Brown Eggs
15005,"Just Crisp, Parmesan"
15008,Chocolate Hazelnut Butter
15010,Vegetable Rich & Hearty Beef Pot Roast Soup
15011,"Pita Chips, Simply Naked"
15014,Cinnamon Oat Granola Bars
15016,Organic Crookneck Squash
15028,"Polenta, Organic, Traditional Italian"
15029,Glazed Donuts
15040,Organic Acorn Squash
15042,Traditional Italian-Style Wedding Soup
15049,French Onion Recipe Mix
15057,Fresh Care Flushable Cleansing Cloths Refills
15061,Premium Chocolate Chunk Brownie Mix
15063,Organic Cashew Nondairy Vanilla Yogurt
15072,"Chili Pepper, Lightly Dried"
15075,"Pearl Tampax Pearl plastic, Regular Absorbency Unscented Tampons, 36 Count  Feminine Care"
15078,Saffron Yellow Seasonings & Long Grain Rice
15081,"Eggs, Organic, Pasture-Raised, Large"
15084,Creme Caramel Low Fat Frozen Yogurt
15085,Spot's Stew Dry Cat Food Formula Chicken Recipe
15091,Organic Pears & Rasberries Stage 2 Baby Food
15094,Edamame Dry Roasted Spicy Wasabi
15097,Light Mayonnaise
15100,Fresh Spinach
15103,Mushroom And Cheese Ravioli
15107,Artichoke Sauce
15120,Classic Vanilla Yogurt
15123,Gluten Free Fudge Covered Pretzels
15129,Chunky Hot Salsa
15130,Fresh Cut Baby Carrots
15134,Strawberry Gelatin
15136,Vanilla Bean Almond Milk
15139,Simply Yellow Corn Tortilla Chips
15143,Blueberry Pint
15146,Vanilla Rice Drink
15150,100% Whole Ground Organic Golden Flaxseed Meal
15153,Blue Machine Boosted 100% Juice Smoothie
15160,Applewood Thick Cut Bacon
15164,De Mexico Bottle
15171,Reclosable Sandwich Extra Large Bags
15174,Raspberry Pim's European Biscuits
15178,Organic Vegetable Medley
15182,"Organic Turbinado, Raw Cane Sugar"
15183,Raspberry Fruit Bars
15184,"Lean, Seasoned Turkey Burger"
15185,Detergent Booster
15200,Organic Green Beans
15206,Wetjet Original Cleaning Pads Refills
15207,Strawberry Granola Bar
15209,Citrus Electrolyte Tabs
15221,2% Milk
15225,Kosher Italian Style Freshly Shaved Parmesan and Asiago Cheese
15226,Whole Rye Bread
15232,Honey Bunches of Oats Crunchy Honey Roasted Cereal
15235,Reese's Peanut Butter Chips
15240,Chicken Hearts & Liver Feast in Gravy Sliced Wet Cat Food
15241,Original Gourmet Granola
15251,Nut & Spices Bar Dark Chocolate Almond Mint
15258,Protein Chewy Bar Peanut Butter Dark Chocolate Bars
15261,Organic Rosemary
15269,Natural Medium Cheddar Cheese
15273,Organic Jumbo Grade A Pastured Eggs
15276,Strawberry Kiwi Juice
15279,Soy Milk Plain
15284,Small Round Container + Lid
15286,Cold Stone Creamery Sweet Cream Coffee Creamer
15287,Sliced White American Cheese
15290,Orange Bell Pepper
15297,Strawberry Oikos Greek Yogurt
15312,Lemongrass Long Lasting Deodorant Stick
15318,Lite Ranch Dressing
15322,Sriracha Chicken Big Burrito
15324,Cran-Grape Juice
15328,Peanut Butter Filled Pretzels
15335,Harissa Simmer Sauce
15341,Sweeper Dry Sweeping Refills
15343,Coffee Blended Low-Fat Greek Yogurt
15344,Supreme Party Pizza
15348,Salisbury Steak with macaroni and cheese Salisbury Steak with macaroni and cheese
15349,Organic Raw Agave Nectar
15351,Organic Unsweetened Green Tea
15354,Goldfish Cheddar
15359,All Purpose Flour
15363,Mini Round Containers + Lids
15364,Thick 'N Creamy Macaroni & Cheese
15366,Blueberry Soy Yogurt
15369,Country Potato Hot Dog Buns
15370,Black Roasted Sesame Seed
15374,Homestyle Turkey Meatballs
15383,Garlic Alfredo Sauce
15384,Cooked Chocolate Pudding And Pie Filling Mix
15386,Whole Grain White Corn Salted Tortilla Chips
15392,Organic Mayonnaise
15396,Organic Lime Juice
15399,"Almondmilk Creamer, Vanilla"
15404,Fresh Sliced Mozzarella
15405,Pacific Northwest Wild Albacore Tuna
15410,Mezzi Rigatoni
15411,Black Peppercorn
15412,Chicken Flavor Ramen Noodles
15414,Double Smoked Uncured Center Cut Bacon
15416,Premium Cannellini White Kidney Beans
15418,Coconut Chips
15424,Purified Water
15425,Colombia Deep Roast Ground Coffee
15429,Organic Chai Tea Latte Concentrate
15438,"Mayonnaise, Classic"
15440,Peaceful Sleep Oil Blend
15452,Maxi pads Overnight With Flexi-Wings
15453,Gluten Free Vanilla Creme Cookies
15455,Organic Extra Virgin Oil Olive
15460,To Go Stain Remover Pen
15462,Multigrain Bread
15464,Healthy Request Condensed Soup Cream of Mushroom
15467,Core Gluten Free Mint Chocolate Bar
15472,Hickory Ham & Cheddar Sandwiches
15477,Wheaties
15478,Garlic Pickle Spears
15482,Cobb Salad
15483,Sparkling Peach Nectarine Soda
15487,Raspberry English Tea Scones
15498,Brownie Scratch Baking Mix
15503,Pickling Cucumber
15510,Organic Vegetarian No-Chicken Broth
15516,Sesame Tahini
15518,Uncured Canadian Bacon Breakfast Burrito
15526,Creamy Queso Fresco Chipotle
15527,Teriyaki Veggie Burgers
15532,Classic Honey Peanut Butter Squeeze
15539,Grands Buttermilk Biscuits
15541,Original Almondmilk
15551,Kiwifruit
15557,Medium Chipotle Garlic Taco Skillet Sauce
15572,"Pineapple Chunks, Organic, in Their Own Organic Juice"
15575,Organic Strawberry Coconut Milk Yogurt
15576,Uncured Beef Hot Dog
15577,Red Zone Collection Deodrant - Swagger
15578,Kids Very Emollient Sunscreen SPF 45
15579,Light in Sodium Black Bean Vegetable Enchilada Entree
15582,Gluten Free Mountain White Bread
15591,Gluten Free Steel Cut Oats
15592,Organic Baby Romaine Lettuce
15599,Naturally Hickory Smoked Thick Cut Bacon
15602,Egg Matzos
15603,Strawberries & Cream Meal Replacement Shake
15604,Fat Free Plain Yogurt
15607,Sesame Ginger with Mandarin Orange Juice Marinade
15610,Balsamic Vinegar of Modena
15613,Salted Tub of Butter
15618,White Cheddar Rice Cakes
15622,Chipotle In Adobo Sauce Peppers
15629,Wine Infused Salame Cheese and Crackers Small Plates
15630,Organic Fat Free Refried Pinto Beans
15639,Passover Matzo Farfel
15647,Honey Wheat Rolls
15649,Baby Seedless Cucumbers
15650,Crunchy Peanut Butter Granola
15653,Extra Broad Noodles
15654,Heavy Duty Fresh Scent Oven Cleaner
15655,Dark Chocolate Mint Snacking Chocolate
15657,Peanut Butter Honey Spread
15664,Tomatoes Sauce
15669,The Organic Candy Bar Mocha Bar
15671,"Quinoa Puffs, Herbes de Provence"
15672,Brownie Bites
15674,"Ultra Liquid Laundry Detergent, Free & Clear"
15675,Organic Sugar Cones
15680,Red Plastic Cups
15683,Caribbean Coconut Gelato
15685,Luxurious Moisture for Dry or Damaged Hair Conditioner
15693,Organic Peach Oo La Long Tea
15694,Spa Cuisine Grilled Chicken Primavera
15700,Cheddar Cheese Nut Thins Cracker Snacks
15703,Original Strawberry/Harvest Peach Variety Pack Low Fat Yogurt
15712,Organic Traditional Plain Kefir
15716,Packets No Calorie Sweetener
15734,Whole Grain with Vanilla Bunches Cereal
15739,G Series Fruit Punch Sports Drink
15740,Pumpkin Fig Ancient Grain Granola
15741,Strawberry C Monster Smoothie
15742,"Gelato Dessert, Amalfi Lemon"
15758,Organic Hachiya Persimmons
15759,Peanut Butter Sandwich Cookies
15761,Fridge Pack Lemonade
15763,PastaJoy Brown Rice Pasta Elbow
15765,Family Size All Butter Pound Cake
15767,Blackened Chicken Salad
15772,Pineapple Spears
15780,Breakfast Blend Medium Roast Ground Coffee
15785,Sticks The Pounder Pretzels
15793,Rice Shoyu Arare Cracker
15794,Affi's Aubergine Fire Roasted Eggplant & Garlic All Natural Dip
15795,Organic Sweet Potato (Yam)
15801,"Cheese, Crumbles, Amish Blue"
15802,Oral Electrolyte Solution Strawberry
15807,Original Blue Painter's Tape
15820,Cafe Cuisine Sesame Chicken
15824,Adult Soft Record V Nylon Bristle Toothbrush
15831,Kosher Chicken Breasts Boneless And Skinless
15839,California Grown Chopped Garlic
15842,Dairy Free Coconut Milk Yogurt Alternative
15853,Bold Parmesan & Garlic Vinaigrette
15860,Natural Apple Sauce Cups
15861,Eucalyptus Castile Liquid Soap
15870,Steamfresh Whole Green Beans
15872,Celery Hearts
15878,"Burrito, Shredded Beef"
15880,Ultra Strong Bath Tissue
15886,Laundry Liquid Free & Clear Unscented Allergen Fighting Laundry Liquid
15887,Rosemary Hand Soap
15891,Barbecue Sauce
15892,Veggie Dogs
15899,Organic Reduced Sodium Tamari
15902,100 Calorie  Per Bag Popcorn
15903,"Noodles, onions & mushrooms in a sour cream sauce Beef Stroganoff Starter"
15904,Mandarin Orange & Grapefruit Hand Wash 12 oz
15905,Low Sodium 100% Vegetable Juice
15906,Midnight Moon
15907,Bleach HydroClean Action Fresh Rapids Scent Dishwasher Detergent
15913,Ranch Veggie Dip
15919,"Rack Roaster, Giant Oval, with Handles"
15923,Supremely Spicy Hummus
15925,Macaroni and Cheese
15928,Whiskas® Temptations® Seafood Medley Flavor Mega
15935,Rainbow Carrot Bunch
15937,Shallot
15938,Traditional Crust Three Meat Pizza
15943,Dark Cacao
15945,Freshly Shredded Parmesan Cheese
15948,Farmstand Pomegranate Blueberry Fruit & Vegetable  Juice
15949,Vanilla Almond Coconut Almond Breeze
15950,Chik'n Nuggets
15960,Pasta Joy Ready Brown Rice Pasta Penne with Rice Bran
15962,Organic Red Potato Bag
15968,Spring Waterfall Scent Disinfectant Spray
15969,Solid White Albacore Premium Tuna in Water
15976,Diced Peaches in 100% Fruit Juice
15979,Extra Sharp Cheddar Cheese Block
15981,Unsweetened Soymilk
15984,Almond Milk Blueberry Yogurt
15992,Blackberry Serrano Yogurt
15995,Organic Cinnamon Apple Sauce
15996,Raw Cashew Butter
15999,Zero Ion4 Grape Sports Drink
16001,Coffee Mexican Vanilla
16014,Barbeque Potato
16015,"Creme Soap, Glyceryne, Old Fashioned Oatmeal"
16019,All-In-One French Vanilla Nutritional Shake Sachet
16020,Original Crescent Rolls
16021,Cinnamon Streusel Coffee Cakes
16031,Clean Day Honeysuckle Scent Multi-Surface Cleaner
16033,Finely Ground Natural Almond Meal
16038,Light Corn Syrup
16042,Maca Powder
16044,Pure Premium Orange Juice Lots Of Pulp Calcium + Vitamin D
16048,Deluxe Nut Mix
16057,Original Snack Crackers
16061,Pink Lady (Cripps) Apple Bag
16072,Sport Chocolate Peanut Butter Protein Bar
16073,Dairy Pure Fresh Half And Half
16083,Organic Large Brown Eggs
16089,Mild Cheddar
16097,Total with Cherry Greek Strained Yogurt
16103,Strawberry Fruit Strips
16104,Matcha
16108,Deli-Sliced Hot Jalapeño Peppers
16115,"Pods HE Laundry Detergent, Free & Gentle, 35 Count Laundry"
16122,All In One Coconut Almond Packet
16125,Deep Dish Four-Cheese Pizza Singles
16127,Neufchatel Cheese 1/3 Less Fat
16131,"Organic Chicken Noodle Soup, Reduced Sodium"
16136,Organic Apple Cider Vinegar & Honey All Natural Drink
16137,Spicy Chili Seasoning
16139,Clara
16142,Salted Pretzel Sticks
16144,Cilantro Paste
16145,Organic Cannellini Beans
16147,Sauce Chipotle Tinga Chicken Slow Cook
16152,Traditional Chicken Noodle 99% Fat Free Soup
16154,Mini Peanut Butter Sandwich Crackers
16159,Free & Gentle Liquid Laundry Detergent
16168,Large Organic Omega3 Brown Eggs
16174,Original Vegenaise Dressing & Sandwich Spread
16177,Grands Southern Homestyle Biscuit
16181,Casa Sanchez
16185,Sharp Cheddar Cheese
16192,Premium Natural Pepper Jack Cheese
16198,Natural Uncured Turkey Hot Dog
16207,Original Sparkling Seltzer Water
16209,Littleneck Clams
16213,Orange with Mango Juice
16214,Lower Back and Hip Heat Wrap
16215,100% Natural Beef Broth
16219,Fine Granulated Sugar
16220,Cream Soda
16223,Four Cheese Crispy Thin Crust Pizza
16234,Vitamin D Organic Milk
16235,Vanilla Keurig Brewed K-Cups
16237,Finely Shredded Mozzarella Cheese
16241,Peanut Butter Chocolate Chip Meal Bar
16245,Chunky Grilled Chicken & Sausage Gumbo Soup
16247,Caraway Crackers
16249,Lacinato Kale Og
16254,ZBar Organic Chocolate Brownie Energy Snack
16259,Classic Chevre Crumbled Goat Cheese
16260,Organic Olive Oil Cooking Spray
16262,Everything Bagels
16274,D.O.P. San Marzano Tomatoes
16281,Solid White Albacore Tuna
16282,Chocolate Chip Cookie DO Bites
16283,Fresh Asparagus
16284,Chocolate Wafer
16289,Greek 0% Fat Strawberry on the Bottom Yogurt
16290,Sparkling Clementine Juice
16291,Organic Extra Large Brown Omega 3 Eggs
16293,Daily Shower Cleaner
16300,Sweetened Condensed Coconut Milk
16305,Ritz Crackers
16321,70% Dark Chocolate With Coconut Bar
16325,Turmeric
16326,Original Recipe Tennessee Honey Whiskey
16327,Blast of Vitamin C Orange Supplement
16328,Edamame Shelled Soybeans
16330,Orange Pineapple Banana Juice
16334,Dill Relish
16339,Aged Reserve Cheese
16341,Grovestand Lots Of Pulp Pure 100% Florida Orange Juice
16345,Spinach & Kale
16349,Organic Yams
16350,Variety Snack Pack
16357,Smoked Ham Off The Bone
16359,Medium Pearled Barley
16363,Gluten Free Breaded Chicken Breast Tenders
16364,Organic Fat Free Vegetarian Traditional Refried Beans
16365,Hot & Spicey Baked Snack Crackers
16370,Rice Sides Chicken Flavor Broccoli
16376,Chicken & Cheese Taquitos
16378,Smart Ones Classic Favorites Salisbury Steak
16384,Just Mangos Organic Baby Food
16387,Cold-Pressed Organic Grapefruit
16392,Salisbury Steak Meal
16393,Ibuprofen Tablets
16396,Grass milk Raw Cheddar Cheese
16398,Guava Goddess Organic Kambucha
16409,Purity Cold Pressed Juice
16410,Kettle Cooked Sea Salt & Cracked Pepper Potato Chips
16411,Apple Pie with Cinnamon Sugar
16414,Finely Shredded Parmesan Cheese
16415,Almond Breeze Almond & Coconut Milk Blend
16419,Sweet Sliced Bread
16422,Cherry Limeade Flavored Fruit Drink
16423,Pasteurized Apple Juice
16425,Organic Lowafat 1% Milk
16427,Seedless Jewish Rye Bread
16428,"Bread, Gluten Free, Seeded"
16432,Organic Honey Gold Potatoes
16434,Dark Chocolate Brownie Mix
16445,Honey Dijon Mustard
16446,Grade A Pasturized Light Sour Cream
16455,Low Sodium Potato Pancake Latkes Mix
16456,Vegetarian Organic Chili Beans
16459,Lorraine & Florentine Petite Quiche
16460,Organic Buttery Rich Classics
16461,Peas Pulav Basmati Rice With Green Peas
16462,Ready-to-Bake 9 Inch Pie Crusts
16464,Sweet & Salty Nut Almond Granola Bars
16465,Kitchen Bags
16466,Organic Amaze Mint Baby Food
16469,Broccoli Cheddar Quiche
16477,Milk Chocolate With Soft Nougat And Caramel Center Candy Bar
16478,Alfalfa Sprouts
16479,"Fruit Spread, Deluxe, Strawberry"
16482,Seasoning Cinnamon Sticks
16486,Diet Pepsi Slim Cans
16489,1 % Lowfat Milk
16490,Old Fashioned Whole Wheat Bread
16494,Double Zipper Gallon Freezer Bags
16495,Original Gluten Free 1/3 Lb Burgers
16501,Currant + Mint Lamb Bar
16508,Stage 3 Hearty Meals - Chick Chick Organic Baby Food
16516,G2 Thirst Quencher Glacier Freeze
16518,Tropicals Sugar Free 1.65 fl oz Ice Pops
16519,"Plates, Paper, Heavy Duty, 6-7/8 In"
16521,Walnut Halves & Pieces
16522,No Sugar Added Sensible Sweets Hot Cocoa Mix
16525,Organic Chopped Garlic
16528,Straightshot Probiotic Oat Drink
16535,Organic Soups Hearty Spanish Rice & Red Bean
16539,Orange Juice with Calcium
16541,Grass Fed Angus Ground Beef 93/7
16551,Fresh Picked Collection Raspberry Gel Air Freshener
16554,Milk & Honey Body Lotion
16555,Southwest Chipotle Salt-Free Seasoning Blend
16556,Popcorn Party Size! White Cheddar Cheese
16560,Organic Stage 2 Carrots Baby Food
16568,Dishwasher Detergent
16570,Organic Fresh Carrot Chips
16573,3 Cheese Ravioli
16574,Peppermint Extract
16575,Kosher Dill Mini Pickles
16589,Plantain Chips
16594,Indicator Contour Clean Soft Toothbrush
16607,Whole Grains Health Nut Bread
16608,Chicken Orange
16609,Chopped Clams
16611,Milk
16613,Chocolate Chunk Cookie
16615,Zero Calories Berry Nutrient Enhanced Water
16616,Organic Sliced White Mushrooms
16617,Organic Muenster Cheese Slices
16618,Classic Potato Salad
16619,Chili Cheese Flavored Corn Chips
16628,Carmel Milk Chocolate
16630,Cough & Chest Congestion Chestal Honey Cough Syrup
16636,2% Milk Swiss Singles
16641,Strawberry Fruit Bars
16643,Light Cheesy Parmesan Alfredo Sauce
16644,Quick 3-Minute Steel Cut Oats
16645,Fresh Citrus Liquid Laundry Detergent
16647,Double Duty Advanced Odor Control Clumping Cat Litter
16648,"Roasted Red Peppers with Garlic in Olive Oil, Mild"
16650,Naturals Chicken Patties
16662,Dailyware Forks
16663,Mozzarella Style Slices
16665,Banana Bread Sprouted Bar
16676,Vanilla Sparkling Energy Water
16683,Little Sumpin' Sumpin' Ale
16696,Coke Classic
16703,4% Milkfat Large Curd Cottage Cheese
16704,Bag Pink Lady Apples
16707,Butt Paste Original Diaper Rash Ointment
16709,Purse Pack Cotton Swabs
16710,Non Dairy Coffee Caramel Fudge
16714,Mocha Frappucino Chilled Coffee Drink
16715,Organic Lowfat Plain Unsweetened Kefir
16726,Roasted Red Chili Paste
16732,Peanut Milk Chocolate XXL Bag
16744,Peanut & Gluten Free Smooth Almond Butter
16747,Original Movie Theater Popcorn
16748,Free & Clear Natural Dish Liquid
16752,Merry Maraschino Pitted Cherries
16753,Pinot Grigio Wine
16754,Flip PB&J Low-Fat Greek Yogurt
16756,Flamin Hot Potato Chips
16757,Barista Blend Pure Almond Milk
16759,Organic Carrot Bunch
16766,Organic Freeze Dried Bananas and Strawberries
16768,100% Lactose Free Reduced Fat Calcium Enriched Milk
16772,Organic Ginger Herbal Tea
16782,Confectioners Powdered Sugar
16793,"Protein Bar, High, White Chocolate"
16797,Strawberries
16798,Chicken Breast Grilled Strips
16813,Gluten Free Soft Taco
16816,Tropical Punch
16823,Organic Beef Broth
16824,Traditional Egg Pasta Pappardelle
16825,Vegan Smooth Chocolate Nutritional Shake
16826,Natural Hickory Smoked Canadian Bacon Center Cut From Pork Loin
16830,Le Gruyere Cheese
16837,Organic Mushroom Chef S Sampler
16838,Gummies
16840,Mild Guacamole
16847,Organic Mash ups Tropical Squeezable Fruit
16848,Hickory Smoked Ultra Thin Deli Slices
16853,Organic Pink Ruby Grapefruit
16855,Banana Dippers Banana Slices
16857,Barcelona Vinaigrette Mediterranean Style
16859,Julienne Sun Dried Tomato in Olive Oil
16864,"Black Cherry, Naturally Flavored Zero Calorie Soda, Caffeine Free"
16868,Sonoma Yellow Corn Organic Tortillas
16874,Chocolate Fudge Brownie Ice Cream
16875,Organic Cotton Ultra Pads Regular
16882,Baby Spring Mix
16891,Fun Size Candy Bars
16896,Potato Chips Sweet Potato
16897,Trail Mix Chewy Granola
16900,Original Whole Grain Chips
16902,Ezekel Prophet's Pocket Bread
16903,"Bread, 18 Grains and Seeds"
16908,Jacob's Wonderbar Dark Roast
16909,Organic Sprouted Tri-Color Rice Blend
16911,Gluten Free Apple Uncured Bacon Beef Bar
16920,Country Potato Bread
16921,Chevrai Original Goat Cheese
16939,"Milk, Lowfat, Chocolate, 1% Milkfat"
16953,Creamy Peanut Butter
16954,Flashin' Fruit Punch Fruit Drink
16956,White Hot Dog Buns 8 Pk
16959,Toilet Paper Double Rolls - 24 CT
16961,45 Calories & Delightful Healthy Multi-Grain Bread
16965,Chocolate Ice Cream
16970,Strawberry Whole Milk Drinkable Yogurt
16973,Organic Pitted Green Olives
16974,Sea Salt Brown Rice Crackers
16976,Light Wheat Bread
16978,Organic Forbidden Rice
16981,"Love My Veg Banana, Beet, Squash, Blueberry"
16992,Purple Asparagus
16994,Chocolate Brownie Kid Z Bar
16995,Sliced Soppressata Salame
17003,Fun Size Chocolate Bars
17007,Butter Salted
17008,Shredded Sharp Cheddar Cheese
17012,Mexican Style Quesadilla Melting Cheese with Jalapeno
17021,Baked Mini Beef Meatballs
17025,Country Dijon Mustard
17027,Avocado Roll
17033,Granny Smith Apple
17035,Heart Healthy Minestrone Soup
17037,Bodacious Blueberry Vanilla Energy Bar
17038,Wasabi Roasted Seaweed Snacks
17041,Raspberry Zinger Caffeine Free Herbal Tea
17042,8 oz Dofino Havarti Light
17044,French Baguette
17046,Protein Cranberry Almond Crunchy Granola
17053,Multi-Grain Club Crackers
17060,Original Recipe Marinara Pasta Sauce
17065,Chili Mac & Cheese
17070,"Salad, Lettuce Trio"
17072,Plain Low-Fat Yogurt
17074,Fajitas Spices & Seasonings
17079,Non Dairy Sour Cream Alternative
17080,Clementina Sparkling Beverage
17085,Shampoo & Wash
17093,Organic Low Sodium Broth Chicken
17095,Pastels 2-1/2 in Baking Cups
17096,Mixed Fruit in 100% Cherry  Juice
17105,Oatmeal Original Unsweetened
17115,Belgian Waffle Mix
17122,Honeycrisp Apples
17131,Cold-Pressed Organic Apple
17135,"Nuggets Assortment, Family Bag"
17137,Plum Kids Organic Fruit & Veggie Shredz - Rooty Blues
17142,Tandoori Inspired Spiced Chicken
17148,Peanut Butter Sliced Apples
17149,Gluten Free Chicken Breast Tenders
17151,Honey Maid Cinnamon Grahams
17153,Chorizo Pork Sausage
17154,Berry Veggie Juice Smoothie
17155,Ranch Dip Mix
17157,Organic Chicken Breasts
17159,Rhubarb
17160,Smooth & Creamy Organic Lowfat French Vanilla Yogurt
17163,Vitamin A & D Fat Free Milk
17164,Hydro Body Sponge
17166,Simply Store Glass Storage 7 Cup
17170,Little Yums Pumpkin and Banana Teething Wafers
17179,Lightly Salted Mixed Nuts
17183,Peach Yoghurt
17191,Tangerine
17199,Gel Clog Remover
17200,Wild Blueberry Preserves
17202,Bologna Style Veggie Protein Slices
17206,Organic Tomato Sauce No Salt Added
17207,Non Fat Greek Yogurt
17208,Cafe Steamers Chicken Linguine
17209,Organic Gluten Free Tamari Less Sodium Soy Sauce
17211,Starmont Chardonnay
17212,Bacon Scramble
17214,Fresh Scent Disinfecting Wipes
17215,Single Serve Chocolate Satin Mini Pies
17216,"Pitaya Dragonfruit Raw, Organic Smoothie Packs"
17221,Roasted Garlic Caesar Dressing
17223,Freshly made spaghetti tossed with meatballs in a seasoned tomato sauce Spaghetti with Meatballs
17224,Oats & Honey Gluten Free Granola
17225,Greek Yogurt Vanilla
17231,Sprouted Sunflower Seeds
17233,"Original 4 Meat Sausage, Pepperoni, Hamburger, Canadian Bacon Pizza"
17240,Pastrami
17242,Dinnerware Forks
17251,Condensed Golden Mushroom Soup
17252,Blueberry Mini Bagels
17258,Moisture Rich Shampoo
17264,Stand 'n Stuff Taco Shells
17272,Gut Shot Garlic Dill Pickle
17273,Fire Roasted Red Pepper Hummus
17279,Fresh 99% Lean Ground Turkey
17281,White with 30% Cacao Content Organic Chocolate
17284,Organic Sugar Snap Peas
17294,Frozen Greek Yogurt Coconut Bars
17296,Simply Fruit Strawberry Spreadable Fruit
17302,Lobster Bisque
17303,Grass-fed 90% Ground Beef
17304,Powdered Peanut Butter
17311,Dried Philippine Mango
17313,Hass Avocado Variety
17316,Vitamin D Organic Whole Milk
17318,Sliced Swiss Cheese
17322,Parmesan Cheese Angel Hair Pasta Mix
17323,Turkey Skinless Smoked Sausage
17326,Natural Wild Caught Brisling Sardines in Extra Virgin Olive Oil
17328,Reduced Fat Feta Cheese
17330,Light
17331,Coconut Oil Kettle Cooked Potato Chips Sea Salt
17333,"Kombucha, Organic Raw, Lavender No. 3"
17334,Coffee Ice Cream
17338,Vanilla Swiss Almond Ice Cream
17340,Zero Calorie Sparkling Water Black Cherry
17341,Presliced Everything Bagels
17352,100% Whole Wheat English Muffin 6 Ct
17355,Compostable Coffee Filters
17356,Fat Free Sour Cream
17358,Crossovers Maple Syrup Blended with Ancient Grain Granola Low-Fat Greek Strained Yogurt
17360,Green Chili & Cumin Adzuki Bean Burger
17363,Pet Stain Remover
17364,Beans
17365,Oxi Original 105 Loads Laundry Detergent
17368,Butternut Squash Tamales With Cheese
17375,Organic Cornstarch
17389,Jack Habanero Cheese
17395,Yellow Nectarine
17400,Organic Lettuce
17403,Caramel Almond & Sea Salt Fruit & Nut Bars
17412,Mini Lemon Bites
17419,Sprouted Whole Wheat Bread
17421,Coconut Mango Chia Vitality Beverage
17424,Solid Pack Light Tuna
17426,Simply Sea Salted Thick Cut Potato Chips
17429,Jalapeno Hummus
17431,Cool Ranch Flavored Tortilla Chips
17432,Sesame Yuba Noodles
17434,Sourdough Dinner Rolls
17438,Peppermint Pure Castile Soap
17447,"Storage Containers, Large Bowl"
17449,Chewy Fudge Brownie Mix
17454,Organic 90% Ground Beef
17458,Popping Corn Butter Classic Bag
17460,Purina Classic Pate Turkey & Giblets Dinner Cat Food
17461,Air Chilled Organic Boneless Skinless Chicken Breasts
17465,Gluten Free Rice Angel Hair Pasta
17468,Raw Almonds
17469,Lo-Carb Energy Drink
17472,Juicy Green Apple Shampoo
17477,Organic Peach Kefir
17484,Thin And Crispy Corn Tortilla Chips
17487,Orange Juice 100% Juice
17489,Oven Ready Boneless with Gravy Packet Turkey Breast
17490,Authentic Refried Beans
17494,ProActive Health Adult Weight Control Dry Cat Food
17505,Original Spaghetti Os
17511,Crunchy Seven Nut & Seed Butter
17516,Wickles Sweet Pickle Chips
17518,Apple Cinnamon Cheerios Cereal
17526,70% Dark Chocolate Salted Almond Bar
17530,Unsweetened Watermelon Water
17532,Advanced Care Cool Essentials Anti-Perspirant Deodorant
17533,Harissa Dip
17536,Rice Seasoning
17540,Burnt Sugar Vanilla Ice Cream
17541,Smooth as Silk Conditioner
17545,Rotisserie Chicken
17546,Country Gravy Mix
17547,Meat Lasagna
17549,Organic Instant Oatmeal
17550,Oatneal Cookie Ice Cream
17553,Lowfat Blueberry Yogurt
17555,Creamy Parmesan Risotto
17558,Teddy Grahams Birthday Cake Graham Snacks
17559,Stand 'N Stuff Taco Dinner
17565,Boneless Ribeye Steak
17568,Pitted Prunes
17569,"Pepper Sauce, Original Habanero, Hot Sauce"
17576,Big Buttery Crust Rolls
17579,Cream Top Strawberry on the Bottom Yogurt
17580,"Ranch Marinade, Dip & Dressing"
17584,Southwest Style Strips
17591,Vanilla Egg White Protein Mix
17592,Chinese Eggplant
17594,Mango Coconut Chia Squeeze
17600,"YoKids Squeezers Organic Low-Fat Yogurt, Strawberry"
17601,Peppermint Caffeine Free Herbal Tea Bags
17604,Sweet Dreams Organic Brown Rice Syrup
17606,Premium Chocolate Powdered Peanut Butter
17615,Calcium Pulp Free Orange Juice
17616,Goldfish Cheddar Baked Snack Crackers
17617,David Seeds Sunflower Seeds
17619,Premium Fish Sauce
17621,Vanilla Yogurt Raisins Halloween Mini-Snacks
17622,Wholesome Breakfast Blueberry Banana
17628,Lemon Bag
17630,YoKids Squeeze! Organic Strawberry Flavor Yogurt
17631,Caffeine Free Coke Zero
17634,Chick Peas
17637,Feta Crumbled Tomato & Basil Cheese
17638,Vanilla Coffee Concentrate
17640,Orange Tangerine Liquid Water Enhancer
17643,Phoenix Fresh Deodorant Stick
17647,German Chocolate Cake Mix
17649,Rich & Hearty Chicken Pot Pie Style Chowder Soup
17650,8 1/2 Inch Plates - 95 CT
17652,Air Chilled Breaded Chicken Breast Nuggets
17663,Cinnabon Sweet Rolls with Orange Icing
17668,Unsweetened Chocolate Almond Breeze Almond Milk
17672,Organic  Monterey Jack Cheese
17675,Pro-V Classic Clean Conditioner
17676,White Fudge Covered Pretzels
17677,Reposado Tequila 80 Proof
17678,Large Pitted California Ripe Olives
17679,San Marzano Peeled Tomatoes
17689,Peach Tea
17691,Vanilla Yogurt
17694,Chocolate Pu Erh Tea 16 ct
17699,Sugar Cones
17704,Lemons
17706,Organic Whole Grain Wheat English Muffins
17713,Praline Crunch Frozen Dessert
17715,Spicy Minis Guacamole
17720,Hot Oatmeal Variety Pack
17721,Original Dairy Free Coconut Milk
17723,Apple Peach Sauce
17725,Organic Wraps Traditional - 6 CT
17727,Five Cheese & Garlic French Bread Pizza Singles
17728,Aloe Shave Cream
17730,Peanut Toffee Buzz Energy Bar
17731,Gluten Free Matzo-Style Squares
17734,Gluten Free Soy Sauce Tamari Lite
17741,"Lemonade, Organic, Elderflower"
17744,Dark Chocolate  with A Touch Of Sea Salt
17746,Stewed Italian Recipe Tomatoes
17747,Plastic Wrap
17751,Sliced Beets
17757,Red Beet Bunch
17758,Strawberry Rhubarb Yoghurt
17759,No Salt Added Vegetable Bouilion Cubes
17763,Grands! Big & Flaky Crescent Rolls
17766,Grain Free Turkey Formula Cat Food
17769,Diet Caffeine Free Naturally Flavored Lemon Lime Soda
17774,Parmigiano Reggiano
17781,Pad Refills
17783,Reef Raw Juice
17789,Soy Free Buttery Spread
17791,White Corn Tortilla Strips
17794,Carrots
17795,Organic Green Leaf Lettuce
17800,Peanut Butter 100% Natural Creamy
17803,Organic Cultured Sour Cream
17804,"Pure, All-Natural Clam Juice"
17807,Gluten Free Blueberry Waffles
17813,Caraway Seed
17818,3.75 Inches Skewers
17819,Concord Grape Jelly
17821,Almond Cheddar Style Shredded Cheese Alternative
17825,Lowfat 1% Milk
17828,Organic Spinach & Feta Dinner Sausage
17830,Premium Organic Strawberry Spread
17835,Thin & Light Tortilla Chips
17840,Naked Coconut Organic Coconut Bliss
17847,Carob Chip
17858,Everyday 2 Ply Premium Napkins
17859,Lager Beer
17862,Minced Garlic
17863,Pepper Strips
17865,Mini Whole Wheat Croccantini
17867,Ultimates Chocolate Chip Lovers Cookie Dough
17871,Grade A Goat Milk
17872,Total 2% Lowfat Plain Greek Yogurt
17873,Endulge Chocolate Coconut Bar
17874,Organic Spring Jasmine Green Tea
17877,Original Petroleum Jelly
17878,Grilled Chicken Breast Strips
17898,Raspberry On The Bottom Cream Top Yogurt
17900,Chai Classic Latte Black Tea Concentrate
17902,Liquid Egg Whites
17907,Lemon Orange Sparking Mineral Water
17908,Lemon Gelatin Dessert
17915,Bread Co Pain Au Levain
17918,Sweet & Salty Mountain Mix
17920,Shredded Almond Mozzarella Cheese
17924,Seltzer Water
17929,Plain 0% Fat Oikos Greek Yogurt
17944,Organic Micro Greens Sprouts
17946,Organic Sliced Kalamata Olives
17948,Frozen Organic Wild Blueberries
17949,Mild Cheddar Cheese Sticks
17953,Organic Hemp Rose Pure Castille Bar Soap
17956,Cocoa Powder
17957,Organic Applesauce
17958,Vanish Drop-Ins
17964,Healthy Kids Organic Nutritional Shake Strawberry
17965,Sirloin Burger with Country Vegetables Soup
17976,Dry Roasted Macadamias with Sea Salt
17980,Ezekiel 4:9 Sprouted Whole Grain Cereal Almond
17981,Vanilla Coke
17982,Classic Hummus with Rold Gold Petzels Snack
17985,Uncooked Medium Flour Tortillas
17986,"Caesar Salad Croutons, Restaurant Style"
17987,Creamy Wheat Hot Cereal
17988,Fat Free Vanilla Yogurt
17993,Shredded Colby & Monterey Jack Cheeses
17997,"Popcorn, Mini, Kettle"
17998,Dark Caraway Crispbread
18000,Pecan Pie
18009,Unsweetened Vanilla Pure Almond Milk
18019,Macaroni & Cheese Dinner Original Flavor
18020,Black Raspberry Chocolate Chip Ice Cream
18023,Organic Coconut Water
18025,Organic Premium Quinoa
18026,English Tea Scones Original
18027,Ezekiel 4:9 Bread Organic Sprouted Whole Grain
18035,New Manhattan Whole Coffee Beans
18037,Organic Sprouted Wheat Sesame Bagels
18040,"Sun-Ripened, Plump Juicy California Raisins Tucked in Rich, Creamy Milk Chocolate Milk Chocolate Covered Raisins"
18048,"Pretzel \""Shells\"""
18049,Thirst Quencher Caffeine Free Naturally Flavored Citrus Soda
18059,Fruit and Nut Bar - Peanut Butter Chocolate Chip
18067,New York Extra Sharp Cheddar
18070,Sparkling Probiotic Drink Strawberry Acai Coconut
18071,Blueberry Waffles
18072,Organic Gluten Free Elbow Pasta
18074,Sunflower Kernels
18078,Wild Arugula
18090,Organic Large White Flesh Peach
18091,Daily Moisturizing Lotion
18094,Organic Creamy Deluxe Macaroni Dinner Rotini & White Cheddar Sauce
18102,Grilled & Ready Oven Roasted Diced Chicken Breast
18104,Favorites Alfredo Pasta with Chicken & Broccoli
18105,Original Classic Organic Rice Drink
18109,Smoked Chicken & Apple Mini Sausages
18115,Light Chicken & Dumpling Soup
18117,100% Organic Unbleached All-Purpose Flour
18125,Original Body Wash
18127,Sweeper Wet Mopping Pad Refills Open Window Fresh Scent Surface Care
18128,Chinese Noodles and Veggies in a Cashew Cream Sauce
18135,Organic Zucchini Squash
18137,La Lechera Dulce De Leche
18140,Organic Fresh Pressed Pure Cranberry Juice
18144,Caramel Filled Chocolate Candy
18145,Milk Shake Straws
18146,Mocha Chocolate Protein Bar
18150,Oatmeal Raisin Cookies
18152,Liquid Teething Relief
18156,Ibuprofen 200 mg Caplets
18157,Ice Cream Cashew Chocolate Cookies And Cream Pint
18159,Organic Biologique Limes
18162,Creamy Pesto Sauce Mix
18164,Organic Vanilla Sugar Cookies
18168,Golden Raisins
18171,Natural Sunflower Spread
18175,Organics Chocolate Milk with DHA
18176,Organic Strawberry Yogurt & Fruit Snack
18185,Kona Blend Whole Bean Coffee
18188,"Grilled white meat chicken over cheese tortellini with Italian green beans, red bell peppers, and yellow carrots Creamy Basil Chicken with Tortellini"
18191,Slip On Size 6 Diapers
18196,Chorizo Pork
18198,Triple Action Cleaning and Disinfecting Solution Twin Pack
18200,Aged White Cheddar Gluten-Free Baked Rice And Corn Puffs
18201,"Concentrated Bleach, Regular"
18202,Asiago Cheese Sourdough Bread
18205,Peanut Butter Gluten Free Breakfast Bars
18208,Ice Cream Cups
18211,Special Reserve Extra Sharp Cheddar
18212,Cinnamon Rolls
18216,Extra Creamy Milk Chocolate Bar
18219,Frosted Mini-Wheats Strawberry Cereal
18224,Organic Low Fat Plain Yogurt
18228,Organic Pickling Seasoning
18231,Cool Mint Tin
18232,Beef Skirt Steak
18234,Organic Spinach Bunch
18243,Organic Stage 3 Zucchini Broccoli Medley Baby Food
18245,Stainless Steel Wipes
18246,Gluten-Free Butter Shortbread with Agave Syrup
18249,Ancient Grains Penne Rigate
18256,FloorCare Lemon Scent Squirt & Mop Hardwood Cleaner
18266,Teriyaki Noodle Bowl
18272,Slices Cheddar Cheese
18281,Popped Dark Chocolate with Sea Salt Granola Bar
18284,Homestyle Chicken Flavor Ramen Noodle Soup
18285,Cinnamon French Toaster Sticks
18286,"Ramen, Vegan, Miso"
18287,"Eggo French Toaster Sticks, Cinnamon"
18288,Sea Salt Potato Chips
18292,Panko Breaded Chicken Breast Tenderloins
18296,Natural Applesauce
18298,Gourmet Brining Bag
18301,Baby Dry Diapers Jumbo Pack - Size 5
18321,Ready Rice  Pilaf
18323,Chickpea Rice Miso
18327,Deli-Sliced Tamed Jalapeno Peppers
18337,Classic Mild Cheddar Macaroni & Cheese
18338,Vegetable Classics Creamy Mushroom Soup
18339,100% Lemon Juice
18340,Organic Macaroni & Cheese
18341,Foamy Regular Shave Cream 11oz Male Shave Prep
18345,"Veggie Straws, Garden, Zesty Ranch"
18348,Dark Chocolate Pomegranate
18352,Flax Plus Organic Pumpkin Flax Granola
18353,Traditional Chicken Burrito
18354,Raw Whole Flaxseed
18358,Kosher Baby Dills Fresh Pack Pickles
18359,Bag of Red Delicious Apples
18361,Classico Virgin Olive Oil Bruschnettini
18362,Organic Bread with 21 Whole Grains
18366,Garlic Herb Goat Cheese Log
18368,Multigrain Blue Tortilla Chips With Sea Salt & Chia Seeds
18370,Organic Shredded Mozzarella
18371,Pure Aloe Cold Pressed With Lemon
18376,Wild Skipjack Light Tuna
18379,Raspberry Sorbet
18381,Aji-Mirin Sweet Cooking Rice Seasoning
18382,Saltine Crackers
18389,Blood Orange Italian Soda
18394,Asian Chopped Salad with Dressing
18395,Pear Halves in 100% Juice
18411,100% Pure Sesame Seed Oil
18413,European-Style Cultured Butter
18414,Cocoa Pebbles Cereal
18418,Ginger Ale Soda
18428,Organic Wheat Grass
18430,Classic Spam
18432,Sweet Butter Salad
18434,Organic Whole Crimini Mushrooms
18435,50% Less Sodium Garbanzo Beans
18439,Sliced Sourdough Bread
18441,Organic Ketchup
18444,Apple + Blueberry Fruit Bar
18450,Trumoo Choc Milk Hg
18451,Sea Salt Popped Corn Chips
18463,Acai Berry Storm Liquid Water Enhancer
18465,Organic Grade A Free Range Large Brown Eggs
18467,Walnut Pieces
18468,Stroganoff Hamburger Helper
18471,Organic Light Agave Nectar
18479,Organic Low Sodium Vegetable Broth
18487,Apples & Blueberries Stage 2 Baby Food
18488,Pure Cane Individual Packets Sugar
18489,Purina Mixed Grill Classic Pate Cat Food
18498,Broccoli Florets Steamers
18499,Raw Virgin Coconut Oil
18502,Licorice Soft Eating Raspberry
18503,Light Cream
18512,Chocolate Energy Bar
18523,Total 2% All Natural Greek Strained Yogurt with Honey
18529,"Towelettes, Make Up Removing, Face"
18531,Organic Heavy Whipping Cream
18534,Grade A Extra Large Eggs
18537,Organic Navy Beans No Salt Added Fat Free
18539,Moist Supreme Classic Yellow Cake Mix
18542,Protein Bar Mint Chocolate
18544,Organic Chocolate Ice Cream
18546,Sambucus Immune Bio-Certified Elderberry Natural Syrup
18557,Original Bar BBQ Sauce
18562,Aloe and Vitamin E Baby Oil Gel
18564,Diet Ginger Ale All Natural Soda
18565,Dry Roasted Lightly Salted Edamame
18566,Grapefruit Seltzer
18567,Low Fat No Chicken Noodle Soup
18569,French Lavender Hand Wash
18572,Decaffeinated House Blend Dark Roast Ground Coffee
18583,Taboule Salad
18594,Emmentaler Swiss Slices
18595,Raspberry Seltzer Water
18598,Expeller Pressed Coconut Oil Spray
18599,Garlic Couscous
18600,Tomato Cream Collection Creamy Tomato & Roasted Garlic Pasta Sauce
18606,Moroccan Mint Green Tea
18609,Organic Radicchio Castelfranco
18610,Cola Soda
18615,Organic Guacamole
18616,"Pain Reliever (NSAID)/Nighttime Sleep Aid, Ibuprofen 200mg"
18618,Baked Caesar Snapea Crisps
18625,Black Beans Refried Beans
18626,Original Sugar Free Coconut Milk
18627,Berry Protein Power
18629,Organic Fruit Yogurt Smoothie Peach Banana
18632,WetJet Open Window Fresh Scent Liquid Cleaner Refill
18641,Tomato Goat Cheese & Herbs Pizza
18642,Double Chocolate Snackimals Animal Cookies
18643,Fruit Punch Drink Mix
18648,Natural Free & Clear 42 Loads Liquid Fabric Softener
18653,Super Shreds Superfood Brussels Sprouts
18655,Mr Clean 40 Oz Dilute Lavender
18656,Organic Red Potato
18658,"Corn Grits, Polenta"
18659,Flour Tortilla
18660,Orange Marmalade
18664,Ultra Thin Sliced Swiss Cheese
18666,Spicy Jalapeno Quinoa Meal
18669,Vanilla Sandwiches
18670,Original Enriched Rice Drink
18673,White American Cheese
18686,Cookies & Cream Ice Cream Bars
18689,Dairy-Free Chive Cream Cheese
18691,Tofu Scramble Pocket Sandwich
18695,Mango Protein Shake
18696,Mild Red Enchilada Sauce
18699,Diet Iced Tea
18700,Multi-Grain Splits Pretzels
18709,Oreo Cookies and Cream Frozen Dairy Dessert
18713,Diced Fire Roasted W/Garlic Tomatoes
18719,Chipotle Mayo
18721,"Baked Rice and Corn Puffs, Aged White Cheddar"
18725,Light Very Cherry Yogurt
18726,Baked Asian Sweet Teriyaki Tofu
18727,Smoked Apple Sage Sausages
18735,Anti-Itch Crème
18739,5 Cheese Ravioli
18747,Light Pink Lemonade
18749,Petite-Cut Diced Tomatoes
18761,Balsamic Vinegar Of Modena
18762,Scented Oil Warmer
18765,Santa Fe Barbecue Rice Chips MWO Rice Chips
18766,Canola Vegetable Oil Blend
18770,Uncured Italian Dry Salami
18778,Extra Delicates Care Detergent
18786,Grapefruit Bag
18790,Chocolate Favorites Fun Size Variety Pack
18792,Goldfish Pretzel Baked Snack Crackers
18796,Pomegranate & Mango Hand Soap
18801,Organic Red Heirloom Quinoa
18804,Belgian Style White Beer
18805,Chocolate Chip Bar
18811,Organic Apple Juice
18812,Vegan Smoked Salmon
18814,Chicken Bean and Rice Burrito
18818,Unsweetened Organic Soy Milk
18819,Cruisers Pampers Cruisers Diapers
18822,Korean Barbecue Pork Jerky
18825,Wakame Seaweed & Shiitake Mushrooms
18828,Organic Mint Tereré Yerba Mate Blend
18829,Dairy Free Grated Parmesan Style Topping
18834,Broccoli & Carrots with Brown & Wild Rice
18835,Organic Squeeze Minced Garlic
18838,Best Cinnamon Bread
18839,Gluten Free Mediterranean Crackerz
18840,Intense Dark Chocolate with Sea Salt & Roasted Almonds
18842,Chocolate Squares Premium Assortment
18849,Red Chile Enchilada Sauce
18850,Tapioca Pudding
18855,Great Grains Crunchy Pecans Cereal
18859,Wild Boar Uncured Bar
18867,Organic Grass fed Creamline Yogurt Vanilla
18871,Country Fried Chicken & Gravy Meal
18872,Coconut Juice with Pulp
18873,Organic Earl Grey Black Tea 16 Count
18879,Organic Pre-washed Hearts Of Romaine Lettuce
18880,Organic Free Range Low Sodium Chicken Broth
18881,Coconut Milk Vanilla Frozen Dessert
18882,4 Peppercorn Chabis Goat Milk Cheese
18883,Honeydew Chunks
18889,Greek Extra Virgin Olive Oil
18890,Calcium Gummy
18891,Classic Almond Butter All Natural
18893,Cut Baby Corn
18894,Sourdough English Muffins
18895,Ultra Plush Bathroom Tissue
18897,Natural 72% Dark Chocolate With Natural Forest Mint Flavor
18900,Chewy Chocolate Chip Cookies
18902,Lemon Sorbet
18903,Arrabiatta Sauce
18908,Pizza Dough
18918,Organic Chopped Spinach
18923,Organic Minestrone Soup
18926,Fat Free Strawberry Yogurt
18929,Unscented Lip Balm
18939,Gluten Free Chocolate Brownie Protein Bar
18943,Long Grain & Spanish Seasonings Rice
18949,Healthy Request Condensed Homestyle Chicken Noodle Soup
18957,Paper Lunch Bags
18963,Apple Cider Vinegar
18980,Organic Whole Milk Plain Greek Yogurt
18985,"Capers, Imported Non-Pareil"
18986,Stainless Steel Cleaner and Polish
18987,Hot Dog Buns
18988,Ultra Soft & Strong® Toilet Paper Double Rolls
18990,Medjool Dates
18992,Light Chestnut Brown 5N Permanent Hair Color
18993,Organic Cashew Caramel Macrobar
18994,Spicy Kimchi
18998,Complete ActionPacs Fresh Scent Dishwasher Detergent
19002,Rice Based Formula Vanilla Probiotic
19003,Celery
19005,Jet-Puffed Marshmallows
19006,Dark Chocolate Pretzels with Sea Salt
19008,Vitamin D Full Fat Milk
19012,Marketplace Spicy Mexican Black Beans and Rice
19017,Sweet Potato Chips
19019,Uncured Slow Cooked Ham
19022,Sharing Gratitude Kombucha
19034,Green Bean Chips
19039,Honey Roasted Almonds
19044,"Just Apple, Raspberry & Avocado Stage 2"
19046,Banana & Mango Organic Yogurt & Fruit Snacks 
19048,Organic Butternut Squash
19049,Peeled Garlic
19050,Smoked Mussels
19051,"Pita Chips, Simply Naked, Party Size"
19053,Sweetfire Beets
19057,Organic Large Extra Fancy Fuji Apple
19061,Asparagus Tips
19068,Boneless And Skinless Chicken Breast
19076,Rich & Hearty Chicken & Homestyle Noodles Soup
19078,Strawberry Watermelon Sparkling Water
19084,Organic Grapefruit
19086,Small Cantaloupe
19087,Wicked Fresh! Mouthwash - Cool Mountain Mint
19089,Latte Nitro Cold Brew Coffee With Almond Milk
19095,Creamy Four Cheese
19097,Light Harvest Peach Yogurt
19101,"Quinoa, Kale & Red Lentil Soup"
19102,White Albacore In Water Tuna
19106,Red Pear
19115,Blueberry Pecan Plus Fiber Fruit & Nut Bar
19125,Extra Ginger Brew Jamaican Style Ginger Beer
19129,Lime Ponzu Citrus Seasoned Dressing & Sauce
19132,Trail Mix Chewy Granola Bars Dark Chocolate & Nut
19134,Crunchy Variety Pack Granola
19135,Cajun Turkey Breast
19136,Ayurvedic Herbal Fresh Mint Toothpaste
19138,Plus Lotion 2 Ply Tissues
19145,Dairy Pure Whole Milk
19149,Organique Neem & Pomegranate Toothpaste
19151,Double Chocolate Brownie Mix
19154,Coconut Fruit Bars
19155,Organic 1% Lowfat Milk
19156,Fat Free Blueberry Yogurt
19157,D-Mannose Powder
19158,Pesto Pasta Primavera
19162,Organic Sesame Tahini
19165,100% Egg Whites
19171,100% Lactose Free Organic 2% Reduced Fat Milk
19173,Orange Calcium & Vitamin D Pulp Free
19176,Chocolate Chip Mini Cookies
19178,Vermont Maple Syrup Breakfast Sausage
19180,"Vegetable Chips, Taro, Sea Salt"
19186,Clean Day Bluebell Scent Multi-Surface Cleaner
19190,Curved Panty Liners
19202,Giant Roll Paper Towels
19204,Organic Heritage Flakes Cereal
19208,Gluten Free Multigrain Bread
19213,Turkey Pot Pie
19220,Premium Grapefruit Juice Ruby Red
19228,Belvita Soft Baked Mixed Berry
19240,Organic Fuji Red Apple Chips
19244,Grassfed Whole Milk Strawberry Yogurt
19248,Just Sweet Potato Baby Food
19250,"Fruit Spread, Organic, Strawberry"
19252,Essentially Enriched Body Lotion
19260,Hamburger Buns Plain/Sesame 8 Pack
19265,Vanilla Mocha Frappuccino
19272,Veganic Sprouted Brown Rice Cacao Crisps
19280,Black Bean Garlic Sauce
19282,Escarole
19286,Press And Seal Plastic Wrap
19290,Plain Lowfat  Yogurt
19292,Cookie Thins Chocolate Chip Cookies
19309,Simply Granola Oats Honey Almond Cereal
19311,Almond Flour Tortillas
19322,Original Flax Milk Dairy Free Protein+
19337,Organic Pineapple Crushed
19340,Whole Wheat Pre-Sliced Mini Bagels
19346,Lemon & Pepper Seasoned Tuna
19348,Fat Free Milk
19351,Mochi Ice Cream Green Tea - 6 CT
19352,Madras Lemon Rice
19354,Yo Baby Organic Vanilla Yogurt
19366,Sprouted Organic Cinnamon Raisin English Muffins
19370,Roasted Tomato Salsa
19376,Gluten Free Crunchy Vanilla Cereal
19382,Crunch Granola Bar Chocolate Chip
19384,Original Almond Milk
19385,Channa Masala Indian Cuisine
19389,Shredded Low-Moisture Part-Skim Mozzarella Cheese
19393,Balsamic Dressing & Marinade
19395,Italian Red Wine Vinegar
19408,Flat Fillets of Anchovies in Pure Olive Oil
19421,Coconut Milk Vanilla Bean Frozen Dessert
19429,Garlic Chicken White Pizza Frozen Sandwiches
19431,Assorted Cupcakes
19435,Cleansing Cloths
19436,Bone Organic Chicken with Ginger Broth
19437,High Heat Refined Canola Spray Oil
19438,Chunky Beef Soup
19443,Dark Chocolate Cherry Cashew Plus Antioxidants Bars
19445,French Lavender All-Purpose Natural Surface Cleaner
19446,Thick & Chunky Salsa
19448,Organic Gluten Free & Wheat Free Pumpkin Spice Waffles
19451,Comforting Chamomile Tea
19457,Organic One Ingredient Peanut Butter
19459,Small Curd Cottage Cheese
19461,Swanson Premium Chicken Breast Chunks
19465,Tamarind Apple Brussel Bytes
19467,Arnica Montana 30 C
19468,Classic Yellow Mustard
19475,Ready-Cut Diced Tomatoes
19478,Organic Marinara Pasta Sauce
19484,Corned Beef
19488,Select-A-Size White Paper Towels
19495,Variety Pack Snack Stacks
19504,SeriousMilk Classic Milk Chocolate Bar
19505,Sliced Mushrooms
19506,Easy Find Lids Container (1.6L/7 cups)
19508,Corn Tortillas
19510,Roasted Garlic Chicken Sausage
19511,Half And Half
19513,Moroccan Argan Oil + Argan Stem Cell Triple Moisture Conditioner
19514,Reclosable Sandwich Bags
19515,3D White Brilliance Vibrant Peppermint Flouride Anticavity Toothpaste
19516,Velveeta Original Cheese
19519,Organic Bay Leaves
19529,Mangoes
19530,Raisins & Spice Instant Oatmeal
19531,Butternut Squash Zig Zags
19532,Simply Dipped Drumsticks
19535,Signature Recipes Creamy Alfredo Pasta Sauce
19536,Low Fat Ice Cream Bars Peanut Butter
19538,Italian Kitchen Red Wine Vinegar
19539,Rice Sides Chicken Flavor
19548,Organic Lightly Roasted Crunchy Peanut Butter
19558,Raw Honey
19559,Rosemary Truffle Gourmet Popcorn
19562,Double Cream Chive Vegan Cashew Cheese
19565,Truvia Sweetener Packets
19571,Organix Grain Free Chicken & Vegetable Dog Food
19573,"Liquid Laundry Detergent, Island Fresh, 32 Loads 50 Fl Oz Laundry"
19581,No Salt Added Minestrone Soup
19584,Dairy Pure 2% Milkfat Reduced Fat Milk
19585,Twinkies
19591,Greek 100 Calories Key Lime Fat Free Yogurt
19594,Rainbow Berry Soft & Chewy Candy
19600,Classic Meal for 2 Chicken Florentine & Farfalle
19604,Medium Scarlet Raspberries
19605,G2 Lemon-Lime Low Calorie Electrolyte Beverage
19607,Black Forest Shaved 98% Fat Free Ham
19610,Mini Kumato Tomatoes
19611,Organic Spelt Pretzels
19612,Organic Light in Sodium Low-Fat Minestrone Soup
19613,Organic Dandelion Greens
19616,Grape Seed Oil
19620,Butter Rich Maple Syrup
19622,Greek Yogurt Crunch
19623,Apple Juice 100% Pure
19624,Plain Tortilla Strips
19625,Organic Chicken & Vegetable Potstickers
19627,Butternut Squash Pear Stage 2 Baby Food
19633,Raspberry Ginger Tea
19635,Rose Black
19638,Simply Jif Creamy Peanut Butter
19640,Original Alcoholic Ginger Beer
19648,Daily Cleansing Herbal Shampoo
19649,Japanese Udon Noodles
19650,Toasted Almond Rice Pilaf Mix
19653,Rich Taste Extra Virgin Olive Oil
19658,Hash Brown Potato Patties
19659,Crunchin' 123 Sesame Street Veggie Crackers
19660,Spring Water
19661,Slider Freezer Bags
19664,Arnold Palmer Lite Half Tea & Half Lemonade
19665,Organic Feta Cheese
19674,Orange Gelatin
19677,Original Pure Creamy Almond Milk
19678,Organic Russet Potato
19679,Medium Salsa Verde
19691,Green Seedless Grapes
19703,Stone Ground Dijon Mustard
19706,Organic Nectarine
19711,Sorbet Pops Strawberry
19728,Pomegranate Raspberry Shave Cream
19731,Organic Orange Juice With Calcium & Vitamin D
19734,Classic Mix Variety
19736,Rosemary Crackers
19744,Original Matador Beef Jerky
19749,"Vanilla Extract, Pure, Madagascar"
19760,Basmati Rice
19766,Ultra Thin Slices Swiss Cheese
19767,Old Fashioned Oatmeal
19773,"Walnut Butter, Raw, with Cashews"
19774,Maximum Absorbency L for Women  Underwear
19777,Roasted Garlic And Artichoke Hummus
19805,8 Skinless Beef Franks
19809,Crispy Crust Pepperoni Pizza
19813,Warm & Crunchy Honey Almond Granola
19816,Sonoma Traditional Flour Tortillas 10 Count
19820,Grassmilk 2% Reduced Fat Milk
19821,Chocolate Chip
19828,Red Delicious Apples
19831,French Cut Green Beans
19835,Strawberry Blended Non Fat Greek Yogurt
19836,Original Breakfast Sausage Links
19846,The Original Fruit and Nut Food Bar - Peanut Butter Cookie
19849,Mystic Mango Kombucha
19862,Organic Brown Rice Snaps Unsalted Plain
19863,Classic Potato Chips
19871,Fruit Roll Ups Variety Fruit Flavored Snacks
19873,Mochi Chocolate Ice Cream
19875,Organic Yogurt Original Plain
19885,Brambleberry Crisp Ice Cream
19886,Kidney Beans
19887,Unsweetened Vanilla Almond Breeze
19893,Almond Breeze Almond Coconut Milk
19894,Enlightened Organic Raw Kombucha
19895,Sliced Prosciutto
19904,Organic Creamy Butternut Squash Soup
19906,Fresh Whole White Mushrooms
19908,Clinical Strength Secret Clinical Strength Smooth Solid Women's Antiperspirant & Deodorant Sensitive Hypoallergenic Unscented 1.6 oz  Female AP/DO & Body Spray
19910,Old Fashioned Nutty Chunky Peanut Butter
19915,No Sugar Added Apple Sauce
19922,Organic Garlic & Herbs Fresh Goat Cheese
19934,Fat Free Smooth & Creamy Plain Organic Yogurt
19938,Extra Wide Egg Noodles
19942,Aged Balsamic Vinegar Of Modena
19948,All Natural Berry Blast 100% Juice Smoothie
19951,Caramel Macchiato Granola Bars
19953,Pink Grapefruit
19955,Traditional 98% Fat Free Refried Beans
19964,Organic Raspberry Leaf Herbal Tea
19966,Spicy Shrimp Avocado Roll
19968,Organic Gluten-Free Ancient Grain Pasta Elbows
19970,Gourmet Mochi Ice Cream Vanilla Bonbons
19972,Semi-Sweet Chocolate Morsels
19977,Light & Fit Greek Cherry Yogurt
19982,Part Skim Ricotta
19987,Breakfast Raspberry Chia Bars
20014,French Bread Pizza Pepperoni
20015,Grandma's Hummus
20021,Original French Fried Onions
20022,Granulated White Cane Sugar
20031,Blackeye Peas
20034,Potted Basil
20039,Sea Salt & Pepper Popcorn
20040,66 Calorie Unfiltered Ginger Ale
20042,Homemade Pizza Sauce
20050,Bistro Beer Bratwurst
20052,Organic Cinnamon Sticks
20057,"Tall Kitchen Bags, Drawstring, Lavender, 13 Gal, Mega Pack"
20066,Candle Lighter
20072,Cold Brew Double Expresso
20073,Jazz Apple
20076,RRRuffles Have Ridges Reduced Fat Potato Chips
20077,Spray 'n Wash Pre-Treat Stain Remover
20079,Chicken Pie
20081,Sea Salt Mini Popcorn
20082,Organic Whole Milk with DHA Omega-3
20084,Pineapple Apple Mint Organic Cold Pressed Juicd
20086,Green Chilly Beef & Bean
20101,Chocolate Turtle Snack Mix
20104,Organic Brown Rice Flour
20111,"Hemp Seed, Hulled"
20113,Organic Gluten Free Buckwheat Wildberry Waffles
20114,Jalapeno Peppers
20118,Krinkle Cut Sea Salt Potato Chips
20119,Sparkling Water Berry
20120,DeTox Caffeine Free Organic Herbal Tea Bags
20123,Smoked Ham Shanks
20125,Lemon Verbena Dryer Sheets
20126,Salt
20127,Organic Lentil Beans
20132,Korean Stir Fry Simmer Sauce
20144,Organic Pack Peasant Bread
20148,Organic Garlic Bulbs
20153,Eat Your Colors Purples Puree Baby Food
20156,Mixed Berry Yogurt
20161,100% Liquid Egg Whites
20163,Organic Santa Fe Style Chicken Soup
20166,"Dog Snacks, Medium"
20168,Organic Sunflower Seed Spread
20169,Annie Peely Fruit 4.5 Z
20171,White Bread
20175,The Original Vanilla Ice Cream Sandwich
20178,Organic Quinoa Dark Chocolate Bar
20181,Oatmeal Fruit & Berries
20186,Almond Flour Fine Ground Sea Salt Crackers
20191,General Mills Multi-Grain
20192,Classic Tomato Puree
20197,Natural Muenster Cheese Slices
20199,HUMMUS 10OZ  YELLOW LENTIL EAT WELL
20211,Fresh & Fruity Arbequina Extra Virgin Olive Oil
20215,Tuna Noodle Casserole
20217,Mini Marshmallows
20221,Rib Rub Seasoning
20225,Acidophilus Probiotic Tablets - 100 CT
20226,Organic Eggplant Parmesan
20239,Ice Cream Bars With Reese's Peanut Butter Cups
20240,Organic Mlk Chocolate Bar
20243,Double Peanut Butter Chip Ice Cream
20244,With Stainlifters Free Clear 94 Loads Laundry Detergent
20246,Lite Cheese Presliced Bonus Pack
20247,Organic Extra Large Eggs
20251,Honeysuckle Dryer Sheets
20255,Tomato Purée
20259,"Special K Sausage, Egg & Cheese Flatbread Breakfast Sandwich"
20271,Extra Butter Microwave Popcorn
20273,Friskies Dry Signature Blend Tender & Crunchy Combo Cat Food
20274,Dark Chocolate with Mint
20277,Tiramisu Gelato
20280,Jumbo Lump Crab Cake
20281,Scoops! Corn Snacks
20282,Blue Machine 100% Juice Smoothie
20284,Honey Nut Toasted Oats Cereal
20285,Non Dairy Choc Fudge Brownie
20292,Mexican Oregano
20303,Organic Cream Of Mushroom Soup
20309,Authentic French Chocolate Swirl Brioche
20314,Crunch Time
20316,Flax Plus Maple Pecan Crunch Cereal
20319,"Water Chestnuts, Sliced"
20323,Strained Tomatoes
20324,Lavender Harvest Aromatherapy Mist
20327,Organic All Natural Blueberry Mini Waffles
20339,Chocolate Protein Soy & Dairy Protein Shake
20341,Fine Champagne Cognac
20345,Thin Crust Pepperoni Pizza
20358,Mozzarella & Provolone Shredded Cheese
20359,Premium Pate Wet Cat Food - Salmon Entree
20360,Tall Kitchen Drawstring 13-Gallon Trash Bags
20361,Winterfrost Sugar-Free Gum
20362,Ultra 8 1/2 in Plates - 32 CT
20368,Organic Anti-Bug Shake & Spray
20377,"Water Chestnuts, Sliced, No Salt Added"
20378,Chicken Broth
20379,Organic Free Range Large Grade A Brown Eggs
20380,Blueberry Oats and Quinoa Whole Grain Snack
20382,Natural Honey Peanut Butter
20383,Pepper Greens
20384,The Peruvian Burrito
20385,Raw Manuka Honey
20392,Hair Bender Whole Bean Coffee
20404,Mint Chip Almond Milk Non-Dairy Frozen Dessert
20406,Roasted Unsalted Almonds
20408,Strawberry Kiwi 100% Juice
20409,Age Renewal Moisturizing Creme
20410,Tofu Shirataki Fettuccine Noodle Substitute
20414,Big Slice American Cheese Slices
20423,Unfiltered Original Ginger Ale
20424,Chicken Curry
20427,Mild Whole Sweet Peppers
20429,Temporal Scanner Infrared Thermometer
20431,Organic Ranch Dressing
20437,Ciabatta Baguette
20448,Organic Raisins
20460,Organic Quick Cooking Rolled Oats
20463,Organic Fat-Free Milk
20468,Recipe Secrets Onion Soup & Dip Mix
20469,Organic Arugula
20488,Chili Lime Jackfruit Carnitas
20489,Dark Chocolate with Pomegranate
20496,Zero Kiwi Strawberry Nutrient Enhanced Water
20502,Singles 2% Milk American Cheese Slices
20510,Baby Tummy Gripe Water Dietary Supplement
20512,Original Cereal
20514,Protein & Greens  Juice Smoothie
20518,"Club Delight Sausage, Egg, & Cheese Sandwiches"
20520,Mild Diced Green Chiles
20528,Organic Medium Cheddar Cheese
20536,Organic 100% Whole Wheat No. 4 Spaghetti
20540,Clinical Strength Secret Clinical Strength Smooth Solid Women's Antiperspirant & Deodorant Light & Fresh Scent
20541,Sesame Crispbread
20542,Lime Ginger Lemon Agave
20548,"Salsa, Texas, Hot"
20549,Organic Orzo
20553,Carb Balance Whole Wheat Flour Burrito Tortillas
20554,Miso-Cup Savory Soup With Seaweed
20561,Brownberry 100% 12 Grain Bread
20564,Organic Chewy Peanut Butter Banana Bites
20565,Muenster Natural Cheese
20566,Slow Cookers BBQ Pulled Pork Seasoning Mix
20567,Organic Regular Cotton Tampons No Applicator
20569,Organic Black Cherry Energy Drink
20571,Cashew Butter + Bourbon Vanilla Chocolate Bar
20574,Roasted Turkey
20577,Bread Rolls
20578,"Mustard, Sweet Hot"
20580,Original Real Vegetable Chips
20583,Sourdough Baguette
20586,Fresh Scent Powerball Tabs
20588,Vegan Buttery Sticks
20589,Veggie Bologna Deli Slices
20590,Disinfecting Wipes Fresh Scent
20591,Italian Bread
20600,Sweet & Salty Kettlecorn
20601,Organic Young Thai Coconut
20607,Fresh Vanilla Odor Shield Tall 13 Gallon Drawstring Bags
20608,Grapeseed Oil
20609,Sesame Street Bert & Ernie's Berry 100% Juice
20617,Multigrain Croccantini
20620,Cherry Turnover
20621,Shiitake Dried Black Mushrooms
20622,Tahitian Vanilla Gelato
20624,Medicated Powder
20631,Organic Spring Vegetables & Pasta Stage 3 Baby Food
20632,Mache Rosettes French Salad Mix
20634,5.3 oz Sarvecchio Parmesan Wedge
20635,No Drain Chunk Light in Water Tuna
20638,Coconut Sugar Pure & Unrefined
20640,"Sea Salt, Nature's First, Fine"
20649,Refresh-Mint Chewing Gum
20653,Tomato Sauce with Sea Salt
20655,Organic Spinach & Feta Chicken Sausage
20659,Oikos Triple Zero Greek Strawberry Yogurt
20660,Mint Chocolate Chip Frozen Coconut Dessert
20668,Chocolatey Chip Teddy Grahams
20670,Organic Lentil Vegetable Soup
20674,Golden Fries French Fried Potatoes
20676,Protein Pancake Mix
20682,Cinnamon Raisin Swirl Pre-Sliced Bagels
20691,Pine Nuts
20693,100% Recycled Facial Tissue
20695,Roasted Garlic Parmesan Italian Pasta Sauce
20697,Organic Pure Lime Juice
20698,Swiss Gruyere Cheese
20699,Natural Care Baby Wipes
20703,Broad Noodles
20705,Buttermilk Pancake & Waffle Mix
20708,Traditional New England Clam Chowder Soup
20709,Toscano Salami
20710,Reduced Fat Swiss Cheese
20711,Choose-A-Size White Paper Towels 8 Giant Rolls
20720,Bear Clover Premium Honey
20721,Jumbo Shells Pasta
20734,Organic Medjool Dates
20738,Plain Bagels
20740,Omega-3 Buttery Spread
20752,Fragrance Free Moisturizing Lotion For All Skin Types
20754,Mediterranean Mint Gelato
20757,Say Cheese! Crispy Whole Grain Baked Crackers
20760,Pork Breakfast Sausage
20765,Steel Wool Soap Pads Lemon Fresh Scent - 10 CT
20767,Organic Peppermint Herbal Tea
20769,Decaf Chai Latte
20771,Chlorine Free Ultra-Thin Super Pads
20776,Organic Quinoa
20785,Extra Sharp Aged Cheddar Cheese slices
20788,Olive Oil & Sel Gris Sourdough Flatbread
20791,Bedtime Tea
20794,"Kombucha, Organic Raw, Citrus"
20796,Pepperoni Bagel Bites
20801,Professional Strength Foaming Pipe Snake Clog Remover
20802,for Tots Apple Juice
20810,Organic Mighty Sticks
20815,Unsalted 65%  Vegetable Oil Spread
20821,2nd Foods Banana Carrot Mango Baby Food
20822,Real Vegetable Chips Spiced Sweets
20824,Lemon & Lime Blossom Scent Disinfecting Wipes
20827,All-One Hemp Citrus Castile Bar Soap
20828,Original Medium Picante Sauce
20840,Classic Vanilla Flavor Marshmallow Minis
20842,Total 0% Greek Yogurt
20844,Doublemint Gum
20850,Chocolate Cacao Raw Fit Protein Powder
20851,Filtered Fresh 2% Reduced Fat Milk
20852,Florida's Natural 100% Orange Juice Some Pulp
20855,Salad Kit Creamy Coleslaw
20861,2nd Foods Pear Pineapple Baby Food
20865,Concentrated Bleach Clean Linen
20868,Beef Bouillon Cubes
20869,Yellow Potato
20875,Original Cat Food
20876,Crunchy Peanut Butter Energy Bar
20877,Beef & Bean Burritos
20878,French Lavender Hand Soap
20879,"Granola, Peanut Butter, Homestyle"
20880,Gluten Free Veggie Lovers Thin Crust Pizza
20883,Carving Board Slow Cooked Ham
20887,Feta Crumbles Cheese
20888,Total 2% Lowfat Greek Strained Yogurt Blueberry - 4 PK
20892,For Pots & Pans Powder Stainless Steel & Copper Cleaner
20896,C&W Frozen Petite Sweet Corn
20898,Ranch Classic Dressing
20899,Goo Berry Pie Probugs Kefir
20900,Enchiladas Al Chipotle
20902,Cool Whip Whipped Topping
20904,California Roll Sushi
20906,"Rice and Corn Puffs, Baked, Veggie"
20910,Goldfish Dory
20913,Organic Enchilada Green Sauce Mild
20914,Dairy Milk Fruit & Nut Chocolate Bar
20915,Mozzarella Light Low Moisture Part Skim String Cheese
20919,Baby Spinach Salad
20920,Sage
20922,Rice Thins Poppy & Sesame Seed White Rice Crackers
20925,Type 1&3 Super Collagen Dietary Supplement Powder
20930,Top Ramen Oriental Flavor
20931,Black Mission Figs
20940,Organic Low Fat Milk
20943,Gluten Free Apple Cinnamon Waffles
20944,Hot Fudge Topping
20947,Passionberry Bliss Kombucha Drink
20949,Vanilla Sandwich Cookies
20951,Original Export Sodas Crackers
20953,"Pocket Sandwich, Spinach Pizza"
20955,Cereal
20957,Whole Grain Rice Cereal
20960,Peppermint 16 Pieces Sugar Free Gum
20966,Rice Pilaf Family Size Rice Blend
20973,Glass Cleaner Spray
20976,Double Noodle Classic Recipe Condensed Soup
20977,The Natural Whipped Topping
20980,Spinach Mountain Bread
20995,Organic Broccoli Florets
21006,Organic Sparkling Lemonade Beverage
21009,"Crispy Wheat, Crackers"
21010,Organic Crushed Tomatoes with Basil
21011,Condensed Cream of Chicken Soup
21018,Large Flake Nutritional Food Yeast
21019,Roasted Red Pepper Hummus
21022,Imported Grated Parmesan
21023,Glide Pro-Health Original Floss
21029,Original Unsweetened Almond Milk
21037,Grass Fed Beef Stew Meat
21038,Organic Spelt Tortillas
21043,Sumo Mandarin
21050,"Bathroom Tissue, 1‑Ply, 1000 Sheet Rolls"
21051,Baba Ghannouge Eggplant Dip
21053,Almond Snack Crackers
21057,Organic Brown Rice Spaghetti
21058,Organic Creamy Chocolate Fudge Nutrition Shake
21067,Reduced Fat Sliced Provolone Cheese
21070,Lightly Sweet Popcorn
21071,Sonoma County Cabernet Sauvignon
21077,Cara Cara Navel Orange
21083,Corn Puffs with Aged White Cheddar (Lunch Packs)
21085,Cheese Melts Crackers
21090,12 Hour Chest Congestion
21092,Organic 100% Pure Dark Amber Maple Syrup
21096,Sea Salt Kettle Cooked Potato Chips
21100,Peanut Chocolate Candy
21103,Cherry Tomato Vine
21106,Sandwich Pepperoni
21108,Cherry Vanilla Creme Soda
21109,"Pancake & Waffle Mix, Chocolate Chip"
21115,Oikos Greek Vanilla Yogurt
21116,Whole Kernel Corn
21117,Caramel Almondmilk Creamer
21125,Organic Coconut Chia Granola
21131,Lemon-Lime Fridge Pack Soda
21133,Spreadable Butter with Olive Oil & Sea Salt
21134,Cream Top Apricot Mango Fruit on the Bottom Yogurt
21135,Brown Rice Miso
21137,Organic Strawberries
21139,Awake English Breakfast Black Tea K-Cups
21140,Grillers Cheddar Cheese & Bacon Patties 6 Count
21142,Brown Fig
21146,Tomato Paste with Italian Herbs
21150,Fire Grilled Steak Bowl
21153,Farmhouse Oatmeal Hearty Sliced Bread
21155,Chianti Classico
21157,Bagels Plain Presliced
21158,Everything Bagel
21162,Organic Mixed Berry Yogurt & Fruit Snack
21163,Whisps Parmesan Cheese Crisps
21169,Chile Picante Plantain Chips
21170,Microwaveable Mac & Cheese
21171,100% Pure & Certified Organic Lemon Oil
21174,I Heart Baby Kale
21176,Albacore White Tuna Pouch
21177,Natural Hand Sanitizer Alcohol Free
21182,Organic English Seedless Cucumber
21183,Organic Gold Beet Bunch
21187,Classic Macaroni & Beef in Tomato Sauce
21194,Chickpeas! Pasta Shells
21195,Organic Extra Virgin Olive Oil
21196,Organic Smooth Wheat Bread
21198,Coconut Milk Non Dairy Frozen Dessert No Sugar Added Mint Chip
21201,Chopped Ham
21203,Carrot Juice Organic Pure Originals
21206,English Breakfast Black Tea
21207,Organic Vegan Mushroom Gravy
21219,Organic EVOO
21220,Crispy Sea Salt Baked Gourmet Crackers
21225,Honey Bunches With Almonds Cereal
21227,Smart Dogs Veggie Hot Dogs
21230,Organic Himalayan Pink Popcorn
21240,Orange Sports Drink
21242,Healthy Multgrain Wp Bread
21243,Simple Favorites Chicken Fettuccini Frozen Entree
21246,Mild Enchilada Sauce
21249,Organic Ramen Noodles
21250,Fresh Heavy Duty Scrub Sponges
21252,Outshine Pomegranate Fruit Bars
21263,Organic Whole Grain Quinoa Flour
21265,Reconstituted Lemon Juice
21267,Sourdough Bread
21269,Sprouted Wheat Onion & Poppyseed Bagels
21272,13 Gallon Tall Kitchen Drawstring Bags
21278,All Purpose Crushed Tomatoes
21286,Classic Caesar Premium Croutons
21288,Blackberries
21290,Buffalo Bleu Krinkle Cut Potato Chips
21291,Organic Cheddar Crazy Bugs Macaroni & Cheese Dinner
21292,Rainbow Bell Peppers
21293,Dry Roasted Lightly Salted Peanuts
21294,Curry Tiger Burrito
21295,Organic Spaghetti Squash
21302,Original Very Emollient Body Lotion
21303,Lean Protein & Fiber Bar Chunky Chocolate Peanut
21304,Whole Baby Bella Mushrooms
21312,Walnuts Halves & Pieces Organic
21314,Canned Meat 25% Less Sodium
21316,Vegetarian Tangy Sauce With Brown Sugar & Spices Baked Beans
21323,Organic Cotton Intimate Wipes
21329,Organic Hearty Split Pea & Uncured Ham Soup
21330,Oikos Greek Plain Fat Free Yogurt
21331,Tart And Tangy Original Frozen Kefir
21332,Organic Hom Mali Jasmine Rice
21333,Original Whipped Cream Cheese
21334,Organic Peeled Garlic
21336,Almonette Cookies
21338,Silver Tequila
21344,Multigrain Sandwich Bread
21349,Miniatures
21351,Nutri-Grain Soft Baked Strawberry Cereal Breakfast Bars
21360,Clean Comfort Deodorant
21361,Honey Manuka Raw Kfactor 16
21367,Wild Sardines in Spring Water
21368,Spanish Pitted Manzanilla Cocktail Olives
21372,Lotion With Aloe & E Upright Facial Tissue
21376,Pretzel Crisps Original Deli Style Pretzel Crackers
21377,Multigrain Wheat Thins Crackers
21379,Organic Habanero Pepper Sauce
21380,NiCola Sparkling Water
21384,Greek Orzo Salad
21385,Butter Lettuce
21386,Smartwater
21387,Non-Fat Vanilla Yogurt
21390,100% Pomegranate Blueberry Juice
21393,Straws
21394,Light Imported Beer From Mexico
21397,Beyond Grain Free Wild Salmon Recipe Wet Cat Food
21401,Venison Recipe Jerky Treat
21403,Lemon Grass
21405,"Organic Red Radish, Bunch"
21408,Labné Kefir Cheese
21410,"Deli Fresh Honey Smoked Turkey Breast, 98% Fat Free, Gluten Free"
21413,Organic Soba
21417,Organic Creamy Tomato Soup
21420,2% Reduced Fat Shredded Mozzarella Cheese
21435,Complete Cat Food
21447,Light Fat Free Blueberry Patch Yogurt
21449,Teriyaki Chick'n Strips
21461,Triple Creme Goat Brie
21462,Zero Calorie Cola Soda
21463,Vanilla Bean Light Ice Cream
21466,Stella Rosa Moscato D'Asti
21468,Mocca-Java Decaffeinated Ground Coffee
21469,Honest T Mango White Tea
21471,Salisbury Steak Dinner
21472,Original Pepperoni Pizza
21479,Organic Turkish Figs
21484,Naturals Applewood Smoked Ham Lunchmeat
21496,Smoothies Extra Strength 750 Antacid Calcium Supplement Chewable Tablets Assorted Fruit
21497,White Sandwich Bread
21501,Fave Reds Fruit
21505,"Coldpuree Organic Stage 2 Banana, Blueberry and Avocado Baby Food"
21506,Organic Raisin Bran Cereal
21508,Dairy Free Coconut Milk Vanilla Bean Frozen Dessert
21511,Lite Balsamic Dressing
21512,Homestyle Mashed Potatoes
21513,Heart to Heart Honey Toasted Oat Cereal
21517,Microwavable Buttery Homestyle Mashed Potatoes
21524,Salad Hearts of Romaine
21525,Organic Dried Blueberries
21526,Organic Golden Round Crackers
21527,Unsweetened Whole Milk Blueberry Greek Yogurt
21532,Instant Yeast
21542,Lightly Smoked Sardines In Lemon Flavored Extra Virgin Olive Oil
21543,Organic Quick Oats
21551,Organic Mekong Flower Brown Jasmine Rice
21553,Lowfat 2% Milkfat Cottage Cheese
21554,Honey BBQ Flavored Chicken Strips
21560,Cut Hearts Of Palm
21562,Naturally Rising Crust Canadian Style Bacon & Pineapple Pizza
21566,Licorice Log
21567,Blueberry Almond Breakfast Bars
21568,American Cheese Singles
21572,Cheez-It Cheddar Cracker
21573,Roasted Pine Nut Hummus
21574,Whole Castelvetrano Olives
21576,Lime + Coconut Strawberry Handsoap
21577,Organix Chicken & Brown Rice Formula Adult Dog Food
21580,Multi-Purpose Disinfecting Solution
21586,The Original Hot Picante Sauce
21591,Premium Golden Seeded Hamburger Buns
21596,Smartpop Butter Single Serve Bags
21601,Brown Sugar Cinnamon Pre-Sliced Mini Bagels
21603,Blueberry Blaze Trail Mix
21604,Baked with Whole Grain Wheat Smoked Gouda Crackers
21607,Gluten Free Vanilla Granola
21612,Men +Care Clean Comfort Body and Face Wash
21613,"Sunny Outlook Bath Salts Mandarin, Lemon & Ginger"
21614,Crackers Harvest Whole Wheat
21616,Organic Baby Arugula
21621,Thicker Style Barbecue Sauce
21626,Organic Cinnamon Raisin Granola
21634,Organic Oat Cakes
21641,Mixed Nuts Lightly Salted
21643,"Matzo Ball Soup, Ready To Serve"
21645,Apple & Cinnamon Adjustable Air Freshener
21650,Ginger Soda
21653,Compostable Forks
21656,Broccoli Spears
21662,Tasty Brand Super Fruit Fruit Snacks
21675,Plain Cultured Goat Milk
21681,Sriracha Sauce
21683,Organic Multigrain English Muffins
21689,Pasta Sides Alfredo
21694,Mini Classic Ice Cream
21701,Fresh Wrap Organic Cucumber
21704,Original Superfood Fruit Smoothie Blend
21709,Sparkling Lemon Water
21711,Gouda
21724,Stir-fry Rice Noodles
21729,Mountain Blend Granola
21737,Baby Food Stage 2 Raspberry Spinach & Greek Yogurt
21743,Birthday Cake
21748,Coconut Crusted Tilapia Tray
21754,Juice Drink Variety Pack
21756,NUTrition Wholesome Nut Mix
21757,Natural Almonds
21759,Falafel Patty
21766,Quinoa Chips Barbeque
21767,Organic Old Fashioned Creamy Peanut Butter
21769,Chunky Guacamole
21772,Ground Dark Roast Signature Blend Coffee
21773,Organic Raw Cacao Powder
21775,Brazilian Cheese Bread Original Cheddar and Parmesan
21777,Maple Quinoa Cluster With Chia Seeds
21780,Medium Roast Whole Bean Organic Coffee
21781,Cajun Andouille Smoked Pork Sausage
21782,Baked Whole Grain Wheat Fire Roasted Tomato & Olive Oil Crackers
21783,Coconut Milk Vanilla Mini Sandwiches
21784,Hi-Chew Strawberry Green Apple Grape Fruit
21791,Mini Whole Wheat Pita Bread
21793,Original Wheat Thins Crackers
21795,Extra Virgin Olive Oil Rich Taste
21799,Center Cut Bacon
21822,Chicken Wings Family Pack
21828,Organic Wheat Grass Powder
21829,Sea Salt Veggie Chips
21830,Organic Soup Chicken Rice
21833,Herbs Chives
21839,Fuyu Persimmon
21841,"Tortillas, Brown Rice"
21846,Blend Blueboon Coffee
21847,Lemongrass Citrus Scent Disinfecting Wipes
21849,Original Scent HE Laundry Detergent
21850,Waffle Cut Sweet Potato Seasoned Fries
21868,"Bathroom Tissue, Unscented, Double Rolls, 3-Ply"
21869,Advanced Ultra Gel Laundry Stain Remover
21872,Organic Italian Salad
21873,Fruit Snacks
21879,Grade A Large Eggs
21881,Pear Nectar
21883,Irish Whiskey
21887,Garlic Stuffed Greek Olives
21889,Fresh Shower Daily Shower Cleaner
21890,"Milk, Low Fat, 1% Milkfat"
21903,Organic Baby Spinach
21910,Coconut Almond Creamer Blend
21914,Peanut Butter & Jelly Fruit & Nut Food Bar
21921,Clinical Strength Invisible Solid Completely Clean Antiperspirant/Deodorant
21925,50/50 Mix Spring Mix and Baby Spinach Salad Blend
21927,Organic Boneless Skinless Chicken Breast
21929,Corn Tortillas Gluren Free
21931,Grassfed Whole Milk Blueberry Yogurt
21936,Vegetarian Refried Beans
21937,Original Almond Milk Creamer
21938,Green Bell Pepper
21946,Sunflower Seed Spread Crunch
21947,Thick'n Chunky Mild Salsa
21948,Pinot Noir Wine
21949,White Cheddar Semisoft Cheese
21953,Millennium Organic Cherry Chia Synergy Kombucha
21955,All Natural Marinara Pasta Sauce
21964,Eye Makeup Remover
21970,Green Works All Purpose Cleaner
21973,Dairy-Free Drinkable Cashewgurt Wild Blueberry Organic
21982,Wild Caught Skinless & Boneless Sardines Packed in Pure Olive Oil
21985,Vanilla Whole Milk Drinkable Yogurt
21986,Artichoke Parmesan Dip
21991,Caramel Cashew Trail Mix
21996,Prepared White Horseradish
21999,Gluten Free Chocolate Coated Wafers
22000,The Original Worcestershire Sauce
22007,Minced Ginger
22008,Pepperjack Style Shreds
22015,Thin Mint Crisp Oreos
22017,Honey Wheat Braided Twists
22021,Low Fat Key Lime Blended Greek Yogurt
22022,0% Fat Greek Yogurt Black Cherry on the Bottom
22024,Italian Squash
22025,YoBaby Blueberry Apple Yogurt
22028,Grilled Chicken Taquitos
22031,Zucchini Noodles
22033,Extra Virgin Coconut Oil Non-Stick Cooking Spray
22034,Rosemary
22035,Organic Whole String Cheese
22038,Green Tea with Lemon
22039,Vanilla Pro Series Protein Shake
22046,Frozen Whole Strawberries
22050,5 Flavors Sugar Free Hard Candy Variety Pack
22051,Mini Frosted Donuts
22053,Fruity Pebbles Rice Cereal
22054,Issimo Cappuccino Iced Coffee Drink with Lowfat Milk and Cocoa
22056,Raw Meal Organic Shake & Meal Replacement
22062,The Original Thick Slice with Real Garlic Texas Toast
22066,Stool Softener Capsules
22067,"Ground Bison, 90/10"
22069,Sea Salt Caramel Frozen Greek Yogurt Bars
22071,Ham & Cheddar Lunchable
22073,Salmon Pinwheels
22081,Rooibos Chai Herbal Tea Bags
22089,Vitamin D Milk
22091,French Triple Creme Cheese
22093,Restaurant Style Medium Salsa
22105,Ultra Thin Sliced Provolone Cheese
22106,Organic Low Sodium Beef Flavored Broth
22108,Sugar Free Chocolate Vanilla Swirls Pudding
22111,Multi-Purpose Cleaner Gain Scent
22113,Organi Cheddar Cheese Mild sliced
22115,Sonoma Handmade Style Corn Tortillas
22120,Minis Mix Variety Bag
22124,Total 0% Raspberry Yogurt
22128,Vegetable Oil
22129,1% Milkfat Lowfat Cottage Cheese
22141,Vegan Ramen Chicken Flavor
22142,100% Pure Pumpkin
22144,Original Cooking Chicken Stock
22150,Clump & Seal Fresh Home Cat Litter
22151,Tart Cherry Yoghurt
22153,Scalloped Potatoes
22159,Red Machine Juice Smoothie
22164,"Cherries & Almonds in Dark Chocolate, 55% Cocoa"
22166,Miniatures Assortment Party Bag
22169,Pineapple Slices
22170,Organic Multigrain with Flax English Muffins
22171,Enamel Health Sensitivity Relief Fresh Mint Toothpaste
22174,Laundry Detergent
22175,Cheddar Broccoli Pasta Sides
22176,Organic Coconut Bliss Chocolate Walnut Brownie Dessert
22178,Sweet Italian Sausage
22179,Seasoned Salt
22180,Lentil Sage Vegan Deli Slices
22183,Blend of Vegetable & Canola Oils Vegetable Plus!
22186,Peanut Butter Creamy
22195,Kit's Organic Dark Chocolate Almond Coconut Fruit & Nut Bar
22198,"4X Ultra Concentrated Natural Laundry Detergent, Free & Clear"
22206,Multi Grain Cheerios Cereal
22208,Saag Paneer
22212,Organic Green Pears
22217,Vegetable Korma
22218,Outshine Fruit Bars
22220,Original Roasted Seaweed Snacks
22224,Whole Milk Plain Greek Yogurt
22227,Coconut Cream Pie
22228,Buttermilk Pancakes 8 Count
22234,Organic Blonde Coconut Palm Sugar
22238,Chocolate Chip Vanilla Bean Cookie with Tahitian Vanilla Bean Ice Cream
22241,Organic Garlic Roasted Garlic Pasta Sauce
22242,Swirl Bread Cinnamon
22246,Small Country White Oval
22247,Organic Chives
22255,Organic Nonfat Greek Yogurt With Lemon
22256,Organic Throat Comfort Tea
22260,Organic Rolled Oats
22269,Protein Coffee Shake
22275,Sriracha Hot Chili Sauce
22276,Black Bean Veggie Burger
22280,Gluten Free Three Cheese Pizza
22281,Chicken Noodle Soup
22282,"Ultra Soft Bathroom Tissue, Double Rolls"
22286,Organic Super Beet Juice
22288,Lemongrass Coconut Chicken
22289,Brownie Batter Core
22290,Organic Chai Tea Bags
22292,Organix Butcher & Bushel Chicken Wing & Thigh Grain Free Adult Dog Food
22293,Gummy Worms
22298,Yo Baby Organic Whole Milk Banana Mango Yogurt
22307,"Crackers, Puffed, Lightly Salted Brown Rice"
22309,Soft & Smooth100% Whole Wheat Bread
22310,Natural Energy Drink
22312,Organic Cherry Tomatoes
22313,Adult Chicken & Rice Dry Dog Food
22315,Slow Churned Chocolate Light Ice Cream
22324,Pink Vodka Sauce
22328,Organic Popcorn
22329,Celery Stalks
22330,Garlic & Herb Shirataki Pasta
22333,Guajillo Chili Chocolate Mexicano Classic Discs
22339,Lemon Verbena Scent Glass Cleaner
22343,Tea Tree Oil Dental Floss
22347,Udon Pasta Wheat With Brown Rice
22353,Gluten Free Vegan Chocolate Chip Cookie Dough Macaroons
22359,Organic 50/50 Blend Salad
22362,Original Rice Krispies Treats
22367,Total 0% Cherry Nonfat Yogurt
22369,Dairy-Free Chocolate Protein Beverage
22372,Organic Throat Coat Herbal Tea
22387,Chile Habanero Hot Sauce
22393,Pep Ru
22395,Tomato Sauce
22400,"Peanut Butter, Classic"
22406,"Craveables Chicken, Spinach & Mushroom Panini"
22416,O'Soy Fruit on the Bottom Strawberry Organic Soy Yogurt
22417,Organic Chocolate Cake Mix
22422,Amazin Prunes Pitted
22423,Dr. Bronner's 18-In-1 Hemp Eucalyptus Pure-Castile Soap
22425,Hickory Honey Barbeque Baked Potato Chips
22428,Fresh Marinara Sauce
22435,Wrinkle Releaser Light Fresh Scent
22436,Light Vegetable Soup
22445,Defense Vitamin C
22447,Strawberry & Beet Super Puffs
22451,Crinkle Cut French Fries
22452,"Toothbrushes, Soft, Full Head, Value Pack"
22454,Whipped Original Cream Cheese Spread
22462,Supreme Pizza Bites
22463,Chicken Taco Seasoning Mix
22465,Stix Crispy Seaweed Strips Wasabi
22468,Straight Bourbon Whiskey
22474,Cheddar Bunnies Snack Crackers
22475,Jicama
22476,Fresh Chicken Breast
22477,Family Size Sour Cream & Onion Flavored Potato Chips
22485,Solid Light Yellowfin Tuna in Extra Virgin Olive Oil
22490,Thick Bacon
22491,"Water, Unsweet, Blood Orange"
22504,Organic Mountain Forest Amber Honey
22507,Premium Grapefruit Large
22508,Jalapeno Jack Queso with Salsa Verde
22509,Muenster Cheese
22520,"White Paper Towels, Regular Roll"
22524,Cream Cheese Bar
22525,Dried Strawberries
22526,Italian Blend Shredded Cheese
22531,100% Orange Peach Mango Juice
22533,Honey-Herb Drops Cough Suppressant
22534,Kashmiri Curry Mild Indian Simmer Sauce
22537,Hearty Nine Grain Bread
22548,Coldbrew Coffee Pops
22551,Chicken Strips & Fries Tasty American Favorites
22553,Vanilla Chocolate Ice Cream
22556,All Natural Apricot Sparkling Water
22558,Pineapple Chunk
22559,Kitchen Cheese Enchilada
22565,"Disinfecting Wipes, Lemon Scent"
22568,Classic Ranch Dressing
22571,100% Whole Wheat Cinnamon with Raisins
22572,Original Green Superfood
22583,Albacore Solid White Tuna In Water
22594,Quattro Formaggi Four Cheeses Pizza
22597,100% Pure Maple Syrup Grade A Dark Amber
22598,Kellogg's Nutri-Grain Blueberry Cereal
22599,Grow Well Tummy Baby Food
22605,Personal Lubricant
22606,Moisturizing Body Lotion
22608,Fat Free Italian Salad Dressing
22610,Reduced Fat 2% Lactose-Free Milk
22620,Chocolate Peanut Butter Ice Cream
22624,Envy Apple
22625,Skin Clearing Shave Cream Men
22627,Gluten Free Flour
22630,"Adult Grain-Free Duck, Sweet Potatoes & Whole Peas Entree Dog Food"
22638,"Cheese, Muenster"
22639,Gluten Free Original 3 Seed Bread
22640,Organic Half And Half
22642,Chocolate Babka
22656,Tomato Condensed Soup
22658,Organic Curry Powder
22659,Natural Maple Gum
22662,"Grain Free Turkey, Sweet Potato & Spinach Recipe in Gravy Cat Food"
22663,"Lip Balm, Organic, Peppermint"
22666,Cucumbers Facial Wipes Soothing - 30 CT
22667,Original Sweet Dinner Rolls
22673,Recipe Secrets Beefy Onion Recipe Soup & Dip Mix
22677,Vegan Margherita Pizza With Daiya Cheeze
22680,Unsalted Margarine
22683,Original Real Live Chocolate
22687,Fit Artic Grape Energy Drink Drops
22695,Steamfresh Super Sweet Corn
22699,Steamfresh Premium Selects Broccoli Florets
22713,Ground Chicken Breast
22720,Meatles  Soy Gluten-Free Grounds
22721,Creamy Peanut Butter Dark Roasted
22731,Recchiuti Burnt Caramel Gelato Bar
22733,Seaweed Rice Chips Wasabi
22736,Sweet Potato Fries with Salt
22740,Vegetable Oil Spread with Calcium
22744,Gluten Free Vegan Chocolate Chip Cookie Dough
22750,Finely Shredded Mild Cheddar Cheese
22752,Organic Pink Lady (Cripps) Apple Bag
22754,Butter Top White Bread
22759,Reduced Sodium Chicken Base
22760,Organic Coconut Granola MacroBar
22761,Peanut Butter Squared Fun Size
22763,Butterfinger Bars
22767,Original Ice Cream Bar
22768,Wheat & Gluten Free Apple Pie
22782,Original Key Lime Pie Yogurt
22788,Singles American Cheese Slices
22790,French Onion Soup
22793,"Lentil Chips, Spicy Sriracha"
22795,100% Whole Wheat Hamburger Buns
22802,Mineral Water
22809,Honey Clusters Cereal
22814,Picante Salami
22819,Organic Medium Chili
22823,Roasted Bell Peppers
22825,Organic D'Anjou Pears
22827,Organic Black Mission Figs
22828,Sea Salt Caramel Ice Cream
22829,Multigrain Flax Seeded Flatbread Crackers
22831,Ranchero Queso Fresco Cheese
22833,Indian Healing Clay
22835,Chewy Mint
22838,Organic White Peppercorns
22843,Beef Patties
22849,Bunny-Luv Fresh Organic Carrots
22864,Iced Bhakti Chai Coffee Blend
22866,Sharp Cheddar Cheese Shredded
22875,Chinese Duck Sauce
22880,Classic French Demi-Glace
22882,Light Mozzarella String Cheese
22886,Sugarfree Gum Sweet Mint
22887,Skillet Sauce Thick Curry Chicken
22888,90% Lean Ground Beef
22890,Toll House Semi-Sweet Chocolate Morsels
22899,Organic Grape Juice
22900,Organic Acai Juice
22908,Sesame Street Organic Homestyle Mini Pancakes
22911,Yakisoba Stir-Fry Noodle Teriyaki
22915,Builder's Chocolate Peanut Butter Bar
22918,Praline Chocolate Bar
22920,Roasted & Salted Shelled Pistachios
22922,Organic Canola Oil
22923,Salt-Free Blend Herbs De Provence
22935,Organic Yellow Onion
22938,Triple Zero Coconut Creme Oikos Greek Yogurt
22941,Spanish Style Tomato Sauce
22947,Lactose Free Blueberry Pomegranate Acai Kefir
22948,Strawberry Cheesecake Bar
22950,Natural Free & Clear Dishwasher Detergent Packs
22952,Farfalle Pasta
22958,174 ; Dentastix&#174 ; Large
22959,Reduced Fat Milk 100% Lactose Free
22961,Lightly Sweetened Half & Half Organic Iced Green Tea & Lemonade
22963,Organic Roasted Turkey Breast
22967,"Deli Slice, Smoked Tomato"
22971,Chipotle Sauce
22972,Carpet and Room Freshener Clean Linen Scent
22974,Chocolate Peanut Butter Meal Bar
22979,Organic Cinnamon Flax Sprouted Oat Granola
22985,Bamboo Appetizer Picks
22987,Tangerine Dream Sweet Dreams
22989,Smoked Sausage
22990,Organic Gracious Granola
22993,Super Seed Crispy Crackers
23001,Genuine Brewed Rice Vinegar
23003,Orange Blossom White Tea
23005,93% Lean Ground Turkey
23010,Deluxe Sharp Cheddar Macaroni & Cheese Dinner
23011,Sesame Topped Hamburger Buns
23016,Red Licorice
23020,Diet Tonic Water
23021,San Marzano Tomato
23025,Organic Stage 4 Green Bean Pear & Pea Baby Food
23026,Salted Butter Half Sticks
23029,Organic Uncured Sliced Black Forest Ham
23031,Thin Ultra Always Ultra Thin Regular Pads With Wings 18 count Feminine Care
23032,Sriracha Chili Sauce
23038,Organic Mung Beans
23039,Fat Free Cream Cheese
23044,Cream Top Smooth & Creamy Vanilla Yogurt
23046,100% Natural No Salt Added Tomato Sauce
23047,Sesame Roasted Seaweed Snacks
23054,Whole Wheat Sourdough
23055,Crystal Fresh Drinking Water
23059,Vanilla Iced Coffee Concentrate
23060,"Stage 2 Spinach, Apple & Kale"
23064,French Vanilla Joy Candle
23067,Original Mild Taco Sauce
23074,"Organic Whole Wheat Pie 9\"" Shells 2 ct"
23075,Slow Roasted Lightly Seasoned Chick'n
23081,Gluten Free Brown Rice Bread
23082,2% Chocolate Milk
23085,Montauk Soft Baked Milk Chocolate Cookies
23087,Organic Sweet Pea Sprouts
23088,White Cheddar Jalapeno Gourmet Popcorn
23094,Organic Lentil Soup
23099,Love Crunch Dark Chocolate And Peanut Butter Granola
23101,Waxed Unflavored Floss
23102,Organic 1% Milk
23103,Tarragon
23106,Pomegranate on the Bottom Non-Fat Greek Yogurt
23115,Disinfecting Multi-Surface Cleaner Lemongrass Citrus Scent
23116,Chocolate Chip Crunchy Cookies
23117,Enriched Farina Hot Cereal
23134,Organic Vanilla Almond Chia Vitality Granola Clusters
23139,Fresh Goat Cheese Classic
23144,Quilted Napkins Signature Prints
23147,Gut Shot Classic
23150,Vegetable Classics 99% Fat Free Lentil Soup
23159,Marscarpone Fresca
23162,Small Bone
23165,Organic Leek
23169,Sliced Polish Ham
23178,Pure Lemon Juice
23180,Ground Nutmeg
23181,Buffalo Chicken Wings
23183,Carnation Evaporated Milk
23185,Yogurt Yokids Squeezers
23191,Blood Orange Juice
23192,Chocolate Whole Grain Graham Snacks Bunny Grahams
23195,Burgers Garden Veggie
23198,Organic Chicken Drumsticks
23204,Cantina Traditional Tortilla Chips
23211,French Roast Dark Roast Coffee K- Cups
23214,Organic Blood Orange Sparkling Beverage
23215,Organic Stomach Ease Tea Bags
23216,Fancy Shredded Cheese Italian Blend
23219,Nutz Over Chocolate
23220,Get Some Zzz's No.5 Red Tea
23223,Alcohol Free Toner
23226,Mandarin Orange Segments in Light Syrup
23228,Just Pomegranate Juice
23233,California Sourdough Bread
23236,Chopped Spinach
23239,Wing Sauce
23241,Vanilla Milk Chocolate Almonds All Natural Ice Cream Bars
23246,Unsweetened Organic Drinking Chocolate
23248,Passion Fruit On The Bottom Greek Yogurt
23250,Ultimate Flora RTS Women's Probiotic 15 Billion Cultures Delayed Release Vegetarian Capsules
23252,Mixed Berry Strawberry Kiwi Black Cherry Fruit Bars
23258,Long Grain & Wild Rice
23263,Organic Vanilla Grassmilk Yogurt
23264,Original Corn Bread Mix
23265,Chives
23270,Organic Corn Flakes Cereal Fruit Juice Sweetened
23271,Tabasco Chipotle Pepper Sauce
23273,Cheese & Herb Pizza
23282,PlusShot Strawberry Probiotic Juice Drink
23288,Distilled Water
23289,Robusto! Parmesan & Romano Pasta Sauce
23291,Coconut Chia Bar
23296,Blueberry on the Bottom Nonfat Greek Yogurt
23297,Original 7 Grain Sea Salt Pita Crisps
23304,Organic Fire Roasted Red Pepper Dinner Sausage
23308,Sensible Portions Veggie Straws Ranch 7oz
23313,Mac & Cheese
23314,Asiago & Cracked Peppercorn Dressing
23319,Original Fruit Candy
23322,Golden Delicious Apple
23329,Organix Chicken & Brown Rice Recipe
23333,Beef Ravioli in Tomato & Meat Sauce
23334,Protein Zone Double Berry Juice Smoothie
23338,Raspberry Fruit Spread
23339,Sweet Corn On The Cob
23341,Large Grade AA Eggs
23347,Chessmen Cookies
23348,Organic Grade B Maple Syrup
23357,Organic Cocktail Sauce
23358,Instant Carpet Stain Remover
23359,Traditional German Egg Noodles Spaetzle Farmer Style
23360,Ultimate Petite Mixed Vegetables
23361,Stoneground Deli Mustard
23362,Toastable Apple Cinnamon Fruit & Grain Buns
23363,Organic Free-Range Chicken Broth
23364,Max Water Caplets
23368,Paleo Bread Made with Coconut
23369,Tamarind Paste
23375,Marinara Sauce
23376,Power Up Greens Spring Mix & Greens
23383,Super Natural Organic Whole Milk
23385,Parmesan Cheese Shreds
23388,Blue Sparkle Fresh Scent Liquid Fabric Softener
23389,Original Ultra Concentrated Dish Soap
23393,"Toothpaste, Fluoride Free, Whitening, Cool Mint Gel"
23400,Organic Premium Tomato Paste
23405,Pure Baking Soda
23407,100% Natural Sweetener Zero Calorie Packets
23410,Bathroom Tissue Double Rolls
23412,Sheer Strips Adhesive Bandages
23413,Chunky Monkey® Ice Cream
23416,"Fresh Frozen Strawberries, Blueberries & Cherries with Kale"
23417,Brown Rice & Vegetables Bowl
23423,Original Hawaiian Sweet Rolls
23430,Sheep Milk Vanilla Yogurt
23445,Roast Chicken Flavor Ramen Noodle Soup
23451,Gentle Skin Cleanser for All Skin Types
23452,100% Carrot Juice
23457,Zero Calorie Cherry Cola
23459,Ancient Grain Mango Almond Muesli
23461,go fresh Cool Moisture Beauty
23465,Green Thunder Liquid Water Enhancer
23470,Organic Sweetened Almond Milk
23474,"Couscous, Israeli, Traditional"
23480,The People's Pickle Garlic Dill Pickle Slices
23484,Organic Pine Nuts
23493,Quesadilla Shredded Cheese
23495,Chicken Cooking Stock
23497,Spirited Prints Full Sheet Regular Roll Paper Towels with Thirst Pockets
23499,Organic Blueberry Lowfat Yogurt
23511,Kitten & Adult Select Cuts Chicken Chunks Cat Food
23513,Relaxing Lavender Mineral Bath
23516,Organic Unbleached All-Purpose Flour
23517,"Ginger, Pickled Sushi"
23534,Veggie  Breakfast Patties
23535,Sea Salt Chickpeas
23537,Light Brown Sugar
23539,"Tuna, Wild Albacore"
23540,Orange
23541,Veri Veri Teriyaki Marinade & Sauce
23543,Organic Extra Large Brown Eggs
23544,Liver & Chicken Dinner Classic Pate Cat Food
23554,Organic Vanilla Bean Ice Cream
23560,Plates 10 1/16 inch 26 Ct
23563,Chocolate Mint Miracle Tart
23576,Sweet Greens and Lemon Vegetable and Fruit Juice Blend
23579,Peanut Butter Chocolate Chip Fruit & Nut Food Bar
23580,Outshine Lime Fruit Bars
23585,Organic Rice Probiotic Drink Blueberry
23586,Vanilla Non Dairy Frozen Dessert Minis
23592,RapidRise Yeast
23593,"Cat Litter, Natural, Unscented"
23594,Medium Salsa
23601,Clover Honey
23612,Cookie Dough Ice Cream
23616,Natural Simply Salted Microwave Popcorn
23619,Brownie Crunch Bar Dark Chocolate
23621,Classic Fried Chicken Frozen Dinner
23622,Organic Hot House Tomato
23623,G Series Perform Glacier Cherry Sports Drink
23625,Cranberry Raincoast Oat Crisps
23630,Multi-Seed Original Crackers
23634,Dairy-Free Cheddar Style Shreds
23637,Maple & Brown Sugar High Fiber Instant Oatmeal
23643,Organic Currants
23644,Sharp Cheddar Thick Slices Cheese
23645,Sour Cream & Onion Potato Chips
23646,Celery Bunch
23650,Electrolyte Water
23659,"Popcorn, California Olive Oil"
23662,All Natural White Vinegar
23666,Chocolate And Snicker Doodle Salted Chocolate Ice Cream Sandwich
23670,Purina Prime Filets With Chicken In Gravy Cat Food
23671,Organic Black Chia Seed Superfood
23672,Multi-Surface Concentrate Lemon Verbena
23678,Original Yogurt Caramel
23679,Bernie's Farm Cheddar Crackers
23685,Mo' Beta Fruit Smoothie Blend
23687,Multi Grain Sandwich Thins
23688,Skillet Crisp Garlic & Herb Seasoned Tilapia
23695,California Veggie Burger
23710,Snacks Extra Sharp Cheddar Cheese Sticks
23712,Natural Crackers
23716,Cashew Cookie
23719,Chicken Tortilla Soup
23722,White Corn Taco Shells
23723,Traditional Chickarina Chicken Soup with Meatballs
23734,Sour Cream
23736,Crimini (Brown) Mushroom
23737,Organic 100% Grapefruit  Juice
23740,Stage 1 Newborn Hypoallergenic Liquid Detergent
23742,"Magnesium Supplement, Sweet Lemon Flavor"
23744,Balsamic Vinaigrette Dressing
23748,"Danish Butter, Imported"
23753,Southwest Salad Kit
23754,Organic Figs
23756,Oil Of Oregano
23758,Cheese Fix Party Size
23760,Strawberry Greek 100 Calories Yogurt
23763,French Vanilla Sugar Free Liquid Coffee Creamer
23764,Cheesecake Brownie Ice Cream
23765,Organic Smoked Turkey Breast
23769,Organic Chocolate Brownie Mix
23774,Organic Apple Butter Spread
23777,Caesar Parmigiano Creamy Yogurt Dressing
23782,Magic Eraser Cleaning Sponge 2ct. Surface Care
23783,"Almond Coconut Bar, Organic"
23785,Baby Kale Mix
23793,Ultimate Care Probiotic Vegetarian Capsules
23794,1% Chocolate Milk
23800,Whole Grain Cereal
23801,Fusilli No. 34
23803,Jalapeno Pepper
23805,Peppered Turkey Bacon
23809,Earl Grey Black Tea Bags
23811,Light Flour Tortillas
23815,Bosc Pears
23819,Carrot
23820,Garlic Pepper
23821,Organic Chili Spicy
23822,Sweet Potato & Chicken Dinner
23829,Sherry Vinegar
23835,Cold-Pressed Sweet Greens & Lemon Juice
23836,Mint Chocolate Chip
23844,"Milk Chocolate, Solid, Bunny"
23848,"Pupusas, Pinto Bean & Cheese"
23852,Sweet Bread & Butter Pickles
23854,Wild Wonders Gourmet Medley Tomatoes
23855,Non-Dairy Caramel Almond Brttle
23864,Force Flex Large Trash Drawstring Bags Extra Strong
23866,Multi-Purpose Household Cleanser & Polish
23879,Applewood Smoked Turkey Breast
23888,Hamburger Buns
23898,Organic Gluten Free Fusilli
23909,2% Reduced Fat Milk
23910,100% Pure Canola Oil
23915,Uncrustables Peanut Butter & Grape Jelly Sandwich
23916,Dairy Alternative Vegan Sour Cream
23919,Grain Meat Sausages Vegetarian Mexican Chipotle
23929,Tilapia Fillets
23931,Calming Shampoo & Bodywash
23938,Chocolate Sorbet
23951,Tonics Cleansing Probiotic Tonic With Apple Cider Vinegar Cinnamon
23952,EnviroKidz Chocolate Choco Chimps
23955,Vanilla Soy Milk
23957,Sugar Free Vanilla Pudding
23958,"2X Ultra Liquid Laundry Detergent for Sensitive Skin, 50 Loads"
23959,Multi-Seeds Cracker
23965,Frozen Microwaveable Chicken Pot Pie
23967,Purely Simple Vanilla Cake and Cupcake Mix
23977,Unsweetend Creamer
23985,Baby Eggplant
23986,Grassfed Whole Milk Plain Yogurt
23991,"Organic Spinach & Potatoes 2, 6 Months+"
23992,Honey Crisp Apple Juice
24004,Goldfish Parmesan Baked Snack Crackers
24009,Organic Long Grain White Rice
24010,Wheat Gluten Free Waffles
24019,Organic Grass Fed Greek Yogurt Peach
24020,Heirloom Whole Bean Coffee
24024,1% Lowfat Milk
24029,Whisker Lickin's Salmon Flavor Cat Treats
24035,Coconut  Chocolate Bar
24038,Peanut Butter Sandwich Crackers
24049,Dailyware Spoons
24053,Whipped Cream Cheese Spread
24058,Coconut Milk Yogurt Alternative Natural Flavor
24059,Meyer Lemon Everyone Hand Soap
24062,Flourless  Sprouted Whole Grain 7-Sprouted Grains English Muffins
24080,Bug Spray
24082,Organic Dark Sweet Cherries
24086,Beef Tenderloin Steak
24091,Garlic Mill Spices
24092,Happy Cola Gummi Candy
24093,Organic Italian Whole Peeled Tomatoes
24097,Rotini Pasta
24101,Shredded Extra Sharp Cheddar Cheese
24114,Ground Chicken
24115,Good Buddy Beef Jerky Dog Treat
24116,Minions Mild Bubble Fruit Toothpaste
24117,Potato Chips Cheddar & Sour Cream Flavored Party Size!
24118,Vegan Big Cup Pad Thai Noodle Soup
24120,Dried Cranberries
24123,Aquarium Pump Hand Soap
24125,Olive Bread
24129,Natural Fresh Goat Cheese
24135,Oranges
24139,Gluten Free Strawberry Toaster Pastry
24142,Broccoli Cuts
24143,Bottle Water Filtration System
24147,Unscented PH Balanced Antiperspirant & Deodorant
24151,Bearly Processed Sea Salt Caramel Apple Granola
24156,Carnation Sweetened Condensed Milk
24157,Chocolate Chip Snackimals
24159,Organic Red Raspberries
24160,Organic Whole Wheat Tortillas
24168,"Extra Clean Toothbrush, Soft"
24170,Marinara
24174,Mildly Spiced Cornichons
24177,Total 2% Yogurt Key Lime
24179,"Real Vegetable Chips, Sweets & Beets"
24184,Red Peppers
24185,Zero Dish Soap Fragrance Free
24186,Slim Can Pink Grapefruit Natural Mineral Water
24195,Tofu Scramble
24197,Teriyaki Sauce
24198,Super Spinach Greens
24204,"Butterhead (Boston, Butter, Bibb) Lettuce"
24213,Chard Basil Apple Romaine Celery Cucumber Collards Lemon
24214,Organic Jr Apple Cinnamon Oatmeal
24217,Golden Oat Breakfast Biscuits
24218,0% Fat Strawberry Greek Yogurt
24221,Organic Red Grapes
24231,Tahitian Vanilla Bean Gelato
24232,Monterey County Pinot Noir
24234,Tender Tongol Tuna Cat Food
24235,Honey Wheat Enriched Bread
24236,Organic  Dried & Unsulfured Orchard Select Apricots
24239,White Italian Bread
24241,"Corn Thins, Organic, Sesame"
24242,High Omega Vegan Ranch Salad Dressing
24249,Jalapeno Chomperz Crunchy Seaweed Chips
24250,Birds Eye Chile
24253,Go Lean Cereal
24261,Nighttime Sleep Aid Caplets
24263,Organic Fettuccine
24269,Mixed Berry Sports Drink
24273,Reduced Fat Pepperoni Pizza Frozen Sandwiches
24275,Golean Vanilla Graham Clusters Cereal
24276,Black Licorice Twists
24279,"Canadian Bacon, Uncured"
24281,Organic Spelt Pie Crusts
24284,Black Bean Sea Salt & Rice Chips
24288,Rosemary Raisin Raincoast Crisps
24289,Instant Oatmeal Peaches & Cream
24291,Neosporin 24 Hour Infection Protection First Aid Antibiotic Ointment
24295,All Natural Raspberry Sorbet
24296,Smoke & Cure Pepper Turkey Meat Sticks
24297,Sweetened Tea
24301,Beneful Treats Baked Delights Hugs Dog Snacks
24303,Spicy Mango With Jalapeño Smoked Chicken Sausage
24304,"Gloves, Premium Latex, M"
24307,Chunky Blue Cheese Dressing & Dip
24311,Original Cheddar CheeseSticks
24320,Vanilla Almond
24323,Express Everyday Comfort Contact Lens Solution
24333,Peach Mango Iced Green Tea
24336,Ditalini Pasta
24339,100% Lactose Free Milk
24347,Medium House Blend Whole Bean Coffee
24360,Nasal Spray With Xylitol
24362,Brut Sparkling Wine
24363,Lemon Cayenne Agave Cold Pressed Juice Beverage
24364,Organic Chinese Five Spice
24368,Hot Wasabi Peas
24372,Organic Free Range Chicken with White & Wild Rice Soup
24373,Mediterranean Vegetable Chips
24382,Ranch Dressing
24385,Italian Sausage Pizza
24386,Mini Nilla Wafers
24390,Pomegranate
24391,Hot Diced Tomatoes With Habaneros
24399,Pain Reliever and Fever Reducer Ibuprofen 200mg
24401,Mini Pork And Ginger Wontons
24404,5 Cheese Texas Toast
24409,100% Paradise Blend Juice
24410,Meatloaf With Home Style Mashed Potatoes & Gravy
24413,Organic Strawberry Banana Fruit Yogurt Smoothie
24425,"Freshly made pasta, rich meat sauce and Real Mozzarella cheese Lasagna with Meat & Sauce"
24427,Snacks String Cheese Natural Mozzarella Cheese
24432,Long Lasting Peppermint Flavor Sugar Free Gum
24437,Baby Eczema Therapy Soothing Bath Treatment
24441,2% Reduced Fat Milk With Vitamin A&D
24454,7 Grain Bread
24457,Organic Champagne Vinegar
24458,Mushroom Mezzluna Ravioli
24467,Body Clear Body Wash
24476,Salt & Pepper Potato Chips
24487,Cheese Popcorn
24489,Organic Whole Strawberries
24492,All Natural Won Ton Wraps
24497,Organic Cauliflower Florets
24500,Lemon Flavor
24506,"Organic Traditional 9\"" Pie Shells 2 ct"
24507,Sun-Ripened Dried Tomatoes
24511,Pet-Ritz Regular Pie Crusts
24516,Pure Cane Dark Brown Sugar
24518,Gluten Free Lemonzest Nutrition bar
24521,Lowfat Goat Milk
24524,Lightly Salted Sweet Cream Butter
24528,Chocolate Cafe Mocha Creamer
24532,Cranberry Almond Chicken Salad
24533,Pre-Moistened Multi-Surface Everyday Wipes
24534,Dark Chocolate Covered Goji Berries
24535,Plain Whole Milk Yogurt
24541,Nonfat After Dark Chocolate Organic Frozen Yogurt
24544,Breakfast Blend Whole Bean Coffee
24549,Organic Greens And Kale
24552,Spicy Red Napa Cabbage Kimchi
24553,Gochujang Fermented Garlic Chile Paste
24555,Mocha Cappuccino
24557,Magnesium Glycinate 400 Mg
24561,Organic Cheese Frozen Pizza
24563,Natural Pepper Jack Cheese
24571,Tomato and Basil Pasta Sauce
24582,Toaster Size Premium Plain Bagels
24583,Organic  Unsweetened & Salt Free Sunflower Seed Butter
24587,"Omega Natural Blend Of Canola, Soy & Olive Oils"
24589,Turkey & Brown Rice Wet Cat Food
24595,"Dark Chocolate, with Whole Almonds"
24599,Psychic Detox Magickal Mineral Bath Salts
24604,Triscuit Roasted Garlic Baked Whole Grain Crackers
24605,Seafood Feast Variety Classic Wet Cat Food
24612,Peach Drinkable Yogurt
24613,Sweet Potato Puffs Cereal Snack
24615,Natural Sharp Cheddar Cheese Chunk
24616,Peanut Butter & Coconut Bar
24617,Anticavity Fluoride Cool Mint Restoring Mouthwash
24622,Green Cabbage
24629,Sweet Mini Sub Rolls
24630,Gluten Free Quiche & Pie Crusts
24631,Light & Lean Spinach Lasagna
24637,Turkey Sausage Links
24639,Unsweetened Vanilla Almondmilk
24643,Toaster Strudel Strawberry Pastries
24645,Berkshire Pork Lard
24649,Freshmates Charmin Freshmates™
24654,Potato Hot Dog Buns
24658,House Blend Medium Keurig Brewed K-Cups Ground Coffee
24660,Deli Fresh Slow Roasted Cured Roast Beef
24662,Renew Vegetable and Fruit Juice
24669,Ham & American Funpack Lunchable
24671,Apple Orchard Scented Daily Granite Polish
24678,"Lip Balm, Everon"
24680,"Tuna, Solid Pack Light"
24685,Premium Pork Sage Sausage
24686,Gotu Kola Stem Cell + 1% CGF Day Cream
24699,Candy
24701,Sumatra Dark Roast K-Cups
24703,Fruit Punch
24706,Organic Apple Sauce + Fruit & Veggie Carroty Chop Mashups
24707,Home Style Asiago Caesar Dressing
24708,All Natural Sausage Fully Cooked - 6 CT
24710,Smoked Turkey Sausage
24711,Organic Rustic Cut Root Medley
24713,Light Butter with Canola Oil
24719,Organic Seed Your Soul Strawberry Lemonade Chia Vitality Beverage
24721,Cinnamon Raisin English Muffins
24724,G Series Frost Rain Berry Flavor Sports Drink
24733,Top Round Pastrami
24737,Organic Micro Broccoli Sprouts
24744,German Style Quark Vanilla Bean
24746,Kickstart Energizing Orange Citrus Sparkling Juice Beverage
24747,Suddenly Salad Classic Pasta Kit Classic
24749,13 Gallon Tall Drawstring Kitchen Bags
24758,Lip Balm Complete Moisture SPF 15
24759,Club Soda
24764,Crushed Garlic
24780,Stick East Coast Vegetable Oil Spread
24787,Jodhpur Lentils
24789,Organic Cold Season Tea Bags
24791,Soft'ees Family Pack Assorted with Frosted Donuts
24797,Watermelon 3 in 1 Shampoo Conditioner and Body Wash
24799,Vanilla Skyr Nonfat Yogurt
24804,Original Organic Rice Drink
24807,Organic Light Sodium Creamy Harvest Corn Soup
24808,Hot Chili Seasoning Mix
24810,Organic Lightly Salted Brown Rice Cakes
24814,Black Sesame Seed
24816,Natural Deli Style Sliced Extra Sharp Cheddar Cheese
24825,Savory Shreds with Chicken in Gravy Cat Food
24826,Braided Twist Honey Wheat
24828,Krunchers Original Kettle Cooked Chips
24829,Party Plastic Cups
24830,Organic Romaine
24832,Kellogg's Special K Chocolate Almond Cereal
24834,Organic Sweet Potato Puffs
24838,Unsweetened Almondmilk
24841,Aged White Cheddar Baked Rice & Corn Puffs Gluten Free Lunch Packs
24850,Organic Super Fruit Punch Juice Drink
24852,Banana
24857,Raspberry Filmjolk Non-Fat Drinkable Yogurt
24861,Low-Moisture Part-Skim Mozzarella String Cheese Family Size
24864,Apple Berry Applesauce on The Go Pouches
24880,Organic Hemp Powder
24890,Fresh Whole Garlic
24891,Organic Chocolate 1% Milk with DHA Omega-3
24893,Organic Creamy Sweet Pea Soup
24895,Adavanced Eye Relief Dry Eye Drops Rejuvenation
24905,Color Cups Classic Easter Egg Decorating Kit
24906,Famous Key West Lime Juice
24908,Alfredo Sauce With Aged Parmesan Cheese
24914,"Cheese, Panela"
24915,Cheddar Extra Sharp Made with 2% Milk Cheese Sticks
24925,Mint Chocolate Chip Frozen Greek Yogurt Bars
24928,Cocoa & Vanilla Bunny Cookies Gluten Free Bunny Cookies Gluten Free
24933,Turmeric Root
24940,Rapid Rise Fast Acting Instant Yeast
24943,Vinaigrette Classic Balsamic Dressing
24946,Garlic Marinara Cooking Sauce
24952,"Tortilla Chips, Corn, Red Hot Blues"
24953,Magic Eraser All Purpose Handy Grip Refills
24954,Total 0% with Honey Nonfat Greek Strained Yogurt
24955,Simply Heinz Tomato Ketchup
24956,Cafe Steamers Chicken Margherita
24959,Donut Shop Medium Roast Coffee K-Cups
24964,Organic Garlic
24973,Chicago Mix Popcorn
24976,Organic Papaya Poppy Seed Dressing
24978,Pink Lemonade Drops Flavor Enhancer
24983,Plus A Touch of Downy April Fresh Liquid Laundry Detergent
24985,Organic Low Fat Black Bean Vegetable Soup
24993,Organic Kosher Free Range Chicken Broth
24995,Egg
25005,Organic Green Lentils
25010,Grape Chia Kombucha
25013,Unsweetened Elegant Jasmine Green Tea
25017,Organic Turkey Breast
25021,Color Me Happy Colorsafe Shampoo
25025,Rye Style Bread
25043,Instant Oatmeal Variety Pack
25050,Stage 1 Organic Green Bean Baby Food
25052,Broccoli Cut Steamers
25059,Raw Cocnut Nectar
25062,Chicken Broccoli Fettuccine Alfredo
25069,Organic Aged Earl Grey Tea
25072,Organic Cheddar Snack Mix
25077,Rigatoni with Chicken & Pesto
25087,No Boil Lasagna
25088,Organix Grain Free Turkey & Vegetable Dog Food
25090,Grass-Fed Whey Nutrition Bar
25093,Colby Jack Cheese
25100,Black Bean Dip
25101,Egyptian Licorice Tea Bags
25108,Dairy Free Soy Strawberry Alternative
25112,Grain Free Chicken & Sweet Potato Recipe in Gravy Dog Food
25122,Organic European Style Lightly Salted Butter
25126,Ancient Heirloom Popcorn
25132,Ice Cream Bars
25133,Organic String Cheese
25134,Cilantro Bunch
25138,Organic Plain Greek Whole Milk Yogurt
25142,Sensor2 Plus Men's Disposable Razor
25144,Original 100% Vegetable Juice
25146,Original Orange Juice
25152,Organic Bunny-Luv Carrots
25154,Chicken Broccoli Supreme
25157,Uncured Pastrami
25165,Fat Free Balsamic Vinaigrette
25170,Soy Sauce
25171,Gruyere Chik'n Cutlets
25172,Peanut Butter Crunchy
25194,Ground Sausage Style Veggie Protein
25195,Roasted Garlic Loaf
25197,Iced Oatmeal Cookie Kid Z Bar
25199,Classic Chicken Salad
25204,Ten Soda
25219,Original Miracle Whip Dressing Squeeze Bottle
25225,Rich Dark Chocolate
25230,Chopped Onions
25232,Lucky Charms Cereal
25234,Flamin' Hot Limon Crunchy Cheese Flavored Snacks
25237,Nutty Bars
25246,White Cheddar Macaroni & Cheese Cups
25256,Cultured Low Fat Buttermilk
25262,Spicy Italian Sausage Rising Crust Pizza
25263,Feta Marinated With Herbs
25265,Margarine
25272,Small Macintosh Apple
25273,Grands Homestyle Butter Tastin Biscuit
25279,Ultra Strong Toilet Paper
25283,Lasagne Pasta
25286,Sugar Substitute
25295,Five Star Chocolate Bar Caramel
25300,Family Organic Apple Juice Boxes - 4 CT
25305,Cold Brew Coffee Nitro Can
25309,Hearty & Delicious 100% Whole Wheat Bread
25310,All Natural Beef Jerky
25318,Thick & Full Biotin & Collagen Conditioner
25329,Meatloaf in Gravy
25330,Pecan Nut & Rice Cracker Snacks
25331,Chocolate Malt
25332,Unsweetened Coconut Water
25336,Sparkling White Mint Zing Toothpaste
25340,Large Yellow Flesh Nectarine
25345,Chopped Blends With Lamb Brown Rice Carrots Tomatoes & Spinach Dog Food
25346,Peanut Butter Dark Chocolate + Protein Bar
25347,Greek 100 Calories Strawberry Banana Fat Free Yogurt
25350,Super Premium Natural Brown Paper Basket Coffee Filters (8-12 Cups)
25357,Homestyle Harvest Tomato with Basil Soup
25368,Complete Powder
25370,Non-Dairy Organic Chocolate Hazelnut Fudge Frozen Dessert
25371,Organic Banana Blueberry Baby Food Puree
25377,Unsweet Tea
25379,Salted Sweet Cream Butter Quarters
25384,AdvantEdge Carb Control Creamy Vanilla Shake
25385,Kiss My Oats Granola
25387,Base Cookie Dough Protein Bar
25396,Dark Mocha Almond Chewy Granola Bars
25405,Moisturizing Cream
25406,Prime Filets Meaty Favorites Variety Pack Cat Food
25407,Mashed Potatoes
25421,0 Calorie Fuji Apple Pear Water Beverage
25424,Cayenne Cleanse Kombucha
25435,Original Lemonade
25438,Guava Nectar
25443,"Delights Turkey Sausage, Egg Whites & Cheese Croissant"
25449,Chopped spinach in a Parmesan & Romano cheese sauce Creamed Spinach
25450,Very Emollient Body Lotion - Unscented Original
25456,Extra Stout Beer
25457,Original Cream Cheesecake
25459,Party Favorites Candy
25464,Unscented 2-Ply Double Roll Bathroom Tissue
25466,Water
25469,Smokehouse Almonds Value Pack
25476,Classic Recipe Chicken & Stars Condensed Soup
25477,"Yogurt, Nonfat, Organic, Plain"
25481,Lil Love Ice Cream Cake
25487,Brown Large Eggs Grade A
25489,Gluten Free Inca Red
25490,Boneless Beef Stew
25491,Babaganus
25492,"Tofu, Firm"
25493,Cookies 'n Cream with Oreo Cookie Pieces Lowfat Yogurt
25494,Medium House Blend Ground Coffee
25495,Flip™ Low-Fat Key Lime Crumble Greek Yogurt
25500,Philadelphia Cream Cheese Strawberry
25504,Toasted Caramel Coconut Chips
25505,"Yum-A-Roo's Organic Toddler Snacks Pea, Banana, & Pineapple"
25506,Tall Compostable Kitchen Bags
25513,Boomchickapop Sea Salt Popcorn
25515,Stella Pink Semi-Sweet
25518,Guava Guayasa Zero
25533,Vegan Chao Creamy Original Cheese Slices
25535,Organic  Creamy Peanut Butter Hint of Sea Salt
25542,"Orzo, No. 65"
25543,Sliced Apples & Caramel with Peanuts
25544,Fresh Cut Golden Sweet Whole Kernel Corn
25547,Apple Cinnamon Rice Cakes
25551,Big Sur Breakfast Burrito
25552,Organic Steel Cut Oats
25554,Creamer
25556,"Cheese Alternative Shreds, Mozzarella"
25569,Fudge Stripes Original Cookies
25570,Eggo Strawberry Waffles
25579,Naturally Smoked Trout Fillet
25582,Disney Princess Assorted Sizes Adhesive Bandages
25583,Gluten Free Rice Pasta Spaghetti Style
25584,Yellow Corn Tortillas
25588,Seedless Small Watermelon
25589,Organic Professor Fizz Zero Calorie Soda
25590,Simply Well Rice Pudding
25591,Brown Rice
25595,Chilled Gazpacho De Sol Vegetable Soup
25598,Organic Plain French Style Yogurt
25601,Mandarin Orange Chicken
25613,Homestyle Popcorn
25623,Real Guacamole
25630,Healthy Grains Fiber Cinnamon Oat Clusters
25634,Air Chilled Chicken Drumsticks
25636,Kombucha Organic & Raw Tantric Tumeric
25637,Birthday Cake Chocolate Sandwich Cookies
25640,White Peach
25647,Heirloom Tomato
25648,Chipotle Lime Mayo
25653,Organic Plain Yogurt
25659,Organic Coconut Milk
25666,Madras Curry Spicy Indian Simmer Sauce
25670,High Pulp Orange Juice
25671,Clean Mint Zero Mouthwash
25686,Super Soft Flour Tortillas Fajita Size 20 ct
25691,Original Life Cereal
25694,Chianti Red Wine Vinegar
25695,Extra Firm Sprouted Soybean Tofu
25704,White Cauliflower
25705,Butterhead Lettuce
25706,Hazelnut Bromstad Design Liquid Coffee Creamer
25707,Home Style Chicken Gravy
25713,Smart Ones Anytime Selections Mini Cheeseburger
25715,Organic Green Grapes
25718,Cold Brew Coffee
25720,Organic Sunchoke
25721,Zap Ems Fettuccine Alfredo
25740,Pepperidge Farm® Goldfish Xtra Cheddar Baked Snack Crackers
25743,Organic Beef Stock
25745,Oreo  Ice Cream Sandwiches
25746,Dill & Garlic Sauerkraut Salad
25753,Organic Homestyle Waffles
25762,Spinach Pizza Snacks
25767,Organic Multi Grain Squares Cereal
25773,#2 Coffee Filters
25779,"Herbal Tea, Organic, Turmeric Ginger, Caffeine-Free, Bags"
25782,Chocolate Powder
25783,Lemon Lime Thirst Quencher
25802,Pierogi Potato & Cheese
25804,Original Soy Milk
25806,Anticavity Fluoride and Antigingivitis Fresh + Whitening Gel Toothpaste
25814,Butter Buns Hotdog
25817,Zero Calorie Grape Soda
25818,Organic Yellow Peach
25821,Organic Raspberry Fruit Spread
25824,Pita Chips Simply Naked
25825,Original Long Grain Rice
25830,Eggo Blueberry Waffles
25832,Morning Rounds Muesli Fruit & Grain Buns
25834,Organic 85% Dark Chocolate for Baking
25836,Burgers Spicy Black Bean Veggie Burgers
25837,Mini Babybel Light Semisoft Edam Cheeses
25839,Froot Loops Cereal
25844,Double Rolls Bath Tissue
25852,Edamame
25854,Polska Kielbasa Sausage
25861,Freshly Shaved Parmesan Cheese
25869,Light Cranberry Juice
25872,Salted Caramel & Chocolate Non Dairy Frozen Dessert
25877,Black Peppercorn Grinder
25879,Organic Whole Milk Strawberry Kefir
25884,Organic Peru Decaf Coffee
25885,"Grapefruit, Bag"
25886,Wild Blend Rice
25890,Boneless Skinless Chicken Breasts
25896,Activia Lowfat Peach Yogurt
25898,White Truffle Oil
25899,100% Mixed Berry Juice Boxes
25910,Gluten Free Flax Bread
25915,Extra Heavy Overnight With Flexi-Wings Maxi Pads
25919,Parmesan Shredded Cheese
25920,Orange Mango Juice
25922,54.6 yard Heavy Duty Packaging Tape
25926,Natural Orange Flavor Sparkling Mineral Water
25930,Pure Cane Confectioners 10-X Powdered Sugar
25931,Organic Baby Spinach Salad
25936,EnviroKidz Gluten Free & Wheat Free Gorilla Munch Corn Puff Cereal
25938,Peru Sweet Onions
25947,Pecan Halves
25948,Peppermint In Dark Chocolate Bar 55% Cocoa
25949,Cream Top Smooth & Creamy Maple Yogurt
25952,Original Potato Chips
25962,Wonderful Pomegranate Cherry 100% Juice
25963,Toasted Sesame Seed
25965,Santa Fe Fiesta Salad
25974,Sugar Free Orange Gelatin
25978,Small/Medium Dog Treats
25980,Organic Gluten Free Pancake & Baking Mix
25985,Chicken & Apple Smoked Chicken Sausage
25986,Blueberry Lemonade
25987,Gluten Free Peanut Butter Cookie
25988,Gourmet Cupcakes Triple Chocolate Filled With Rich Chocolate Fudge
26002,Mini Farfalle Pasta
26006,Deli Select Ultra Thin Smoked Ham Lunch Meat
26010,Dairy Free Vegetable Pot Pie
26014,"Fruit Chews, Original"
26021,Caramel Nut Brownie
26026,Chili De Arbol
26030,Mozzarella Traditional Cut Shredded Cheese
26031,Anchovy Paste
26032,Dairy Free Mozarella Style Shreds
26034,Organic Sea Salt Flax Crackers
26036,Organic Apples & Apricots
26040,"Deli Fresh Honey Ham, 97% Fat Free, Gluten Free"
26047,Tuna Salad
26050,Spicy Legendary Bar-B-Q Sauce
26055,Original Fruit Chews
26062,Sesame Chicken Flavor Asian Soup
26063,Golden Milk Supplement
26079,Carrot Juice
26082,Organic Vanilla Arrowroot Cookies for Toddlers
26083,Baby Bella Mushrooms
26088,Aged White Cheddar Popcorn
26090,Tuna Fillets Ventresca In Olive Oil
26094,Krave Cereal Chocolate
26096,"Organic Gala Apples, Bag"
26104,Frozen Organic Mango Chunks
26105,Just Java Coconut Minis Frozen Dessert
26113,Vegetarian Vegetable Extra Large Cubes Bouillon
26115,Beef Dinner Franks
26118,Oven Ready Lasagna
26119,Italian Style Meatballs & Mozzarella Seasoned Crust
26122,Soft Licorice Bar
26124,Tartar Protection Whitening Toothpaste Cool Mint Paste
26128,Organic Mango Chunks
26131,Mixed Berries Whole Milk Icelandic Style Skyr Yogurt
26133,Classic Macaroni & Mild Cheddar Cheese
26139,Slow Churned Light Classic Vanilla Ice Cream
26142,Lite Reduced Fat Swiss Cheese
26148,Heart Healthy Mix
26149,Brushless Dog Toothpaste
26152,Granulated Sugar
26163,Organic Mayonaise
26165,Electrolyte Enhanced Water
26168,Newman O's Creme Filled Mint Chocolate Cookies
26170,Spring Roll Skins
26171,Lint Roller - 56 Sheets
26172,Light Sour Cream
26177,Organic Honey Nut O's Cereal
26183,Gelato Indulgences Tiramisu
26186,Gluten Free Original Instant Oatmeal
26188,Scrubbing Bubbles Lemon Power All Purpose Disinfectant Cleaner
26194,Multi-Purpose Gluten Free Flour
26199,"Cheese, Pepper Jack"
26201,Chicken Taquitos
26209,Limes
26216,Cotija
26217,Broccoli Raab Bunch
26219,Original Spray Starch
26221,Skinny Cow Vanilla Low Fat Ice Cream Sandwiches
26223,Cranberry Almond Plus Fruit & Nut Bars
26227,Old Vine Zinfandel
26242,Organic Black Lentils
26246,Mini Double Caramel Ice Cream Bars
26248,Classic Pancakes
26250,Mini Pancakes
26251,Original Blend Medium Roast Ground Coffee
26252,Atlantic Salmon Fillets
26254,"Corn Snack, Hot Chili Pepper & Lime, Takis"
26255,Vegan Spring Onion Noodle Soup
26265,Reduced Fat Mild Cheddar Shredded Cheese
26270,Lemon Cashew Protein Bar
26272,Premium Natural Mixers Club Soda
26273,Organic Chocolate Frosting
26274,Dutch Apple Pie
26278,Organic Mashups Mixed Berry
26282,"Organic Snack Mix Bunnies Snack Mix, Organic"
26283,White Corn
26286,Tahoe White Chocolate Macadamia Cookies
26291,NOTICEables Meadows & Rain Dual Scented Oil Refill
26292,Fruit & Vegetable Wash
26298,Thin Crust Margherita Pizza with Fresh Mozzarella & Basil
26300,Spaghetti Protein Plus Pasta
26301,Fresh Whole Milk Ricotta
26307,Aged Red Wine Vinegar
26309,Cold Pressed Watermelon Juice
26312,Caesar Salad Kit
26314,"Buttermilk, Cultured Low Fat"
26315,Organic White Corn & Wheat Tortillas
26317,Organic Lemonade
26318,Pineapple Juice
26319,"Cereal, Puffed Rice"
26321,Greek Yogurt Caesar Kit
26322,Organic Soups Low Fat Cream Of Tomato
26323,Original Strawberry & Strawberry Banana Yogurt
26324,Grass Fed Ground Beef
26346,Organic Skim Milk
26347,Vegan Vegetable Bouillon with Sea Salt
26348,Mixed Fruit Fruit Snacks
26349,Salty Caramel Ice Cream
26351,Gluten Free Mini Pretzels
26359,Veggie Harvest Farmhouse Ranch Veggie & Whole Grain Snacks
26361,Fast-Max Severe Congestion & Cough Relief Liquid
26362,Lavender Lullaby Soap
26364,"Kefir Cultured Milk Smoothie, Whole Milk, Sublime Slime Lime"
26365,Red Label Scotch
26367,Alcohol-Free Witch Hazel Rose Petal Toner
26369,Organic Roma Tomato
26372,FreshBurst Antiseptic Mouthwash
26373,Vitamin D Added Evaporated Milk
26375,Hazelnut & Currant Dark Chocolate Bar
26384,Large Brown Eggs
26395,Vermont White Cheddar
26396,Bold Party Blend Snack Mix
26397,Brightly Lint-Free Paper Towel
26400,Apricot Pineapple Preserves
26404,Frozen Frosted Berry Scented Bubble Bath
26405,XL Pick-A-Size Paper Towel Rolls
26410,Rice Thins Brown Rice Snack Crackers
26412,Fresh Lean Ground Turkey
26416,100% Real Tea Leaves Decaffeinated Tea Bags
26422,Maple Pecan Granola
26425,Sliced Sharp Cheddar Cheese
26429,Green Grapes
26431,Organic Frosted Maple Brown Sugar Toaster Pastries
26442,Medium Thick & Chunky Salsa
26444,Natural Brown Paper #2 Size Cone Coffee Filters
26452,Dairy Free Gluten Free Cheeze Lover's Pizza
26453,Organic SprouTofu Royal Thai Baked Tofu
26454,Mint 70% Dark Chocolate Bar
26456,Italian Pizza Crust Original 12oz
26459,"All Purpose Cleaner, Lemon Breeze Scent"
26460,1st Foods Applesauce Baby Food
26462,Greek Nonfat Yogurt Plain
26466,Swaddlers Size 1 Jumbo Pack Diapers
26472,1/3 Less Fat Chive & Onion Cream Cheese
26475,Sensitive Facial Cleansing Towelettes
26476,The Original Caesar Dressing
26477,Cello Tomatoes
26480,Purple Top Turnip
26483,Ponzu
26486,Organic Shiitaki Mushrooms
26490,Bistro Favorites Black Forest Ham
26493,Classic Vegetables Chopped Broccoli
26495,Buttermilk
26497,Romaine Lettuce
26503,Classic Vegetables Whole  Kernel Corn
26504,Creamy & Raw Almond Butter
26505,Snack Size Vanilla Yogurt Raisins
26509,Hot Taco Seasoning Mix
26510,Eggo Nutri-Grain Low Fat Waffles
26513,Frozen Chopped Parsley
26518,Chocolate Coconut Protein Bar
26520,Cheese Shredded Sharp Cheddar Reduced Fat 2%
26521,Organic Grass-Fed Classic Mild Cheddar Macaroni & Cheese
26530,Bath Tissue
26540,Organic All Vegetable Shortening
26547,Froot Loops Cereal Single Serve
26553,Butter Bread
26558,Macaroni & Soy Cheeze Pasta
26569,Braeburn Apples
26571,In Tomato Sauce Spaghetti & Meatballs
26573,Grated Parmesan And Romano Blend
26576,Yellow Corn Tortilla Chips
26577,Bleached and Enriched Cake Flour
26579,Organico Bello Spicy Marinara Pasta Sauce
26583,Oven Bags
26586,Quart Sized  Easy Open Freezer Bags
26587,Ultra This Colby Jack
26604,Organic Blackberries
26606,Simply White Natural Clean Mint Fluoride Toothpaste
26620,Peach Pear Flavored Sparkling Water
26624,Graduates For Toddlers Apple Cinnamon Cereal Bars
26629,Cherry Pie Fruit & Nut Bar
26634,"Cookies, Chocolate Chip Walnut"
26635,Medium Tomatillo Salsa
26638,Organic Thai Sweet Potato Soup
26641,Santa Maria Seasoning
26642,Almond + Sea Salt
26643,Eggo Thick & Fluffy Cinnamon Brown Sugar Waffles
26644,Toasty Onion Seaweed Snacks
26648,Ataulfo Mango
26649,Gluten Free Hot Buffalo Wing Pretzel Sticks
26651,Lowfat 1% Milkfat Lactose Free Milk
26661,Dark Cocoa Sorbetto
26664,"Fruit Spread, Organic, Raspberry"
26665,Tandoor Baked Naan
26668,Cannellini White Kidney Beans No Salt Added
26670,Mighty Dry Hard Cider
26674,Mountain Stream Liquid Laundry Detergent
26675,Organic Ground Fenugreek
26679,Organic Unrefined-Unfiltered Extra Virgin Olive Oil
26683,Cafe Latte Pure Lightly Sweetened Iced Coffee With Almond Milk
26684,Organic Soy Milk Original
26691,Original Clean-Up Cleaner with Bleach Original
26698,Sourdough Hard Pretzels Fat Free
26701,Maca Berry Probiotic Super Tea
26706,Chicken Pad Thai With Rice Noodles
26709,Four Cheese Rising Crust Pizza
26711,Lightly Salted Cashews Halves & Pieces
26714,Chicken Salad
26717,Ginger Yuzu Scented Dish Soap
26723,Comice Pear
26727,Nutrition Protein Mix Blueberry Nut
26728,Compostable Tall Trash Bags 13 gallon
26730,Shrimp & Angel Hair Pasta
26735,Vanilla Almond Crisp Protein Bar
26736,Red Wax Gouda
26738,Original Cold Brew  Coffee With Milk
26739,Dark Chocolate Squares With 88% Cocoa
26751,Organic Tomato Basil Sauce
26756,Light CocoWhip! Coconut Whipped Topping
26759,Solid Light Tuna In Olive Oil
26765,Extra Hold Aerosol Hair Spray
26767,No Calorie Sweetener Packets
26768,Organic Thompson Raisins
26769,Organic Unrefined Coconut Oil
26785,"Freezer Slider Bags, Quart"
26786,Jalapeno Cheddar Wraps
26790,Organic AppleApple
26791,Fanta Strawberry Soda
26799,Sweeper Dry Pad Refills Unscented
26800,Organic Baby Kale Mix
26802,To Go Dippers Creamy Peanut Butter with Pretzeles Single
26805,Spicy Wakame Ginger Kimchi
26810,Organic Date Pecan & Coconut Granola Bar
26826,Coconut Crème Coffee-Mate Coffee Creamer
26831,Frosted Chocolate Fudge Pop-Tarts
26839,Brussels Cookies
26842,Boneless Beef Sirloin Steak
26848,Swiss Cheese Block
26849,Age Defying Daily Facial Moisturizer
26854,Organic Decaffeinated Single Serve Instant Coffee
26856,Organic Ezekiel 4:9 Sesame Bread
26857,Spirited Prints Paper Towels with Thirst Pockets - 8 CT
26861,Whole Kernel Sweet Corn
26863,Original Frosted Mini Wheats Little Bites
26872,Original Wheat Crackers
26873,Kettle Cooked Olive Oil Potato Chips
26882,Russet Potatoes
26885,Luau BBQ Potato Chips
26889,Vegetable Broth
26894,Organic Chocolate Milk
26897,"Salsa, Medium"
26899,Grow Well DHA Baby Food
26900,USDA AA Extra Large Eggs
26901,Ricotta Salata Cheese
26909,100% Raw Coconut Water With Fair Trade Coffee
26910,100% Juice No Sugar Added Apple
26911,Kale Krunch The Original Quite Cheezy
26914,Bean & Cheese Burrito
26915,Organic Lowfat Yogurt Banana Vanilla
26917,Beef & Bean Green Chili Burritos
26919,"Fabric Softener Sheets, Blue Eucalyptus & Lavender scent"
26922,"Freshly Grated Cheese, Parmesan"
26923,Organic Mid Season Heirloom Apple Sauce
26924,French Vanilla Light Roast K-Cup Packs Arabica Coffee
26925,Organic Pink Lady (Cripps) Apple
26927,White & Dark Chunk Chicken
26932,Turbinado Cane Sugar
26935,No Sugar Added Cranberry 100% Juice
26937,Organic Kale
26939,Penne Rigate Pasta
26940,Organic Large Green Asparagus
26944,2-Ply Mega Toilet Paper Rolls
26948,Swagger 2 in 1 Shampoo & Conditioner
26949,Tempt Unsweetened Original Hemp Milk
26955,Alla Vodka Sauce
26959,Organic Vanilla Unsweetened Almond Non-Dairy Beverage
26969,Hemorrhoidal Cooling Gel
26970,Ultra Max Powder Fresh Solid Antiperspirant Deodorant
26978,Oat Bran Bread
26981,Bean & Rice Chips Nacho
26985,3 Jumbo Romaine Hearts
26987,Organic Vanilla Cupcake Sandwich Cookies
26993,Double Strong Bath Tissue  Rolls
26994,"Disinfecting Wipes, Lemon & Lime Blossom Scent"
27000,Grassfed Whole Milk Vanilla Yogurt
27003,Black Raspberry Drink
27011,Chicken & Sausage Gumbo Soup
27012,Organic Baby Spring Mix
27016,Butter Spread With Olive Oil & Sea Salt Half Sticks
27019,Thins Light & Tasty Snack Crackers Lightly Salted
27020,Mandarins Bag
27022,Veggie Rotini Pasta
27023,"Pizza, Classic Cheese"
27024,Bottled Water
27027,Original Spoon Size Shredded Wheat Cereal
27030,Organic Fermented Rice Probiotic
27033,Microwave Ready Original Bacon
27037,Kellogg's Pop-Tarts Frosted S'mores Pastries
27040,Spaghetti Sauce
27044,Maple Almond Butter
27055,Mushroom Ramen
27061,Sweet Potato Apple Stage 2 Baby Food
27071,Fruity Dyno Bites Cereal
27077,Guava Guayaba Nectar
27085,Mango Pineapple Salsa
27086,Half & Half
27090,Lemon Seltzer
27092,Diet Lemonade Soda
27093,Thai Coconut Soup
27096,Boneless & Skinless Chicken Breasts
27102,BelVita Blueberry Breakfast Biscuit Packs
27104,Fresh Cauliflower
27105,Gluten Free Quinoa Rotelle Pasta
27117,Refresh Herbal Tea
27122,Part Skim Mozzarella Cheese
27126,Gluten Free All Purpose Baking Flour
27133,Soft‑Ripened Brie Cheese
27142,Unsweetened Organic Coconut Milk Light
27147,White Corn Tortilla Chips
27156,Organic Black Beans
27163,Spicy Nacho Tortilla Chips
27168,Lighters
27171,Bread Crumbs
27172,"Coconut Water, Real, with Pulp"
27178,Classic White Premium Baking Chips
27179,Rising Crust Pepperoni Pizza
27189,Turkey Smoked Sausage
27191,Delightful Multi-Grain Bread
27196,Pure & Natural Light Sour Cream
27199,Wild Blackberry Gelato
27202,School Safe Chocolate Chip Cookie Bars
27203,Red Hot Beef Burrito
27216,Macaroni Salad
27220,Alive! Women's 50+ Gummy Vitamins - 75 CT
27225,"Stage 2 Eat Your Colors Orange Organic Peach, Pumpkin, Carrot & Cinnamon Baby Food"
27226,Signature Lemon Supreme Cake Mix
27229,Hoisin Sauce
27231,"Sugar, Organic"
27237,Butter Top Wheat Bread
27239,Bits Cheese Cracker Sandwiches
27240,Classic Lavender & Chamomile Liquid Hand Soap
27241,Cultured Pasture Butter
27242,Cheese Party Pizza
27243,Premium Pure Cane Granulated Sugar
27244,Hannah Max Crunchy Chocolate Chip
27246,Big Chewy Chocolate Chip Granola
27247,Original Soy Creamer
27253,"Soup, Creamy, Split Pea, Flavored with Real Bacon"
27267,Organic Grassmilk Yogurt Wild Blueberry
27269,Sweet Almond Oil
27275,Pineapple Strawberry Sparkling Water
27277,Organic Stage 1 First Sweet Potatoes
27278,Ziti Bolognese Pasta Bowl
27279,Cool Fresa (Strawberry) Probiotics Cultured Dairy Beverage
27281,Jimmy Dean Fully Cooked Turkey Sausage Crumbles
27284,Organic Fruit and Nut Granola Cereal
27286,Organic Mustard Greens
27288,Chocolate Chip Cookie Dough
27289,Elbow Macaroni & Cheese Side Dished
27292,Sea Salt Macadamias
27294,Wrigley's Orbit Wintermint Sugar Free Gum- 3 PK
27297,Low Fat Plain Goat Milk Yogurt
27299,Organic SprouTofu Firm Water Packed Tofu
27304,Organic 5 Grain Elbows & White Cheddar Macaroni and Cheese
27305,Ultra Thin Crust Ultimate 5 Cheese
27307,Cage Free Grade A Large Brown Eggs
27309,Original Baked Shrimp Chips
27313,Light Mozarella String Cheese
27316,"Trop50 No Pulp Orange Juice w/ Calcium + Vitamin D, 50% Less Sugar & Calories"
27323,Pure & Natural Sour Cream
27325,Alpine Spring Water
27326,Organic Sprouted Spelt Flour
27331,White Rosemary Scent Natural Surface Cleaner
27334,Light Chocolate Soymilk
27335,Earl Grey Black Tea
27336,Organic Rainbow Carrots
27344,Uncured Genoa Salami
27349,Red Zone Swagger Body Wash
27355,All Natural Seasoned Waffle Cut Fries
27356,French Onion Dip
27360,Boneless Skinless Chicken Breast Fillets
27362,Frozen Organic Dark Sweet Cherries
27363,Green Curry Paste
27367,Monoarabica Whole Bean Coffee
27370,Bandito Mild Salsa
27378,Size 6 Baby Dry Diapers
27390,Organic Ginger with Chamomile Tea
27392,Strawberry Organic Kefir
27395,Original Low Fat Orange Cream Yogurt
27396,Organic Cashew Butter
27398,Genuine Chocolate Flavor Syrup
27402,Healthy Kids Organic Vanilla Nutritional Shake
27403,Classic White Cake Mix
27405,Mexican Mix Granola
27407,Chunky Salsa Medium
27413,100% Mighty Mango Juice Smoothie
27415,Great Northern Beans
27418,Storage Bags
27423,Real Aged Cheddar Macaroni & Cheese
27429,4 Cheese Mexican Fine Cut Shredded Cheese
27435,Whole Wheat Pita Bread Loaves
27442,Oil-Free Eye Makeup Remover Cleansing
27448,Steamfresh Chef's Favorites Lightly Sauced Creamed Spinach
27451,Almond Meal/Flour
27454,Organic Mini Sandwich Crackers Cheddar Cheese
27456,Organic Sparkling Apple-Pomegranate  Juice
27458,Panko Japanese Style Bread Crumbs
27460,Day Break Peanut Butter Fudge Crisp Morning Snack/Light Breakfast Bars
27463,Normal to Dry Skin Fragrance Free Daily Moisture Fragrance Free
27464,Direct Trade House Blend Medium Roast Ground Coffee
27466,Wild Mushroom Ravioli
27470,Organic Kale Chips
27471,Parmesan Garlic Pita Chips
27474,Organic Unsalted Sweet Cream Butter
27475,Nonpareil Capers
27476,Via Italian Roast Instant Coffee
27482,Turkey Sausage
27484,Peanut Cacao Protein Blast Energy Ball
27489,Arrabbiata Pasta Sauce
27509,Organic Seasoned Yukon Select Potatoes Hashed Browns
27510,"Sausage, Egg, & Cheese Biscuit"
27511,"Milk, Organic, Fat Free"
27514,Maple Glazed Honey Ham
27521,Organic Lacinato (Dinosaur) Kale
27522,Gluten Free Uncured Bacon Mac and Cheese
27529,XO Extra Smooth Brandy
27531,Dairy Free Unsweetened Vanilla Coconut Milk
27541,Plain Greek Nonfat Yogurt
27544,Lemon Verbena Hand Soap
27546,Adult Glycerin Suppositories Constipation Relief
27548,Original Semisoft Cheese
27553,Organic Blueberry Cream On Top Whole Milk Yogurt
27554,Gluten Free Blueberry Muffins
27555,Organic Dried Granny Apple Chips
27564,"Imitation Crab, Leg Style"
27573,Sweet Potato Littles
27576,Classic 100% Whole Wheat  Bread
27596,Classic Original Hommus
27598,Coconut Water Pineapple
27600,Milk Chocolate Peanuts
27608,Organic Free Range Large Brown Grade A Eggs
27617,Organic No Salt Added Tomato Soup
27620,Microwave Butter Popcorn
27622,Vanilla dipped in chocolate  Bars
27623,Veggie Harvest Homestyle Tomato Herb and Cheese Veggie & Whole Grain Snacks
27625,Organic Lady Alice Apples
27626,Ripened Raspberry Fruit Leather
27629,Trusted Care 2-Ply Tissues
27639,Cream Top with Chocolate on the Bottom Yogurt
27640,Assorted Memory Weave Flexible Fabric Adhesive Bandages
27642,Chicken-Free Strips Seasoned
27651,Tuscan Balsamic & Extra Virgin Artisan Vinaigrette Robust & Creamy
27652,Handmade Vodka
27655,"Juice, Vegetable & Fruit, Fuel"
27658,Farms Thin Sliced Smoked Ham
27662,Large Grade AA Cage Free Eggs
27663,GOLEAN Crunch! Cereal
27665,Whole Chia Seed
27668,Green Tea Ice Cream
27676,Pinto Beans
27681,Lower Sugar Instant Oatmeal  Variety
27683,Black Beans No Salt Added
27690,Apple Cinnamon GoGo Squeez
27692,Yakisoba Chicken Flavor Noodles
27694,Constant Comment Black Tea Bags
27695,Natural Chicken & Sage Breakfast Sausage
27696,Multi Surface Vinegar Cleaner
27705,Icelandic Style Skyr Non-Fat Strained Plain Yogurt
27706,White Rice
27708,Powerball Automatic Dishwasher Detergent
27710,Fat Free Small Curd Cottage Cheese
27711,Somewhat Spicy Pumpkin Seeds
27714,Gummy Bears
27716,Traditional Creamy Tomato with Penne
27719,Organic Dried Shitake
27729,Cold-Pressed Organic Orange
27730,Almond Breeze Original Almond Milk
27731,Kids! Probiotic Packets Single Serve
27733,Fragrance Free Crystal Body Deodorant Roll On Stick
27734,Blackberry Ginger Ale
27735,Organic Coconut Palm Sugar
27737,Brown Rice Black-Eyed Peas and Veggies Bowl
27741,Organic Extra Firm Cubed Tofu
27742,Premium Deli Honey Ham
27744,Organic Whipping Cream
27748,Stay Clean Scrub Sponges - 3 CT
27750,Sour Batard
27757,Beef Salami
27759,Cheese & Broccoli Ravioli For Kids
27761,Oats & Chocolate Chewy Bars
27767,Plain Organic Grassmilk Yogurt Cup
27770,Reese's Miniatures Peanut Butter Cups
27771,Eggplant
27772,Tropical Green Tea Bags
27778,Lemon Echinacea Organic Throat Coat Tea
27783,Strawberry Fruit Spread
27790,Small Curd Lowfat 2% Milkfat Cottage Cheese
27796,Real Mayonnaise
27800,100% Pomegranate with Cranberry Juice
27801,Philadelphia Cream Cheese Spread
27811,Classic Chicken Noodle Soup
27817,Fresh Medium Salsa
27829,Creamy Deluxe Gluten Free Rice Pasta & Extra Cheesy Cheddar Sauce
27839,49 Flavors Jelly Belly Jelly Beans
27841,White Whole Mushrooms
27845,Organic Whole Milk
27847,Fair Trade Dark Chocolate Cookies
27848,Organic Dried & Unsulfured Orchard Select Apples
27850,Fresh Lemon Odor Shield 13 Gallon Tall Kitchen Drawstring Bags
27855,Caramel Chocolate Peanut Nougat Bars
27864,Butter Croissant
27865,Original Tomato Juice
27868,Toilet Paper Rolls
27872,Zero Calorie Iced Green Tea Raspberry
27880,Yellow Pop Corn
27881,"Olives, Organic, Kalamata, Pitted"
27885,Malbec
27887,Orange Mango Organic Thirst Quencher
27888,Free and Clear Natural Liquid Laundry Detergent
27893,Italian Salad Dressing
27896,Coconut and Orchid Body Lotion
27900,Vegan Apple Maple Breakfast Sausage
27901,Tropical Lemon Scented Natural Air Freshener
27903,CleanCare 1-Ply Double Rolls Toilet Paper
27904,White Meat Chicken Egg Rolls
27906,Imperial Champagne
27910,Chicken Burrito Bowl
27913,Yokids Squeeze Strawberry Yogurt
27925,Organic Red Bartlett Pear
27929,Wonder Mop Refill
27931,"Flour, All Purpose, Enriched, Bleached"
27937,Chopped Broccoli
27941,All-In-1
27949,Avocado Oil Canyon Cut Kettle Cooked Potato Chips Sea Salt
27951,Cream On Top Vanilla Organic Yogurt
27958,Chicken Drumsticks
27959,Premium Indian Tonic Water
27960,Organic Eggs
27963,Classic Smoked Ham Steaks
27964,"HE Liquid Laundry Detergent, Original scent"
27965,MCT Oil From Coconut
27966,Organic Raspberries
27968,Turkey Meatball Bites
27971,Whole Grain Nutty Almond Bread
27978,Hot Buffalo Wing Sauce
27979,Diet Mountain Dew Soda
27981,Granola Bars
27985,Smartwater Electrolyte Enhanced Water
27988,Popped Sour Cream & Onion Rice Crisps
27992,Unbleached Recycled Paper Towel Rolls
27999,Organic Brussel Sprouts
28002,Spot's Stew Grain Free Wholesome Chicken Recipe Cat Food
28004,Limonata Sparkling Beverage
28008,Greek Salad
28015,Frontier Buttermilk and Honey Flapjack and Waffle Mix
28016,White Meat Fun Nuggets
28017,"Couscous, Organic, Whole Wheat"
28020,Gluten Free Broccoli & Cheese Baked Nuggets
28021,Organic 100% Whole Wheat Loaf
28031,"8.5\"" Microwavable Cut Resistant Plates"
28040,Decaf Lively Colombian Coffee K Cup
28044,"Water, Natural Spring"
28051,Double Chocolate Cake
28056,"Cake Pans, Square, 8 Inch"
28058,Gluten Free Sliced Mountain White Bread
28060,100% Prune Juice
28066,Double Espresso Cold Brew Coffee
28071,Olive Hummus
28079,Orecchiette Dry Pasta
28080,Sugar Free Italian Sweet Creme Coffee Creamer
28083,Healthy Multi Grain Bread
28092,Activia Vanilla Low Fat Yogurt
28104,Artisan Roasted Chicken Broth
28110,General Mills Basic 4 Cereal
28113,Classic Mac
28122,Peter Rabbit Organics Kale Broccoli and Mango Purée
28123,Organic Cut Green Beans
28128,French Roast Dark Coffee
28129,Yam Good Paleo Muffins
28132,Heart to Heart Organic Oat Flakes & Blueberry Clusters Cereal
28134,Grain Free Turkey Canned Cat Food
28135,Deli-Sliced Roasted Bell Pepper Strips
28137,Chicken & Vegetable Dumplings Potstickers
28146,Flings Original Laundry Detergent Pacs
28147,Farmer Cheese No Salt Added
28148,100% Natural Seltzer Calorie-Free Raspberry Lime
28153,Organic Coconut Lime Kombucha
28155,Premium Lager Beer
28156,Total 0% Nonfat Plain Greek Yogurt
28157,American Blend Salad
28158,Farmer Cheese
28171,Organic Cilantro Bunch
28172,Original No. 7 Recipe Barbecue Sauce
28174,Light Original Soymilk
28175,Philadelphia Honey Nut Cream Cheese
28179,Flora Baby Powder
28180,Triple Action Cool Mint Gel Toothpaste
28191,Niblets Corn & Butter Sauce Steamers
28198,Rainbow Candy
28199,"Clementines, Bag"
28202,"Healthy Grains with Chia Seeds, Raspberry Clusters"
28204,Organic Fuji Apple
28207,Organic Stevia Sweetener
28208,Roasted Garlic Parmesan Pasta Sauce
28211,Maryland Style Crab Cakes
28214,"Energy Drink, Organic, Pomegranate Acai"
28215,Nutter Butter Peanut Butter Bites Sandwich Cookies
28221,Sliced Blueberry Bagels
28222,Balsamic Vinegar of Modena Aged
28226,Power Grains Waffles 6 ct
28228,Mesquite Smoked Turkey Breast
28230,"Jerky, Turkey"
28232,Ripe Sliced Olives
28238,Original Belgian Wheat Beer
28242,Drinkable Blueberry Non-Fat Yogurt
28244,Bathroom Cleaner Island Breeze Scent
28248,Baby Spinach & Arugula
28250,Barbecue Jackfruit
28252,"Extra Virgin Olive Oil, Robust"
28257,"Coriander, Ground"
28269,Chickpea & Tomato with Beef Stage 3 Baby Food
28277,Organic Black Truffles Dark Chocolate
28278,Organic Penne Rigate
28281,Variety Pack Ice Cream Bars
28286,Kid Z Bar Organic S'mores Energy Bars
28289,Organic Shredded Carrots
28290,Kale Flavored Corn Tortilla Chips
28296,Lemon Lime Sparkling Water
28299,Mexican Style Four Cheese Shredded Cheese
28309,Gourmet Pizza Three Cheese Gluten Free
28310,Free & Clear Laundry Detergent
28316,Butternut Squash Oatmeal with Maple Organic Baby Food
28318,Geneva Cookies
28320,Fresh Mint Original Fluoride Toothpaste
28322,Dill Pickle Potato Chips
28325,Street Wrap Chicken Tikka Masala
28326,Organic Gotta Have Vanilla Nonfat Frozen Yogurt
28331,Chicken Stew Natural Food for Dogs
28334,Multivitamin Kids Complete + Fiber Gummies
28340,Instant Ginger Honey Crystals
28342,Pineapple Strawberry Naturally Essenced Sparkling Water
28343,Traditional Style Udon
28348,Organic Kidney Beans Low Sodium
28357,Edamame Hummus
28358,Chocolate Chip Vegan Cookie Dough
28359,Light Grey
28369,Lite Italian Dry Salame
28371,Graham Crackers
28373,Original Rotisserie Chicken
28377,Medium Black Bean & Corn Salsa
28378,Stage 2 Sweet Potato Corn & Apple Baby Food
28379,Protein Chewy Bars Salted Caramel Nut
28380,Organic Grass-Fed Real Aged Cheddar & Macaroni Shells
28384,Sweet Peas
28385,Apollo Daily Fragrance
28386,"Pearl Plastic Triple Pack Includes Light, Regular, and Super  Unscented Tampons"
28387,Peanut Sesame Noodle Bowl
28394,Classic Roast Instant Coffee
28398,Master Brew Kombucha Ginger
28399,Pineapple Coconut Sorbet Pops
28410,Chili Beans Hot Chili Sauce
28411,California Extra Virgin Olive Oil
28413,Bunny-Luv Organic Carrots
28419,Mint Chocolate Chip 4 Oz Ice Cream Bars
28420,Organic Cultured Low Fat 1% Cottage Cheese
28424,Tex Mex Jackfruit
28425,Pitted Castelvetrano Green Olives
28427,Vitamin D Whole Milk
28432,Baby Back Pork Ribs
28436,Deviled Egg Tray
28437,Organic 85% Ground Beef
28439,Grape Fruit Ice Bars
28441,Chick'n Nuggets
28448,Dry Roasted Unsalted Peanuts
28449,"French Roast, Dark Roast K-Cups"
28450,Colagate Total Whitening Toothpaste
28453,Premium Old World Style Black Forest Ham
28454,Sweetened Corn & Oat Cereal
28458,Black Bean Tamale Verde
28459,Golden Grahams Cereal
28464,"Whipped Light Cream, Original"
28465,Icelandic Style Skyr Blueberry Non-fat Yogurt
28473,Wavy Original Potato Chips
28476,Organic Small Curd Cottage Cheese
28481,Oikos Fat Free Strawberry Greek Yogurt
28487,Unsalted Chicken Broth
28507,Organic Green Tea Lemongrass
28509,Cabernet
28511,Whipping Cream Ultra Pasteurized
28515,Bagel Thins Everything
28517,Culinary Collection Herb Roasted Chicken
28519,Woman's PowderGel Odor Protection Shower Fresh Anti-Perspirant & Deodorant
28520,DairyPure Fat Free Milk
28521,Chocolate Chip Cooke Dough Gelato
28522,Coconut Flour
28527,White Horseradish
28529,Graduates Lil' Entrees Pasta Stars In Meat Sauce With Green Beans
28535,Cucumber & Garlic  Tzatziki
28537,Hand-Formed Vegan Burger Patties
28548,Minis Original Fruit Chews Unwrapped
28550,Apple Cinnamon With Flax Instant Oatmeal
28553,Whole Strawberries
28558,Organic Irish Breakfast Black Tea
28560,Natural Choice Smoked Deli Ham
28566,Oatmeal Traditional
28569,Café Steamers 100% Natural Tortellini Primavera Parmesan
28570,Sundried Tomato Organic
28571,Pretzel Rods
28572,Premium Ice Cubes
28576,Vanilla Bean Chia Pod
28577,No Pulp Orange Juice
28578,Brown Ale
28581,Salad Cut Hearts Of Palm
28582,Good & Plenty Licorice Candy
28587,Newborn Milk-Based with Iron Through 3 Months Infant Formula Powder
28590,Chicken Breast Cutlets
28593,Reduced Fat 2% Chocolate Milk
28597,Organic Stoneground Wheat Crackers
28599,Flavor Variety Instant Oatmeal
28601,Collard Greens
28613,Organic Grapefruit Ginger Sparkling Yerba Mate
28623,"Burgers, Veggie, Black Bean South West"
28625,Ultra Pasteurized Grade A Heavy Whipping Cream
28626,Foam Bowls
28628,Peter Rabbit Organics Pumpkin Carrot & Apple Snack
28632,Premium Sweet Petites Carrots
28634,Hard Salami
28635,0% Greek Yogurt Black Cherry on the Bottom
28647,Nacho Cheese Tortilla Chips
28653,Bai Bubbles Bolivia Black Cherry
28656,Raw Sauerkraut
28657,Organic Roasted Creamy Almond Butter
28659,Horseradish Mustard
28670,"Lentil Chips, Himalayan Pink Salt"
28675,Dog Pads
28676,Pure Unfiltered Honey
28682,Chocolate Peanut Butter Cup Gelato
28687,Power & Free Toilet Bowl Cleaner with Hydrogen Peroxide
28688,Cashew Halves & Pieces
28691,Original Light Ranch Salad Dressing
28698,Asian Noodle Salad
28699,Organic 7 Grain with Flax Bread
28703,Broccoli Wokly
28715,Chocolate Milk Frozen Pops
28717,Sport Deluxe Adjustable Black Ankle Stabilizer
28725,Organic Diced Mangoes
28730,Girl Scouts Thin Mints Coffee Creamer
28733,Chicken Nuggets
28734,Iced Tea with Raspberry
28741,Organic Ground Cloves
28745,Oven Roasted Turkey
28748,Nuggets Assortment
28754,Milk Chocolate Nuggets
28757,Original Cat Chow Naturals Plus Vitamins & Minerals Cat Food
28761,Organic Truffle Fries
28764,Organic Gluten-Free Quinoa Spaghetti
28767,Organic Crunchy Peanut Butter
28769,Organic Apple Chicken Sausage
28781,DeBoles Organic Angel Hair Pasta
28784,CleanCare Toilet Paper
28785,Organic Tahini
28790,Bolani Spinach Filled Flatbread
28800,Louisiana's Pure Hot Sauce
28805,100% Pure Corn Starch
28808,Organic Soba Asian Pasta
28814,Sesame Hamburger Buns
28816,"Cooking Sauce, Indian, Butter Chicken, Mild"
28820,"Master Brew Kombucha, Grapefruit"
28823,Original Chicken Breast Nuggets
28824,Onion Rings
28826,Parchment Baking Paper
28829,Kellogg's Pop-Tarts Frosted Strawberry Pastries
28832,Gluten-Free Non-Dairy All-Purpose Flour
28835,Wisconsin Mozzarella String Cheese
28836,Grapefruit Juice
28842,Bunched Cilantro
28849,No Salt Added Black Beans
28851,Cage Free  100% Liquid Egg Whites
28862,Chicken Fried Rice
28871,Keurig Breakfast Blend Decaf Light Roast Coffee K Cups
28872,Lemon Flavor Iced Tea
28879,Amy Indian Mattar Paneer Light In Sodium
28881,Banana Cream Traditional Oikos Greek Yogurt
28883,Organic Yellow Corn Taco Shells 12 Count
28886,Organic Orange
28896,Ground Thyme
28900,Black Label Center Cut Bacon
28906,Kale Blazer Juice
28907,Tidy Cats Non-Clumping Litter Instant Action for Multiple Cats
28910,Dark Mocha Almond Granola
28911,Buttermilk Complete Pancake & Waffle Mix
28913,100% Lime Juice
28914,Carmelized Onion Hummus
28915,Penne Lisce
28916,Hot House Seedless Cucumbers
28918,Marcona Almonds
28920,Vegan Peanut Butter Chocolate Chip Cookies
28921,Original
28928,Uncured Black Forest Ham
28930,White Chocolate Macadamia Nutrition Bar
28931,Honey Bunches of Oats Honey Roasted Cereal
28934,Frozen Broccoli Florets
28939,Cuties Dairy Free Mint Chocolate Chip Frozen Dessert Sandwiches
28945,Honey Lemon with Echinacea Cough Suppressant Throat Drops
28946,Yogurt Tubes Blueberry
28958,Raspberry Coffee Cake
28968,Applewood Smoked Center Cut Uncured Bacon
28974,Habanero Pepper
28977,Classic Roast Coffee K-Cups
28979,Anchovies Flat Fillets In Olive Oil
28983,Veri Veri Teriyaki Marinade & Sauce Less Sodium
28984,Baby's Jarro-Dophilus +FOS Powder Probiotic Supplement
28985,Michigan Organic Kale
28986,Mild Italian Chicken Sausage
28987,Vanilla Bottles
28990,Curly Parsley Bunch
28993,Iceberg Lettuce
28999,Flank Steak
29001,Blueberry Pancakes & Sausage On A Stick
29002,Deep Roaster Pan
29007,Crystallized Ginger Slices
29010,Original Cat Litter
29013,Gluten Free Cracked Pepper And Salt Crackers
29015,Honey Bunches of Oats Roasted Oats
29020,Whiskey
29028,Cooked Beer Bratwurst
29034,Select-a-Size Rolls Paper Towels Tissue
29035,Strawberry Watermelon Liquid Water Enhancer
29044,Organic Beans Pinto
29045,Organic Hibiscus Berry Sparkling Probiotic Drink
29053,Cold Season Caffeine Free Tea Bags
29061,Stuffed Peppers
29062,Dark Italian Roast Coffee
29066,Beyond Chicken Grilled Strips
29069,Parmesan Gnocchi
29071,Gourmet Pizza Nut-Free Pesto Gluten Free
29075,Organic Extra Virgin Pure Coconut Oil
29076,Gallon Storage Bags
29077,Organic Milk Chocolate Peanut Butter Cups
29078,99% Fat Free Natural Goodness Chicken Broth
29079,Seasoning Curry Powder
29080,Giant Hot Dog Buns
29085,Green Fusion Fruit & Veggie Smoothie Blend
29088,Red Hot Buffalo Wings Sauce
29091,Lean & Fit Chicken Apple Sausage Egg White & Cheddar on Multi Grain Flatbread Breakfast Sandwich
29094,Flip Coffee Break Bliss Greek Yogurt
29095,Original Cream Cheese
29101,Balanced Breaks Pepper Jack Natural Cheese Honey Roasted Peanuts & Raisins Snacks
29103,Zero Go-Go Mixed Berry Vitamin Water
29104,1000 Sheets Unscented Bathroom Tissue
29110,"Napkins, 1-Ply"
29112,Organic Spicy Chili
29116,Spinach Souffle
29117,Organic Gluten Free Sea Salt by the Seashore Multigrain Tortilla Chips
29118,French Vanilla Soy Creamer
29125,Bac-Out Stain & Odor Remover
29126,Organic Strawberry Chia Lowfat 2% Cottage Cheese
29127,Dairy Free Unsweetened Coconut Milk
29129,Flackers Rosemary Flax Seed Crackers
29130,Raw Manuka Honey Hi Active 15 Plus
29133,Natural Care Baby Wipes Fragrance Free
29134,Mini Pizza Bagels Combination
29138,Roasted Chicken & Garlic Rice Pilaf Mix
29139,Red Creamer Potato
29142,Natural Chicken & Apple Breakfast Sausage Patty
29145,Green Tea Blueberry Pomegranate
29153,Classic Pizza Crust
29158,Panko Breadcrumbs Original
29161,Intensive Care Cocoa Radiant Lotion
29166,Fat Free Unsalted Mini Pretzels
29176,Extra Large Eggs
29178,100 Calorie Ritz Snnack Mix Packs
29180,Tuscan Kale & Quinoa Salad
29182,Vanilla Pot De Creme
29193,Snak-Saks Crackers
29195,Wild Sardines in Extra Virgin Olive Oil
29198,Black Cherry Citrus Soda
29204,Slivered Almonds
29205,Mint (Spearmint)
29211,Herb & Garlic with Lemon Juice Marinade
29212,Organic Einkorn Whole Wheat Pasta Fusilli
29223,Golden Pineapple
29225,Extra Creamy Whipped Cream
29244,Croissants
29251,Smoked Beef Rope Sausage
29252,Fresh Scent Dishwasher Detergent
29256,Organic Udon Japanese Wheat Noodles
29258,Spaghettio's In Tomato Sauce with Sliced Franks Pasta
29264,Texmati Brown Rice
29265,Traditional Lavash Flatbread
29266,Salted Caramel Mocha Creamer
29267,Mini Oreo Go Pak
29268,100% Juice Fruit Punch Pouch
29270,Beet Apple Carrot Lemon Ginger Organic Cold Pressed Juice Beverage
29272,Steamfresh Protein Blends Southwest Style Frozen Meal
29274,Mung Bean Sprouts
29277,Raw Basil Pesto
29278,Hazelnut 75% Organic Medium Roast Caffeine-Free Herbal Coffee
29284,Pink Lemonade Drink Mix
29285,"Organic Bernie's Farm Fruit Snacks strawberry, raspberry, & orange"
29287,Organic Vegetarian & Delicious Four Cheese Tortelloni
29295,Organic Lowfat Sour Cream
29299,Dutch Country Smooth Texture 100% Whole Wheat Bread
29305,Original Vanilla Frosting
29307,Baby Arugula
29309,Spaghetti with Meat Sauce Pasta Meal
29311,Organic California White Basmati Rice
29312,Mint Medley Herbal Tea
29315,Signature Pepperoni Crispy Thin Crust Pizza
29319,Organic Banana Baby Breakfast (from 6 Months)
29326,Gluten Free Original English Muffins
29327,Tomato Basil Garlic Italian Sauce
29328,Organic Sweet Mini Peppers
29334,Leek
29336,All Natural Smoothies Razzmatazz
29344,Milk Chocolate Covered Frozen Banana
29345,Choose-A-Sheet Regular Roll Paper Towels
29346,Mild Italian Sausage
29348,Bourbon Caramel Sauce
29352,Active Naturals Body Wash Calming Lavender Chamomile & Ylang Ylang
29363,Cinnamon Cereal
29370,Organic White Cheddar Popcorn
29373,Nonfat Probiotic Drinks
29380,Party Cutlery Full Size Forks
29382,Pure Vegetable Oil
29387,Yo Toddler Organic Strawberry Banana Whole Milk Yogurt
29388,Mandarin Orange Crispy Chick'n
29392,Natural String Cheese
29393,Marinated Artichoke Hearts
29398,Organic Seedless Watermelon
29405,European Style Salted Butter
29406,Cherry Turnovers
29418,Fluoride-Free Antiplaque & Whitening Peppermint Toothpaste
29426,smart Blend Chicken & Rice Formula Dry Dog Food
29429,Crunch Berries Cereal
29432,Original Crackers
29433,Deli Shaved Oven Roasted Turkey
29436,Original Party Mix Catt Treats
29439,"Wild Non-Pareil Capers, Sunkissed in the Mediterranean"
29442,Hand Soap Lavender
29444,AA Rechargeable Nickel Metal Hydride Batteries
29447,"Milk, Organic, Vitamin D"
29450,Oatmeal Animal Cookies
29453,Salamini Napoli
29457,Mixed Melon Chunks
29463,Cookie Dough Chip Fit Frozen Desserts
29467,Original Coffee
29471,Combination Pizza Rolls
29474,Bowls
29477,Raw Organic Coconut Karma Truffles
29479,Gobble Gobble Turkey Pouch Stage 3
29484,Almonds & Sea Salt Organic Extra-Dark Chocolate Bar 72% Cocoa
29487,Roma Tomato
29499,"Ghee, Original"
29503,Coke
29506,Pita Bread
29509,80  Vodka Holiday Edition
29516,Ham and Cheese Scramble Tasty American Favorites
29523,Real Fruit Juice Snacks
29528,Honey & Almonds Instant Oatmeal
29529,Lemon-Lime Soda
29536,Organic The Original Sweet Tea
29544,Cream Top Peach on the Bottom Yogurt
29545,Cherry Coke Soda
29553,Super Soft Taco Flour Tortillas
29557,"Apples, Pumpkin & Carrots Organic Baby Food"
29558,Sriracha Arare Rice Cracker
29565,Toasted Rice Green Tea Bags
29574,Tempt Unsweetened Vanilla Hemp Milk
29577,Prepared Cheese Product Slices
29586,Fresh Garlic
29589,Vanilla Chocolate Chip Ice Cream
29594,YoKids Strawberry Banana/Strawberry Yogurt
29598,"Paper Snack & Sandwich Bags, 100% Unbleached"
29601,Original Healing Rich Lotion
29603,Pink Virgin Lemonade
29604,Regular All Purpose Cleaner
29613,Fuji Apple Crisps
29615,"Bread, Country Buttermilk"
29616,Direct Trade Black Cat Classic Espresso Roast Whole Bean Coffee
29621,French Vanilla Whey Based Protein Powder
29622,Spaghetti Brown Rice Pasta
29625,Bright Beet Juice Smoothie
29627,Synergy Raspberry Chia Kombucha
29628,Ultra Strong Toilet Paper Double Rolls Bathroom Tissue
29640,Unsweetened Ice Tea
29643,Alaffia Conditioner Everday Shea
29646,Sweet & Salty Nut Peanut Granola Bars
29648,Buttermilk Ranch Dressing
29650,Pork Chorizo
29660,"Frosted Toaster Pastries, Cherry Pomegran"
29662,Potato Yukon Gold Organic
29664,Tuna Chunk Light In Water
29668,"Watercress, Bunch"
29669,Organic Tri-Color Blend Quinoa
29671,Organic Bluephoria Yerba Mate
29672,Lactose Free Low Fat Vanilla Yogurt
29673,Cinnamon Apple Clusters
29675,Organic Bagged Carrots
29681,Steamfresh Premium Selects Frozen Gold & White Corn
29686,EnviroKidz Glute Free & Wheat Free Chocolate Crispy Rice Bars
29687,Cereals Simply Delicious Muesli A Classic Muesli
29689,Garden Veggie Straws Sea Salt
29691,Petite Butter Croissant
29694,Organic Coconut Oil
29695,Craveables Chicken Club Panini
29697,Fresh Cut Brussels Sprouts
29698,Snack Stacks! Original Potato Crisps
29699,Ground Hot Italian Sausage
29700,Soft Toothbrush
29705,PayDay Peanut Caramel Candy Bars Snack Size
29710,Simple Bites Gluten Free Ginger Snapz
29714,Classic Hamburger Buns
29719,Congo Pear Antioxidant Beverage
29721,Hearty Coconut Curry Soup
29722,Pasta Sauce Tomato Basil
29727,All Natural Fresh Chicken Thighs
29729,Kettle Chips Multipack Original Reduced Fat
29732,Red Grapes
29734,Nature's Calorie-Free Sweetener
29736,Organic Light Corn Syrup
29740,Organic Chili Powder Blend
29742,Organic Toaster Pastries Frosted Lotta Chocolotta - 6 CT
29744,100% Natural Petite Diced Tomatoes
29745,Rich & Sassy Bbq Sauce
29752,Gluten Free Foods Granola
29755,Dark Chocolate Pretzel Snack
29758,Extra Cheesy Pizza Lunchables
29778,Pop Up Bowl Movie Theater Butter Popcorn
29780,"Vitamin C 1,000 mg Raspberry  Dietary Supplement"
29786,"Pinot Noir, California, 2010"
29791,Original Chicken Seasoned Coating Mix
29792,Sunflower Crunch Chopped Salad Kit
29794,Iced Coffee
29797,Traditional Yerba Mate Loose Leaf Tea
29801,100% Recycled White Paper Towels
29803,Original Soft & Chewy Assorted Candy
29805,Reduced Fat Super Chunk Peanut Butter
29815,Bistro Burgers
29818,Linguine
29820,Blueberry English Tea Scones
29821,SuperMoist White Cake Mix
29824,Gluten Free Margherita Pizza
29826,Salty Date Raincoast Crisps
29828,Sharp Cheddar Cheeseball Spreadable Cheeseball
29830,G2 Glacier Freeze Drink
29835,Post Selects Banana Nut Crunch
29837,Of Maine Fresh Frozen Wild Blueberries
29840,Organic Low Sodium Roasted Red Pepper & Tomato Soup
29844,"PODS Free & Gentle Laundry Detergent, Unscented, 42 count, Designed for Regular and HE Washers Laundry"
29846,Unsalted European Style Butter
29848,Diet Peach Tea
29851,Tofu Soft
29852,Fresh Atlantic Salmon Fillet
29862,Uniquely Sharp Mustard
29864,Organic Pumpkin Seeds
29865,Sorbet Strawberry Limonata
29867,"Capers, Non-Pareil"
29871,Organic Roast Beef
29874,"Mustard, Spicy Brown"
29879,Light & Lean Soft Taco Fiesta
29881,Pure Protein Chocolate Peanut Butter Bars
29893,Italian Zesty Dressing
29894,Organic Dark Brown Sugar
29895,Ultimate Clean Burst Tall Kitchen Drawstring Bags
29898,Organic Spaghetti Pasta
29901,Just Ranch Spread
29904,Gatherings Honey Ham & Turkey Party Tray
29905,Milano Orange Chocolate Cookies
29910,Super Moist Yellow Cake Mix
29912,Chopped Garlic In Water
29917,Ham & Cheddar Frozen Sandwiches
29919,Roasted Green Chile Tamales
29920,Organic Hamburger Buns
29921,Cheese Finely Shredded Mexican Four Cheese Blend
29925,Sourdough Hearty Sliced Bread
29926,Roasted & Salted Almonds
29930,Baby Dill Pickles
29931,Protein PLUS Multigrain Elbow Macaroni Pasta
29933,Gillette Fusion ProGlide Manual Men's Razor Blades
29934,Creamy Tomato Soup
29935,White Paper 8-12 Cups Basket Coffee Filters
29938,All Natural Lemon Tea Bottles
29941,Red Plums
29944,Sriracha Potato Chips
29950,Spicy Uncured Bacon & Egg Roasted Potato Jalapeno & Cheddar Burrito
29956,Milk Chocolate Candies
29965,Star Fruit
29967,Protein Bar Chocolate Sea Salt
29970,Fettuccini
29971,Turkey Bacon Bits
29974,Gluten Free Cinnamon French Toast Sticks
29978,Flushable Moist Wipes
29987,Shredded Mozzarella
29989,"Dirty Chai Coffee, Cold Brew"
29990,Angel Hair
29993,Organic Low Fat Chocolate Milk
30000,Home Menu Meals for 2 Orange Chicken
30005,Sharp White Cheddar Cheese
30006,Ritz Cheese Cracker Sandwich Packs
30007,Super Greens
30011,Rishikesh Whole Grain Brown Basmati Organic Rice
30016,Lighty Breaded Fishies
30020,Organic Multigrain Snack Crackers
30021,Distilled White Vinegar
30024,Cage Free Grade AA Large White Eggs
30027,Organic Chard Green
30035,Natural Sweetener
30036,Belgian White Wheat Ale
30041,Chanterelle Mushrooms
30042,Cheddar Cheese Flavored Dip
30053,Lush Scent In-Wash Scent Booster
30057,Orzo Pasta
30058,Opti-Free Replenish Multi-Purpose Disinfecting Solution
30059,Organic Lemon Ginger Flavor Super Shot Probiotic Drink
30062,White Select-A-Size Paper Towels
30063,"Coconut & Peanut Spread, Crunchy"
30064,Double Acting Baking Powder
30066,Classic Granola
30069,Organic Echinacea Plus Elderberry Tea
30073,CASCAD ACTION PACS REG 60CT
30079,Shea Butter & Vitamin E Body Lotion
30082,Mozarella String Cheese
30089,"Clean Energy Drink, Hibiscus Berry"
30095,Thirst Quencher Lemon-Lime
30103,"Cookies, Milk Chocolate"
30106,Miniatures Candy Bars
30108,Premium Paper Towels
30114,Pistachio Blend
30117,Salted Peanut Butter Filled Pretzels
30121,Peach & Mango Soy Yogurt
30122,Chicken Free Strips Grilled
30129,Vinegar
30133,Cooked Spicy Italian Sausage
30135,Cheddar Cheese Burrito
30137,"Miso, Organic, Mellow, Red"
30142,Vegetable Dumpling
30148,Organic Stage 2 Chicken Brown Rice Baby Food
30151,Burrito Size Flour Tortillas
30154,Lemon Cupcakes
30159,Super Dark Pomegranate And Goji Chocolate Bar
30160,100% Pure Cider
30161,"Face, Hand & Baby Wipes Fragrance Free"
30162,Teriyaki & Pineapple Chicken Meatballs
30169,Total 2% All Natural Plain Greek Yogurt
30170,Fresh Cut Green Beans
30179,Organic Korean BBQ Seitan
30183,Quaker Life Cinnamon Cereal
30187,Dark Chocolate Covered Almonds
30189,Fast-Max Maximum Strength Cold & Sinus Caplets
30190,Mild  Buffalo Wing Sauce with Parmesan
30191,Light Original Ranch Salad Dressing
30192,Organic 4 Months Butternut Squash Carrots Apples + Prunes Baby Food
30194,Classic Romaine
30199,Organic Flip for Flapjacks Pancake Mix
30201,Bath Tissue Double Roll
30204,Coconut Spray Oil
30210,San Francisco Giants Salted Roasted Peanuts in Shell
30211,Radiant Super Tampons
30219,Lactose Free Blueberry Yogurt
30222,California Ripe Pitted Large Olives
30225,For Spit-Up with Iron Infant Formula
30227,Bag of Dutch Yellow Fingerling Potatoes
30230,Clover Blossom Honey
30233,Organic Large Brown Grade AA Cage Free Eggs
30235,Cheese Delicato Tortellini
30242,Fire Roasted Red Peppers With Garlic
30245,Black Bean Tamales
30247,Mighty Absorbent Paper Towels
30252,Organic Soft Wheat Bread
30257,Microwavable Mac & Cheese
30260,Original Fresh Salsa
30274,Artesano Style Bread
30275,"Red Wine Salami, Chianti"
30278,Organic Caesar Complete Salad Kit
30279,Dairy Free Pizza White Style
30290,100% Recycled Bath Tissue Rolls
30291,Stone Ground Garbanzo Bean Flour
30292,Cola Cans
30304,Ultra Strength Assorted Berries Antacid
30305,Fancy Eggplant
30307,Doubleshot Espresso & Cream Premium Coffee Drink
30309,Sour Brite Crawlers Gummi Candy
30316,Baby Brie
30318,Snap Peas
30323,Apple Cinnamon Hot Oatmeal
30325,2X Concentrated Clean Burst Laundry Detergent
30329,Organic Yellow Potato Bag
30336,Organic Beans And Cheese Burrito
30337,Gluten Free Dark Chocolate Cocoa Breakfast Bars
30338,Dark Chocolate Acai Blueberry
30339,Toasted Coconut Chips
30340,Oatmeal Squares Brown Sugar
30343,Seltzer Blueberry Lemonade
30347,30 Dose Laxative Powder
30352,Goldfish Original Baked Snack Crackers
30353,Curate Cherry Lime Sparkling Water
30356,Tropical Punch Unsweetened Soft Drink Mix
30363,Avocado Hommus
30365,Vegetable Chips
30382,Organic Flour Tortillas
30383,Sandwich Rolls
30384,Dark Caffe Verona Whole Bean Coffee
30385,Organic Free Range Grade A Large Brown Eggs
30387,Chicken Alfredo & Penne Classic Meal for 2
30388,Organic Forest Berry Cream On Top Whole Milk Yogurt
30391,Organic Cucumber
30402,Quencher Pomegranate Limeade Drink
30404,Extra Whitening Sensitivity Protection Toothpaste Twin Pack
30406,Butternut Squash
30411,Organic Lemon Flavor Recharge Thirst Quencher With Electrolytes
30415,"Truffle, Sea Salt"
30418,Orange Cream Soda
30420,"Arugula, Kale, Apple, Romaine, Celery, Cucumber, Lemon, Ginger Cold Pressed Juice"
30422,Grapefruit
30424,Thousand Island Salad Dressing
30425,Chewy Chocolate Chip Granola Bars
30427,Accents Organic Sprouted Quinoa Trio
30434,Caprese Duet Ravioli
30440,Chocolate Crepes
30441,V-Fusion Energy Pomegranate Blueberry
30442,Low Fat Vanilla Yogurt
30450,Creamy Almond Butter
30456,Key Lime Cilantro Taco Skillet Sauce with Roasted Tomatillo & green Chile
30461,Organic Multigrain Mild Green Mojo Tortilla Chips
30463,Organic Simply Stock Unsalted Chicken Stock
30471,Organic Kids Berry Cherry Flavor Probiotic Chews
30479,C&W Broccoli Florets
30480,"Tomatoes, Whole Peeled"
30483,Dulce De Leche Sugar Free Pudding
30486,Organic Sweet Cherries
30489,Original Hummus
30492,French Vanilla Half+Half
30494,Organic Mango Slices
30495,"Signature Egg, Sausage, Cheese & Potato Burritos"
30500,Steamable Broccoli Florets
30505,Gluten Free Class French Dinner Rolls
30506,Hummus Roasted Pepper
30511,Thin & Crispy Crust Four Cheese Pizza
30512,Lemon Dishwasher Detergent + Clorox Stain Fighting
30522,Cookie Dough Protein bars
30524,"HE Liquid Laundry Detergent with Downy, April Fresh scent"
30529,Stage 2 Pear Pumpkin Baby Food
30545,30% Less Sodium Brown Gravy Mix
30548,Cocoa
30549,Strawberry Banana
30551,Farmstyle Greek Old Fashioned Vanilla Strained Lowfat Yogurt
30559,Certified Compostable Food Waste Bags 3 Gallon
30561,Plain Bagelettes
30562,Tasty Treasures With Ocean Fish in Sauce
30563,Strained Non-Fat Strawberry Icelandic Style Skyr Yogurt
30569,Infants Pain Reliever and Fever Reducer Berry Drops
30570,Mozzarella
30571,Bare Fruit Banana Chips
30572,Chunky Healthy Request Old Fashioned Vegetable Beef
30574,Hazelnut Chocolate Chip Gelato
30577,Lifewater 0 Cal Black and Blue Berry Vitamin Enriched Water
30581,Organic Tulsi Turmeric Ginger Stress-Relieving & Harmonizing Caffeine Free Herbal Supplement
30583,Flaked Coconut Unsweetened
30584,Sharp Cheddar Shredded Cheese
30586,Big Bang K Cup
30588,"8\"" Flour Tortillas De Harina"
30591,Cinnamon Brown Sugar Breakfast Biscuits
30593,Frosted Cherry Pop-Tarts Toaster Pastries
30597,French Vanilla Coffee Creamer
30599,Homemade Vodka Sauce
30604,32 oz UHT Eggnog Eggnog
30607,Black Elderberry Syrup
30610,Dark Chocolate With Cacao Nibs 72% Cocoa Chocolate
30617,Creme Caramel Flan
30618,Plain Unsalted Rice Cakes
30620,Roasted Garlic & Olive Oil Pearled Couscous
30622,Shrimp Scampi
30627,Crispy Golden Spud Puppies
30632,Organic Chimichurri Seasoning
30633,Veggie Cheese & Pretzel Snack Pac Prepacked
30634,Riserva Porcini Mushrooms & White Truffle Oil
30635,Lactose Free Yogurt Plain
30638,White Paper Towels
30639,Organic Orange Juice
30641,Family Reserve Single Serve Vanilla Nut Medium Roast Coffee
30643,Double Zipper 2 Gallon Freezer Bags
30658,Dark Chocolate Almond & Coconut Fruit & Nut Bar
30659,Medium Bag Peanut Milk Chocolate Candies
30661,Lower Sugar Maple & Brown Sugar Instant Oatmeal
30664,Organic Beef Base
30668,Half Baked Frozen Yogurt
30673,Harissa Hot Sauce
30675,Edamame Soybeans in Pods
30678,Rosemary & Olive Oil Flatbread
30680,Slider Freezer Bag Gallon
30695,Milk Chocolate Bar
30696,Eggo Homestyle Waffles
30699,All Natural Dressing & Marinade Soy Ginger
30700,Angel Food Cake
30702,Hampshire 100% Natural Grade A Pasteurized Sour Cream
30705,"Macaroons, Lemon Ginger"
30707,Organic Ground Chicken Breast
30716,Whipped Sweet Cream Butter
30717,Organic Ranch Salad Dressing
30718,Unsweetened Pure & Smooth  Green Tea
30719,Kids Alphatots Family pack
30720,Sugar Snap Peas
30721,No Beans Chili
30723,Tuna Creations Herb & Garlic Tuna
30727,Vanilla Almond Fit Granola
30729,Mild Thai Green Curry Paste
30731,Pure Cane Granulated White Sugar
30737,Original Vanilla Low Fat Yogurt
30744,Classic Tender Liver & Chicken Feast Cat Food
30745,Organic Bulgarian Yogurt
30752,Meat & Cheese Tray
30753,Organic Red Lentil Penne
30754,Wheels & Cheese
30756,Mandarin Clementine  Bag
30759,Freezer Gallon Bags
30762,Hot & Sour  Chinese Style Egg Flower Soup Mix
30764,Cinnamon Raisin Bagels
30766,Omega 3 Gummies
30771,Spearmint Sugar Free Gum
30774,Organic French Roast Ground Coffee
30776,Organic Raw Kombucha Gingerade
30777,Organic Classic Hummus
30778,Ultra Original Scent Dishwashing Liquid 38 Fl Oz Dish Care
30784,Organic Restaurant Style  Sea Salt & Lime Tortilla Chips
30787,Crispy Crowns! Seasoned Shredded Potatoes
30795,Sesame Seaweed Salad
30801,Classic Original Mint Mouthwash
30809,Organic No Stir Creamy Peanut Butter
30814,Vegan Flaxbread Breakfast Sandwiches 2 Count
30817,Rhubarb Strawberry Jam
30820,"Cheese Alternative, Mozzarella"
30823,Organic Pumpernickel
30824,Boneless Fried Chicken
30827,Seedless Cucumbers
30830,Organics Vitamin C Fortified 100% Apple Juice
30831,Fat Free Smooth & Creamy French Vanilla Organic Yogurt
30836,Organic Belgian Pancake And Waffle Mix
30849,Blueberries Pint
30850,French Roast Ground Coffee
30855,Chocolate Hazelnut Butter Blend
30859,Dark Chocolate Hemp Seeds
30865,Tri Color Mozzarella And Herb Tortellini
30866,Bleach Alternative Grapefruit Dish Detergent
30878,Organic Chopped Ginger
30881,Naturally Smoked Oysters in Pure Olive Oil
30884,Island Vanilla Cereal
30885,Acidophilus Yogurt
30892,Refreshing Lip Balm with Pink Grapefruit
30903,Nori Sesame Gourmet Popcorn
30908,Teriyaki Turkey Jerky
30909,Telera Rolls
30910,Double Stuf Golden Sandwich Cookies
30913,Organic Green Tea
30918,Whole Chicken
30919,Parchment Baking Sheets
30921,Jumbo Grade A White Eggs
30928,Organic Gluten Free Yellow Cornmeal
30931,Stimulations Ecstasy Ultrasmooth Lubricant Premium Latex Condoms
30934,All Time Greats Snack Size Chocolates
30935,Melatonin 5 mg Strawberry Gummies
30946,Organic Pitted Dates
30949,Organic YoKids Smoothie Strawberry Banana Lowfat Yogurt
30953,Sliced Beets No Salt Added
30955,Unsalted Vegetable Stock
30958,Honey Mustard and Onion Pretzels Pieces
30960,Regular Pork Sausage Tube
30962,Vanilla Greek Yogurt 0% Fat
30967,Organic Frosted Flakes Cereal
30969,Veggie Made Riced Cauliflower Lightly Sauced with Savory Herb
30974,Organic Chopped Shallots
30975,Raspberry Lime Seltzer
30982,All Natural Original Hummus
30983,Wild Strawberry Yogurt Smoothie
30989,Spam Original Luncheon Meat
30994,Talenti Double Dark Chocolate Gelato
30995,Creme Fraiche French Cultured Cream
30999,Layered Dark Chocolate Coconut Granola Bars
31001,White Tuna In Olive Oil
31003,Broccoli  Bunch
31008,Sweet Tea Liquid Water Enhancer
31010,Unstopables Fresh & Flirty Scent Oil Warmer & Refill Set
31011,Natural Instincts Non-Permanent Hair Color Cinnaberry Medium Auburn Brown
31015,Old Country Style Muesli Cereal
31018,White Meat Chicken Florentine Cat Food
31020,Organic Honey Grade A
31022,Original Kettle Cooked Potato Chips
31035,Ricotta & Parmigiano Tortellini
31036,Crisp Hard Cider Crisp Apple
31040,Sea Salt Pita Chips
31041,Envirokidz Chocolate Koala Crisp
31048,Mini Creme Egg
31058,"Steamfresh Fresh Frozen Vegetables Broccoli, Carrots, Sugar Snap Peas & Water Chestnuts Mixtures"
31059,Repair & Protect Toothpaste for Sensitive Teeth
31060,Dinner Plates
31066,Aluminum Foil
31067,Watermelon
31073,Organic Bunch Arugula
31074,Organic Cotton Tampons
31075,Dark Chocolate Morsels
31076,Tumeric Golden Milk Elixir
31078,Organic Jalapeno Kettle Chips
31085,Multigrain Thin Crispbread
31087,Whole Kernel Corn No Salt Added
31093,Original Tofu Pups
31100,ProBugs Whole Milk Kefir Orange Creamy Crawler
31101,Tropical Fruit Chews
31102,Sugar Free Energy Drink
31113,Pinot Noir Rose
31114,Pure Tea Tree Castile Soap
31116,Soft and Chewy Candy
31127,Sweet Batard
31130,Sea Salt Flakes Original
31136,Original Flavor Sugar Free Gum 3 Pk
31137,Dustpan & Brush Set
31139,Chocolate Granola Cereal
31142,Small Batch 9 Year Bourbon
31148,"Egg Rolls, Gluten-Free, Vegetable"
31154,Frontier Whiskey
31156,Cafe Domingo Medium Roast Whole Bean Coffee
31157,Thin Spaghettini
31158,Extra Long Asparagus Spears
31159,Carmel Peanut Perfectio
31162,European Cookie Spread
31163,Homemade Membrillo Quince Paste
31164,Original Flavor Crispy Corn Snacks
31173,Original Enriched Parboiled Long Grain Rice
31180,Premium Dog Treats Chicken
31181,Organic Garlic Hommus
31184,3 Apple Blend Juice
31196,Half Dozen Grade A White Eggs Large
31213,One a Day Ultimate Flora Adult Formula Capsules
31215,Lemon Yogurt
31221,80% Chocolate Macaroons
31224,Chunky Pub-Style Chicken Pot Pie Soup
31225,Gluten Free Classic Hotdog Buns
31228,Organic Deep Green Blends Power Greens
31229,Flowers
31231,Vitamin Water Zero Rise Orange
31236,Premium Soft Pretzel Bites
31238,Blue Corn Tortilla Chips
31242,Pico De Gallo Chunky Salsa
31244,Organic Harmony Vegetable and Fruit Juice
31246,Sweet Potato Quinoa Bowl
31248,White Potato
31255,Sonoma Coast Pinot Noir
31256,"Bleach, Concentrated, Lemon Fresh"
31257,Vegan Chocolate Chip Mini Muffins
31258,Granola Bar Peanut Butter
31263,Breaded Fish Sticks
31264,Foaming Hand Wash Sweet Water
31267,Organic Red Wine Vinegar
31268,Sandwich Bags
31269,Mixed Fruit Flavored Snacks
31273,Ultra Free & Clear Dishwashing Liquid
31275,Organic High Fiber Coconut Flour
31277,Rice Puffs Cereal
31278,Cheese Heads Sharp Cheddar & Beef Sticks
31282,Toddler Formula Iron Fortified Dairy Powder
31283,Classic Clean 2-in-1 Shampoo
31287,Organic Black Peppercorns
31288,Lowfat Key Lime Yogurt
31292,All Natural Cinnamon Raisin Bread
31293,Chicken With Rice Soup
31295,Spring Roll Wrapper
31296,Beef Fajitas
31299,Some Pulp Orange Juice
31307,Korean Kimchi
31315,Cobb Salad With Chicken & Bacon
31327,Orange Chicken Complete Skillet Meal For Two
31328,Whole Grain Crispbread
31333,Organic Chickpea Fusilli Pasta
31334,Chocolate Almond & Sea Salt with Chia Granola Bars
31338,Classic Almond Butter
31340,"Mustard, Dijon"
31341,Crunchy Gherkins
31342,Organic SprouTofu Extra Firm Tofu
31343,Shredded Mild Cheddar Cheese
31352,Bee Pollen Whole Granules
31355,Sliced Provolone Cheese
31356,Slip-On Size 4 Diapers
31371,Whole Wheat English Muffins
31372,Dark Brown Sugar
31373,Macrobar Prolonged Powder Banana + Almond Butter
31374,Outshine Strawberry Fruit Bars
31376,Hemp Tea Tree Pure Castile Soap
31377,Cheesecloth
31378,"Traditional Size Corn Tortillas, 6\"""
31380,Omeprazole Acid Reducer Tablets
31382,Mandarin Orange Sparkling  Water
31387,Natural Almonds 100 Calorie Packs
31388,Fresh Chicken Drumsticks
31391,Gourmet Delicate Avocado Oil
31392,Rosemary Crostini
31394,100 Calorie Pretzels Packs
31395,Brownberry Country Buttermilk Sandwich Bread
31399,Lemon Gingerade
31404,Vanilla Yoghurt
31406,Jalapeno Cheddar Flavored Cheese Dip
31410,"Basic Bounty Basic Paper Towels, Print, 8 Regular Rolls Towels/Napkins"
31411,Caffe Macchiato Gelato
31422,100% Orange Juice
31423,Vegetable Classics Tomato Basil
31426,Classic Poultry & Beef Feast Variety Cat Food
31429,Organic French Vanilla Yogurt
31431,Easy Find Lids Containers 14 Cups
31433,Organic Cinnamon Crunch Cereal
31444,Crystallized Ginger In Dark Chocolate  Bar
31450,Diet Green Tea With Citrus
31454,After Dark Chocolate frozen nonfat yogurt bars
31458,100% Pure Dark Amber Maple Syrup
31459,Sprouted Seven-Grain Bread
31461,Cheese Tamale Verde
31467,Sockarooni Spaghetti Sauce
31469,Berry & Barley Organic Baby Food
31471,Semisweet Chocolate Chips
31477,High Protein Bar Chunky Peanut Butter
31478,Dairy-Free Cheddar Style Wedges
31480,Boxed Firewood
31486,Zero Calorie Sweetener
31487,Boomchickapop Sweet & Salty Kettle Corn
31500,Forseflex Drawstring 13 Gallon Bags
31501,Beggin' Strips Bacon Flavor Dog Snacks
31502,Take & Bake French Dinner Rolls
31504,Organic Stage 2 Peaches & Bananas Baby Food
31506,Extra Virgin Olive Oil
31510,Organic Instant Coffee
31513,Kefir Cultured Milk Smoothie Plain
31516,Fat Free Organic Vegetable Broth
31519,Gluten Free Strawberry Breakfast Bars
31525,Pita Pocket Bread
31528,Natural Emmentaler Swiss Cheese
31533,Spinach Feta in a Pocket Sandwich
31535,Fat Free Shredded Cheddar Cheese
31542,Swaddlers Diapers Size 4
31552,Original Natural Stone Ground Mustard
31553,Fresh Ginger Root
31555,Organic Light in Sodium Lentil Vegetable Soup
31557,White Nectarine
31559,Salt Mill Refill Sea Salt
31562,Sweet Onions
31563,Gluten Free Black Bean and Quinoa Burrito
31564,Crackers
31572,Blends Lowfat Strawberry Yogurt 2% Milkfat
31573,Whole Grain Brown Ready Rice
31577,Whole Wheat Bunnies Baked Snack Crackers
31578,Canned Diet
31589,Petite Diced Tomatoes
31596,Rice Express Fresh Steamed Sticky White Rice
31605,Cheese Curls
31608,Minis Candy
31610,Meatloaf and Mashed Potatoes
31611,Klassic 3 Seed Crispbreads
31612,Black Bean Vegetables Burrito
31616,Fridge Pack Pink Lemonade
31618,Thick Medium Cheddar Slices
31623,"Kefir Cultured Milk, Nonfat, Plain, Unsweetened"
31634,Brown Sugar Maple Oatmeal with Ancient Grains
31635,Vanilla Almond Milk Yogurt
31640,Original Puffins Cereal
31651,Extra Fancy Unsalted Mixed Nuts
31654,Ultra Soft Mega Rolls  Bathroom Tissue
31656,Xtreme Defense 5 Fresh Blast Gel Anti-Perspirant & Deodorant
31657,Organic Basil Babe Level 1 Baby Food
31662,Organic White Wine Vinegar
31663,Vanilla Blueberry Clusters With Flax Seeds Granola
31667,Peanut Butter Biscuits
31674,Flamin' Hot Snack Mix
31676,Grilled Chicken Feast in Gravy Cat Food
31678,Gluten Free Cinnamon Raisin Bread
31681,Extra Light Tasting Olive Oil
31683,Original No Pulp 100% Florida Orange Juice
31691,Gluten Free 9 Inch Pie Shells
31692,Homestyle Waffles
31693,Veggie Stix Sea Salt
31694,Sourdough Bachelor Loaf
31695,Ultra Plush With 3 Soft Layers Unscented Bathroom Tissue
31696,"Natural Antiseptic, Tea Tree Oil"
31698,Organic Almond Non Dairy Beverage Vanilla
31701,Potato Puffs with Roasted Garlic and Cracked Black Pepper
31714,Feta Cheese In Brine
31717,Organic Cilantro
31720,Organic  Whole Milk
31721,Farmer's Garden Medium Salsa
31727,"Organic Tomato Paste, No Salt Added"
31730,Chewy Granola Bar Chocolate Chip Granola
31732,Skinless & Boneless Sardines In Olive Oil
31736,Madagascar Bourbon Pure Vanilla Extract
31737,Organic Freeze Dried Strawberries
31755,White Cran-Strawberry Juice Drink
31759,Cherrios Honey Nut
31762,Sweet Italian Style Chicken Sausage
31764,Original Sparkling Seltzer Water Cans
31766,Cheese Pizza Snacks
31771,Eggo Thick & Fluffy Minis Vanilla Bliss Waffles
31772,Sprouted Grain Bread Cinnamon Raisin
31774,Suiza Enchilada
31777,Sunscreen SPF 50+
31778,Oven Baked Cheddar & Sour Cream Potato Crisps
31784,Lactose Free Cheddar Flavor Cheese Slices
31785,Drumstick Lil' Drums Vanilla Caramel Sauce & Vanilla Fudge Sauce
31789,Garden Spinach Herb 6 Ct Wraps
31792,Organic Jammy Sammy Snack Size Sandwich Bar Stawberry Jam & Peanut Butter
31801,9 Inch Plates
31805,Gourmet Tomato Medley
31808,Lemon-Lime 12 Pack Soda
31821,Cubanelle Pepper
31826,Lemongrass & Chili Instant Rice Noodle Soup
31829,Creme De Menthe Thins
31840,Liquid Smoke Hickory Concentrated Seasoning
31847,Pure Butter Shortbread
31848,Mini Pretzels
31853,Premium Ginger Beer
31860,Foil Sheets
31864,"Laundry Liquid, Cold-Water Formula, Grapefruit Seed & Orange Peel Extract"
31865,Four Cheese Ravioli
31866,Blow Pop Assorted Bubble Gum Filled Pops
31869,Organic Edamame
31871,Beef Polska Kielbasa
31872,Totopos de Maiz Mexican Style Thin & Crispy Salted Tortilla Chips
31883,Vegetable Lasagna
31884,Greek 100 Calories Whips! Peaches 'n Cream Fat Free Yogurt Mousse
31886,Pretzel In Milk Chocolate Bar
31888,Caramel Minis Size Chocolate Cookie Bar Candy 11.5-oz. Bag
31892,Organic Caramel Sauce
31893,Ice Cream Chocolate Mocha Chip
31894,Organic Apple Cinnamon Granola
31909,Dry Spicy Salami Robusto
31912,Avocado Oil
31915,Organic Red Delicious Apple
31927,Four Cheese Pasta Sauce
31931,Pure Fire Tonic Apple Cider Vinegar Drink
31932,"Protein & Fiber Madagascar Vanilla, Almonds & Pecans Hot Oatmeal"
31934,54 in x 108 in White 2-Ply Tissue Tablecover
31943,Positively Radiant Daily Cleansing Pads
31945,Organic Fresh Pressed Pure Carrot 100% Juice
31948,Organic Gluten-Free Brown Rice Pasta
31950,Radish Bunch
31951,Miniature Peanut Butter Cups
31955,Organic Banana Puffs
31958,Spinach and Arugula Salad
31960,Eggo Pancakes Minis
31961,Chilpotle Peppers in Adobo Sauce
31964,Passionfruit Sparkling Water
31966,Angel Hair Pasta With Herbs
31970,Organic Basmati Rice
31973,Coconut Dark Chocolate Bar
31981,1% Low Fat Milk
31984,Instant Granulated Tapioca
31985,Beefsteak Tomatoes
31991,Ultra Built Strong Plates - 22 CT
31992,"Select-A-Size Paper Towels, White"
31995,Imported Unsalted Butter
31997,Viva Vanilla Flavor Protein Smoothie Powder Drink Mix
32000,Italian Style Meatballs
32004,"Pasta Sauce, Marinara"
32013,Triple Razor
32016,Fresh Fussilli
32017,Fat Free Feta Chunks
32018,Organic Fiber & Protein Pear Blueberry & Spinach Baby Food
32019,Chicken Carbonara
32020,Classic Ranch Yogurt Dressing
32029,Low Sodium Organic Medium Chili
32030,Extra Sharp White Cheddar
32033,Original Almond Breeze Almond Milk
32035,Toasted Pine Nut Couscous Mix
32041,Peach Fruit Ice Bars 6 ct
32043,Organic Low Fat Vanila Milk
32047,Original Apple 100% Juice
32051,Blueberry Muffin Mix
32052,Organic Brown Rice Cake Salt-Free
32058,Gefilte Fish
32059,Cage-Free Grade AA Large Eggs
32064,"Seasoning, Coriander & Annatto, Jumbo Pak"
32068,Kettle Korn Popcorn
32069,Organic Whole Grain Brown Rice Microwaveable Pouches
32079,Shredded Parmigiano Reggiano
32082,Probiotics Peach Passion Fruit Juice
32085,Grab 'N Go® Cups & Lids 12 Ounce
32093,Basil Garlic & Oregano Tomatoes Sauce
32096,Yogurt Pretzels
32099,Cilantro Lime Chicken Burrito
32106,Organic Stage 2 Rice & Lentil Baby Food
32108,Cultured 'Lowfat Buttermilk
32109,Caffe Espresso Ground Coffee
32115,93/7 Ground Beef
32124,Pimento Cheese
32130,Milk Chocolate Toffee Almond High Protein & Fiber Bar
32132,Ultra Oxy Power Degreaser
32133,4 Cheese Mexican Shredded Cheese
32134,Lactose Free Plain Kefir
32139,Hommus Classic Original
32141,Diet Coke Soda
32152,Organic Quinoa Crispbread
32156,Cranberry Juice Cocktail
32160,Maple Cured Bacon Baked Beans
32163,Hot Salsa
32165,Orange Unsweetened Soft Drink Mix
32169,Magnum BareSkin Condoms
32170,Lentil Salad
32175,Root Beer Soda
32177,Blood Oranges
32178,"Cayenne Pepper, Organic"
32184,Organic Balsamic Vinegar
32190,Chicken Rice Pilaf Mix
32197,Organic Celery Root
32201,Nonfat Strawberry With Fruit On The Bottom Greek Yogurt
32204,Nut & Oat Bread
32205,Fluoride-Free Antiplaque & Whitening Spearmint Toothpaste
32211,Whole Grains Oatnut Bread
32221,Clear Swivel Dish Brush
32224,"Ultra Power Plus Dishwashing Detergent el, Fresh Scent"
32227,House Blend Whole Bean Coffee
32230,Organic Greek Fat Free Plain Yogurt
32236,Purple Kale
32237,Campanelle Pasta
32239,100% Whole Wheat Slice English Muffins
32249,"Delight Air Popped Popcorn, White Cheddar"
32251,Sugar Free Hard Candies
32256,Mango Chutney
32259,Red Globe Grapes
32261,"Everyday Assorted Heavy Duty Flatware Dishwasher Safe Plastic Forks, Knives, Spoons"
32262,100% Apricot Juice
32263,Lowfat Peach Yogurt
32265,ForceFlex Drawstring Tall Kitchen Bags
32267,Twelve Essentials Fruit and Vegetable Juice
32271,Original Applesauce
32275,Cabrese Salame
32277,Cashew Milk Dark Chocolate Truffle Ice Cream
32281,Persian Lime Miracle Tart
32282,"Honey, Raw"
32289,7 Grain Light Style Bread
32293,Organic Bunny Fruit Tropical Treat Fruit Snacks
32299,Dijon Mustard
32303,Red Seedless Grapes
32307,Demi Baguette
32309,Original Roasted Almond Protein Nut Bar
32313,Big Bang Medium Roast Ground Coffee
32315,Multi-Grain English Muffins
32316,Vanilla Greek Yogurt
32327,3 Gallon Food Scrap Bag
32330,Protein Plus Farfalle Multigrain Pasta
32331,Flip™ Low-Fat Almond Coco Loco Lowfat Greek Yogurt
32333,Apple + Banana Fruit Bar
32336,Diana�s Bananas Milk Chocolate with Peanuts - Banana Babies � 5 CT
32338,Natural Jif Creamy Peanut Butter Spread
32347,European Style Unsalted Butter
32353,Light Harvest Peach Strawberry Variety Pack
32356,Chunky Apple Sauce
32360,Creamy Deluxe Shells & Real Aged Cheddar Sauce
32369,Uncured Diced Pancetta
32373,Apple Cinnamon Pecan Oatmeal Cup
32374,Sour Worms
32382,Zesty Italian Dressing
32387,Roasted Garlic & Sweet Basil Sauce
32390,Crumbled Blue Cheese
32395,Steam Crisp White Shoepeg Corn
32398,Almonds Mini Nut-Thins Cheddar Cheese
32402,"Crackers, Crispy, Cheddar"
32403,Fat Free Skim Milk
32404,Unsalted Butter Quarter
32407,Recycled Facial Tissues 2 Ply
32413,Minute Jasmine Rice Microwaveable Rice Bowl
32415,Xtra Large Crunchy Fish Sticks
32420,Organic 1% Milkfat Lowfat Chocolate Milk
32426,1 Step Kashmir Spinach Indian Cuisine
32428,Golden Crinkles French Fried Potatoes
32429,Red Mango
32432,"Organic, GF, Peanut Butter Cups, Milk Chocolate, 10 Pack, Wrappers"
32433,Green Peas
32437,Super Blue Cheese Dressing + Dip
32441,Fresh Goat Cheese Log
32442,Organic Original Tofu Veggie Burger
32443,Organic Waffles Blueberry
32446,Bunched Carrots
32449,Zero Calorie Half Iced Tea & Half Lemonade
32453,Pro-Strength Hair Clog Eliminator With Clorox
32455,Whole Grain Cheddar Baked Snack Crackers
32460,Three Seed Sourdough Bread
32463,Olive Oil & Aloe Vera Hand Soap
32465,Sliced White Mushrooms
32466,Family Favorites Broccoli Cole Slaw
32467,Organic Living Butter Lettuce
32472,Chunky Chicken Feast Cat Food
32476,Garlic & Herb Bread Crumbs
32477,Chocolate Cookies Single Serve
32478,Reduced Fat 2% Milk
32479,Shea Butter with Warm Vanilla Beauty Bar
32486,Shredded 3 Cheese Blend
32492,Heath Candy Flavored Ice Cream Bars
32497,Lowfat & Strawberry Topping Cottage Cheese
32498,Lemon Pepper Fish Complete Meals
32505,Francese Home Bake Rolls
32511,Ground Coffee French Roast
32515,Whole Milk Blended Cherry Greek Yogurt
32517,Organic White Sliced Mushrooms
32519,Honey Maid Fresh Stack Honey Grahams
32520,Buttermilk Waffles
32534,Nutz Over Chocolate Whole Nutrition Bars for Women
32537,Parsley
32538,Chunk Light Tuna
32542,Strawberry Shortcake Rolls
32549,Prepared Meals Simmered Chicken Medley Wet Dog Food
32550,All Natural Lemonade
32553,"Country Stand Juice, Medium Pulp"
32562,Vanilla Ice Cream Cookies
32563,Sweetener Packets
32566,Dha Omega 3 Vitamin D Milk
32569,Peanut Butter Cracker Sandwiches
32570,Black Pepper Snapea Crisps
32573,Pretzel Sticks
32578,Organic Fresh Squeezed Orange Juice
32579,Organic Promise Autumn Wheat Cereal
32580,Salted Almond Milk Chocolate Bar
32585,Sprouted Wheat Cinnamon Raisin Bagels
32592,Ultra Plush Unscented Bathroom Tissue
32593,Vanilla Bean Yogurt
32599,Honey Lemon & White Tea Multi-Symptom Pain Reliever/Fever Reducer
32605,Glory's Sweet Cherry Tomatoes
32606,Low Fat Buttery Spread
32619,Orange Banana Stage 2 Baby Food
32621,Cheddar Sharp Cheese Sticks
32622,Fresh Spreadable Cream Cheese
32624,Acorn Squash
32627,Cereals Super Cranberry Cherry & Almond Muesli Fruity & Tangy With Almonds
32635,Standard Size Pet Waste bags
32636,Roasted Garlic Hummus with Pretzels
32637,Chicken Gravy Mix
32638,Red Hot Original Cayenne Pepper Sauce
32639,Toasted Sesame Oil
32642,Roasted Chicken Breast
32644,No.4 Natural Brown Cone Coffee Filters
32645,Sugarfree Energy Drink
32647,"Apples, Guavas & Beets Organic Baby Food"
32648,Gluten Free Honey Almond Granola
32650,White Giant Paper Towel Rolls
32652,Organic Broccoli Slaw
32653,Chocolate Salted Caramel Protein Bar
32655,Organic Large Grade AA Brown Eggs
32657,Cheeseburger Macaroni Hamburger Helper
32658,Spicy Hot 100% Vegetable Juice
32662,Ultra Sheer Sunblock SPF 30
32665,Organic Ezekiel 49 Bread Cinnamon Raisin
32666,Madagascar Pure Vanilla Extract
32667,Rice Pudding
32676,Chunk Light in Water Tuna
32677,Bag of Key Limes
32681,All Natural Slivered Almonds
32684,Grade A Organic Large Brown Eggs
32685,Chicken & Vegetable Snack Sticks for Dogs
32689,Romaine Hearts
32691,Vanilla Ice Cream
32700,Original Whipped Cream
32701,Roasted Seaweed Snacks Wasabi
32703,Strawberry Pomegranate Acai Kefir
32707,Platinum™ ActionPacs™ Fresh Scent Dishwasher Detergent
32710,Portabella Mushroom
32714,Spearmint Gum
32717,Baked Beans
32727,Reduced Fat 4 Cheese Mexican Shredded Cheese
32732,Roasted Red Pepper & Basil Quinoa and Brown Rice
32734,Spaghetti
32736,Humectress Conditioner
32738,Brown Basmati Ready Rice
32740,Cold-Brew Black Coffee
32741,Chicken Parmigiana Complete Meals
32744,Concentrated Bleach Fresh Meadow
32747,Low Fat 1% Milk
32748,Classic Cod Sole & Shrimp Feast Cat Food
32751,Breakfast Treats Original Cookies
32753,45 Calories & Delight Wheat Bread
32755,Anasazi Beans Green Chillies & Squash Burrito
32757,Quiche Lorraine
32761,Oil Control Foam Wash
32762,Nutri-Grain Soft Baked Mixed Berry Cereal Breakfast Bars
32768,"Carrots, Bag"
32771,"Organic Mango Acai Fruit Leather, 12 Ct"
32772,Shrimp Ceviche
32773,VEGET TOMATO BASIL
32775,Triple Zero Strawberry Oikos Greek Yogurt
32779,Linguica
32781,Gluten Free Sunrise Crunchy Maple Cereal
32782,Organic Unbleached Bread Flour
32784,Natural Shredded Mexican Style Four Cheese
32792,Chipotle Beef & Pork Realstick
32793,Light Roasted Chicken & Vegetable Soup
32794,Icelandic Vanilla Yogurt
32796,Artisan Style Multigrain Tortillas
32798,2-in-1 Daily Shampoo + Conditioner Citrus
32799,4 Cheese Medley Frozen Pizza
32810,Smoked Turkey Sausage and Cheddar Cheese
32819,Pronamel Fresh Wave Fresh Breath Toothpaste
32820,Banana Nut Muffin Protein Bar
32825,RediTabs Non Drowsy Indoor & Outdoor 24 Hour Allergy Tablets
32828,Italian Sausage
32831,Cherry Vanilla Cherry On The Bottom Cream Top
32833,Plain Nonfat Yogurt
32837,Ham Off The Bone
32838,Belgian Style Tripel Ale
32839,Dry Rubbed Thick Sliced Pork Bacon
32842,Colby-Jack Cheese Sticks
32843,Uncured Ham-Egg & Cheddar Multi-Grain Flatbread Breakfast Sandwich
32846,Babaghannouj
32850,Organic Pumpkin Puree
32851,Organic Carrots Baby Peeled Prepacked
32852,Diced Yellow Onion
32854,Salted Caramel Core Ice Cream
32857,Organic Chunky Tomato Bisque Soup
32859,Oikos Greek Yogurt Traditional Lemon Meringue
32864,Organic Baby Rainbow Carrots
32869,Spicy Chik'n Veggie Protein Patties
32877,Yellow Zucchini
32887,Macaroni & Mild Chadder Cheese
32888,Simply Clean Baby Wipes
32904,"Oat Flour, Organic"
32905,Clementine
32906,Raisins Red Seedless Organic Jumbo Size
32912,Baked Whole Grain Wheat Hint of Salt Crackers
32913,Heavy Duty Scrubbing Sponge
32915,Honey Turkey
32923,Organic Triple Berry Blend
32927,House Napa Cabbage
32935,Raw Mild Cheddar Cheese
32938,Home Style Marinara Pasta Sauce
32939,Disinfecting Wipes Fresh Scent & Lemon
32940,Organic Non-Dairy Blueberry Cultured Soy Yogurt
32943,Soybeans in Pods Edamame
32947,Organic Pita
32948,Organic Plant Protein Unflavored
32950,"Breaded Chicken Breast Nuggets, Gluten Free"
32951,Ricotta Cheese
32955,Carrot Chips
32964,Rich and Creamy Milk Chocolate Frosting
32966,Garlic Toast
32971,Sliced Peaches
32978,Lemon Lime Seltzer
32979,Sourdough Boule
32981,Original Recipe Rice Pudding
32982,Yellow Corn Extra Thin Tortillas
32989,Mighty 4 Purple Carrot Blackberry Quinoa & Greek Yogurt Tots Snack
32995,Paleo Banana Bread & Muffin Mix
33000,Pure Irish Butter
33002,Wholeberry Blast Meal Bar
33005,Vitacraves Multivitamin Supplement Gummies for Women
33006,Mediterranean Platter
33016,Chef Salad
33021,Reserve Cheddar Cheese
33026,Raspberry Tea
33027,Fancy Shredded Sharp Cheddar Cheese
33031,Organic Coconut Covered in Dark Chocolate Candy Bar
33037,Wheat English Muffins
33041,Medium Cheddar Natural Cheese
33043,Crescent Rolls
33045,Lemon Herb Chicken Breast
33046,Superior B 12 3000 Mcg Sublingual Lozenges
33047,Bonus Bag Restaurant Style Tortilla Chips
33050,Family Size Lasagna With Meat & Sauce
33053,"Decaffeinated House Blend, Dark Roast K-Cups"
33055,Organic Golden Delicious Apple
33056,Stacy's Multigrain Pita Chips
33058,Organic Strawberry Cobbler Cereal Bars
33059,Ice Peppermint Gum
33060,Graduates Toddlers Cereal Bars Strawberry Banana 8 Count
33065,Cabernet Sauvignon
33071,Sashimi Combo
33073,King Size Corn Tortillas
33075,Cafe Steamers Honey Balsamic Chicken Grilled White Meat
33079,Alpine Breeze Gentle Whitening for Sensitive Teeth Toothpaste
33080,Fresh Organic Carrots
33081,Chicken Apple Sausage
33089,"Goji Berries, Sun-Dried"
33090,Light & Fit Strawberry Non Fat Greek Yogurt
33092,Salsa medium
33095,"Salame, Italian Dry"
33098,Organic Stewed Tomatoes
33100,Unsalted Sweet Butter
33106,Organic Firm Tofu
33109,Greek Plain Whole Milk Yogurt
33114,Sport Chocolate Mint Protein Bar
33117,All Natural Gluten Free Dijon Mustard
33119,Homestyle French Toast Sticks
33120,Organic Egg Whites
33122,Peanut Butter Dark Chocolate Protein Chewy Bars
33124,Healthy Kids Organic Chocolate Nutritional Shake
33125,Organic Mini Cheddar Cheese Crackers
33129,Classic Hummus
33133,Rising Crust Spicy Italian Sausage Pizza
33135,Organic Blueberry Kefir
33138,Classic Chopped Grill Feast Cat Food
33140,Cruisers Diapers Jumbo Pack - Size 6
33147,Organic Crimini Mushrooms
33151,Gluten free Dark Chocolate covered Creamy Banana Fruit Bars
33153,IPA
33156,Seitan wheat Strips
33168,Everyday Paper Plates
33174,Mushroom Gravy Mix
33176,Goldfish Baby Cheddar Baked Snack Crackers
33178,"100% Juice, Apple"
33184,Condensed Cream of Mushroom Soup
33195,7 Sprouted Grains Bread
33198,Sparkling Natural Mineral Water
33199,Vanilla Caramel Gelato
33200,Sliced Ripe Black Olives
33206,Pearled Couscous Original Plain
33210,Pet Fresh Carpet Odor Eliminator with Vacuum Booster
33211,Baby Fragrance Free Daily Moisture Lotion
33216,Organic Vegetarian Baked Beans
33219,Spanish Style Ready Rice
33222,Lemonade with Mango
33231,Mild Lean Turkey Breakfast Sausage
33232,Unsweetened Cashew Milk
33234,Selects Smoked Uncured Bacon
33236,Sprouted Blues Corn Tortilla Chips
33238,Organic Arrowroot Powder
33240,Lightly Seasoned Freeze Dried Edamame Veggie Snack
33243,"Fruit Spread, Organic, Blackberry"
33245,Cole Slaw
33248,Gluten Free Muffin Tops Chocolate Chia - 4 CT
33249,Organic Cooked Beets
33259,Cooling Mint Tea Tree Oil Toothpaste
33279,Low Sodium Bacon
33287,ProActive Health Adult Large Breed Premium Dry Dog Food
33288,Sweet & Hot Beef Jerky
33290,Lemon Verbena Dish Soap
33294,"Tortillas, Wheat Free, Sprouted Corn"
33295,Original Jambalaya Rice Mix
33301,Fig Newtons Cookies
33303,Organic Hummus
33308,Beet Hummus
33309,Disinfectant Multi-Surface Cleaner Rainshower Scent
33316,Lemongrass & Clementine Zest Natural Dish Liquid
33318,Sea Salt Soiree Intense Dark Chocolate Squares
33327,3rd Foods Banana Apple Strawberry
33330,Parmesan Grated Cheese
33331,Cinnamon Toast Crunch Crispy Sweetened Whole Wheat & Rice Cereal
33333,Harvest Blend
33343,Sliced Colby & Monterey Jack Cheese
33344,Powder Laxative
33349,Advanced Formula Lip Therapy Skin Protectant
33351,Light Multi-Grain English Muffins
33352,Organic Kale Greens
33357,Fresh Sugar Snap Peas
33361,Crunchy Flamin' Hot Cheese Flavored Snacks
33364,Pumpkin & Spice Yogurt
33368,Green Skinned Avocado
33370,Total with Strawberry Yogurt
33373,Honeycrisp Bag
33378,Tzatziki Sauce
33379,Red Lentils
33385,"Preserves, Strawberry"
33388,Gluten Free Baking and Pancake Mix
33389,Gluten-Free Soy Sauce
33395,Protein & Greens Vanilla Flavor Drink Mix
33399,Red Lentil Dahl Soup
33401,Goat Cheese Crumbles
33402,Core Original Grain Free Dry Dog Food
33407,Ripe Large Pitted Olives
33419,Renu Fresh Lens Solution
33424,Lemon Sports Drink
33433,French Vanilla Rice Pudding
33435,Golden Delicious Apple Bag
33438,Rosemary & Olive Oil Quinoa Blend
33439,Deep Moisture Body Wash
33443,Passion Fruit
33445,Light Blueberry Patch Strawberry Variety Pack Yogurt
33452,Fruit Punch Sports Drink
33454,Power-C Dragonfruit Vitamin Water Drink
33457,Chicken Breast Nuggets
33458,Slow Roasted Sesame Garlic Chick'n
33462,Almond & Apricot Bar
33463,Chicken Enchiladas Poblano
33465,Broth Free Range Chicken Organic
33467,Stage 1 Apples Apples Apples Organic Pureed Baby Food
33468,White Pita
33469,Organic Diced Tomatoes In Tomato Juice
33470,Velveeta Cheesy Skillets Chicken Alfredo
33471,Diced Basil Garlic & Oregano Tomatoes
33473,Chicken Melts
33480,Bag of Clementines
33488,Flamin' Hot Onion Flavored Rings
33493,Cotton Swabs
33494,Original Nasal Spray
33499,80% Cocoa Madagascar Chocolate
33503,Zucchini Banana & Amaranth Organic Baby Food
33504,CoffeeMate French Vanilla Sugar Free Creamer
33508,Plain Pre-Sliced Bagel Thins
33511,Whole Care Wintermint  Fluoride Toothpaste
33515,Light & Fit Greek Vanilla Yogurt
33516,Stir Fry Seasoning Mix
33521,Triple Zero Vanilla Oikos Greek Yogurt
33527,Organic Classic Rich Crackers
33535,Ume Plum Vinegar
33540,Whole Grain Organic Blueberry Waffles
33543,Super Green Juice Blend Smoothie
33548,Peach on the Bottom Nonfat Greek Yogurt
33549,Sparkling Water Beverage Lime
33552,Real Medleys Peach Almond Oatmeal
33553,Tip N' Grip Salt & Pepper Grinder Set
33557,Cherry Tomatoes
33560,Italian Bread Crumbs
33561,Premium Stem Strawberries
33565,Uncrustables Reduced Sugar Peanut Butter & Grape Soft Bread Sandwiches
33568,Fresh Tilapia Fillet
33569,Crackers Almond Flour Farmhouse Sharp Cheddar
33572,Lactose Free 2% Reduced Fat Milk
33575,Dairy Free French Vanilla Coconut Milk Creamer
33584,Sunrise Classic Orange Drink Mix Pitcher Packs
33587,Still Artesian Distilled Water
33589,G2 Grape Sports Drink
33593,"Crunchin' Grahams, Honey Sticks, 123 Sesame Street"
33596,Oikos Fat Free Blueberry Greek Yogurt
33598,Beef Sausage Snack Sticks
33599,Mezzanotte Dark Roast Whole Bean Coffee
33602,Sweet White Miso
33606,Vanilla Almond Milk Frozen Dessert
33608,Light Catalina Salad Dressing
33610,U by Kotex Tween Feminine Pads for Smaller Sizes
33613,Premium Firm Tofu
33614,Carb Balance Flour Tortillas
33621,Rice Linguine Noodles
33623,Cage Free Large Brown Eggs
33624,Splash Tropical Blend Juice
33626,Spinach Cheese Tortellini
33627,Mix Popcorn
33630,Hash Browns
33636,Organic Shells And White Cheddar
33640,"Baked Beans, Vegetarian"
33642,Lactose Free Cream Cheese
33647,Blue Chips Corn Tortilla Chips
33651,Harvest Cheddar Multigrain Chips
33654,White Hot Dog Buns 8 Ct
33657,Mango Fruit Nectar
33658,Coke Sweetened Splenda
33664,2 % Reduced Fat  Milk
33671,100% Pineapple Juice
33672,Shredded Monterey Jack Cheese
33674,Elmo Mac 'n Cheese With Carrots & Broccoli
33682,Total 2% Greek Mixed Berries Yogurt
33701,Everyday Facial Tissues
33705,New York Cheddar Potato Chips
33708,Tomato Paste Double Concentrated
33709,All Natural Medium Fire-Roasted Tomato & Jalapeno Salsa
33716,Apple Pie Fruit & Nut Food Bar
33719,French Vanilla Yogurt Vanilla
33720,Drumsticks
33722,Chicken and Vegetable Egg Rolls
33725,3 Day Cleanse Total Body Reset Advanced Herbal Formula Capsules
33731,Grated Parmesan
33735,Chick Peas Garbanzos
33736,Lemon Master Cleanse Fruit Juice Drink
33740,"Cara Cara Oranges, Bag"
33741,Gluten Free Classic Hamburger Buns
33745,Oats and Honey Protein Crunchy Granola
33746,Simply Stock Organic Vegetable Unsalted Stock
33747,Traditional Chicken Rice with Vegetables Soup
33750,Sweet Rival Sesame Butter + Dates Macrobar
33754,Total 2% with Strawberry Lowfat Greek Strained Yogurt
33757,Organic Cold-Milled Ground Flaxseed
33768,Sinfully Sweet Campari Tomatoes
33772,Eggo Thick & Fluffy Original Waffles
33776,L'elegance Toothpicks
33777,White Paper 4-6 Cups Junior Size Basket Coffee Filters
33778,Fruit Refreshers Mandarin Oranges in Slightly Sweetened Coconut Water Fruit Cups
33783,Pears
33784,Ground Sumatra Deep Roast
33787,Total 2% Lowfat Greek Strained Yogurt with Peach
33791,Raspberry on the Bottom Nonfat Greek Yogurt
33793,"Chewy Candies, Flavored, Fierce Cinnamon"
33796,Sweet Orange Vanilla Honest Shampoo + Body Wash
33800,Organic 2% Plain Kefir Milk
33810,Citrus Dish Soap
33815,Portabella & Fontina Ravioli
33819,Original French Vanilla Yogurt
33825,Four Fruits Preserves
33827,Fat Free French Vanilla Creamer
33833,Lean Turkey Kielbasa
33844,Regular Marshmallows
33845,Organic YoBaby Vanilla Yogurt
33846,Roasted Garlic Hummus
33847,Cookies And Cream Ice Cream
33852,Black Raspberry Sparkling Water Drink
33855,Icelandic Style Cream-Skyr 2% Milkfat Strained Low-Fat Yogurt Vanilla & Cardamon
33859,Taco Seasoning Mix Gluten Free
33860,Essentials Tea Tree Glycerine Hand Soap
33863,Cherry Coke
33864,Cranberry Chocolate Nut Trail Mix
33873,Chocolate Flavored Dairy Free Coconut Milk Frozen Dessert
33875,100% Colombian Medium Dark Roast Ground Coffee
33882,Chocolate Flavored Sprinkles
33884,Bay Leaves
33894,Goldfish Cheddar Baked Snack Crackers Multi Packs
33897,Chicken Wings
33909,Cracked Wheat Sourdough Loaf
33911,Zero Calorie Cream Soda
33922,Extra Hold Gel
33927,For Sensitive Skin Plus Skin Friendly Fresh Scent
33929,Acai Berry Chia Bar
33934,Chef's Favorites with Alfredo Sauce Penne & Vegetables
33942,Black Chai Decaf  Tea Bags
33945,Regular Chips
33946,Honey Chamomile Tulsi Tea
33947,Cranberry Nectar 100% Juice
33949,Voila! Frozen Garlic Chicken Dinner
33950,Natural California Raisins Mini Snack Boxes
33953,"Cheese, Goat Milk, Purple Haze"
33956,Mighty Mango Juice Smoothie
33957,Mexican Casserole Bowl
33973,HE Original Liquid Laundry Detergent
33974,Low Sodium Chicken Broth
33990,Organic Chocolate Chip Granola Bars
34002,Artisan Spinach Pesto Sausage
34003,"Tonno, Tuna Solid White in Olive Oil"
34004,Mixed Berries Wildly Nutritious Signature Blends
34005,Black Seedless Grapes
34012,Almond Breeze Chocolate Almond Milk
34013,Microwaveable Whole Grain Brown Rice 2 ct
34022,Lite Honey Mustard Dressing
34024,Classic Soda
34025,"The O.G., Black Tea Brew Kombucha"
34027,Crispix Rice & Corn Cereal
34034,Roasted Garlic Pasta Sauce
34036,Naturals Sweet & Spicy BBQ Sauce
34040,Organic Gut Shot Ginger Beet Probiotic Drink
34041,Hazelnut Spread
34044,Organic Orange Juice with Pulp
34047,Classic Soda Mini Bottles
34049,Broccolini
34050,Orange Juice
34056,Ultimate Go Fresh Revive Pomegranate & Lemon Verbena Scent Anti-Perspirant Deodorant
34058,Lavender Dryer Sheets
34063,Medium Roast Original Blend Ground Coffee
34064,Beef Chorizo
34065,"Tomatoes, Crushed, Organic"
34067,Organic Honey
34069,Organic AppleBerry Applesauce on the Go
34080,Freshly Made with Durum Flour and Eggs Delicately Cut into Narrow Ribbons Linguine Pasta
34089,"Mini VitaCake, Fudgy Chocolate"
34092,Spicy Brown Mustard
34096,No Salt Added Tomatoes
34099,Crushed Red Chili Pepper
34103,Barbecue Sauce Original
34106,Ultra Strong
34111,Mini Naan
34112,Hazelnut Ground Coffee
34124,Organic Low Fat Vegetable Barley Soup
34126,Organic Italian Parsley Bunch
34127,Frozen Chocolate Fudge Greek Yogurt
34128,Tzatziki
34134,Spinach Peas & Pear Stage 2 Baby Food
34137,Chocolate Sea Salt
34145,Sweet & Sour Sauce
34148,Variety of Anitoxidant Infusions Cans
34160,of Hanover 100 Calorie Pretzels Mini
34165,Fat Free Half & Half
34166,Organic Shredded Parmesan
34167,All Natural Gluten Free Chicken Pot Pie
34169,"Hommus, Artichoke Spinach"
34178,Select Caesar Croutons
34182,Olive Tortilla Chips
34190,Organic Coconut Cream
34194,Cooking Beef Stock
34197,Goat Milk
34198,Fortune Cookies
34205,Apple Strawberry  Applesauce On The Go Pouches
34208,100% Tangerine Juice
34210,Healthy Mouth All Natural Mouthwash Cinnamon Clove
34213,Great White Bread
34214,Pesto Pizza
34216,Chocolate Chip Bunny Grahams Whole Grain Graham Snacks Bunny Grahams
34217,Pesto Tortellini  Bowls
34220,Honey Lavender Stress Relief Tea
34221,"Tea, Echinacea Immune Support"
34222,Squeeze Grape Jelly
34224,Vanilla Frozen Non-Dairy Dessert Bites
34227,Organic Frozen Blueberries Wild
34229,Petite Peas
34230,4% Milkfat Small Curd Cottage Cheese
34234,Grade AA Large White Eggs
34243,Organic Baby Broccoli
34244,"Bread, Sprouted Sourdough"
34247,Real Medleys Blueberry Hazelnut Oatmeal
34249,Strawberry Puffs
34254,White Facial Tissues
34255,Citrus Body Wash
34256,Organic Milk Coffee
34257,Dairy Pure 1% Lowfat Milk
34262,Hint Of Sea Salt Almond Nut Thins
34269,Oriental Flavor Ramen Noodle Soup
34270,"Cold-pressed, Deliciously Hydrating Watermelon Water"
34276,Pecan Caramel Almond Creamer
34278,Prepared Horseradish
34281,70% Dark Chocolate Bar
34282,Original Sandwich Bread
34283,Fudgsicle No Sugar Added
34284,Organic Light In Sodium Butternut Squash Soup
34287,"Disinfecting Wipes, Lemon"
34289,Maraschino Cherries
34290,Ultra Slim Herbal Tea
34295,Chocolate Frozen Desserts
34300,100% Lactose Free Reduced Fat Milk
34306,Turkey Meatloaf With Cranberry Glaze
34308,Unbleached All Purpose Flour
34309,Cafe Style Tortilla Chips
34310,Organic Goddess Dressing
34312,Triple-Acting Stain Remover Liquid Refill Pre-Spotter
34319,Coolers Pink Lemonade Pouches
34320,Organic Apples Pommes
34321,Original Pepperoni
34327,Green Pepper Hot Sauce
34328,Men Cool Rush Anti-Persperant Twin Pack
34329,Belgian Milk Chocolate Gelato
34335,Ruby Red Grapefruit Juice
34336,Alive Raw Extra Virgin Coconut Oil
34339,"Pizza, Rice Crust, Cheese"
34343,Breakfast Patties
34350,Heavy Duty Non-Stick Aluminum Foil 35 sq ft
34355,Spearmint Sugar-Free Gum
34356,Sundried Tomatoes
34358,Garlic
34360,Simply Favorites Chicken Friced Rice Entree
34362,Perfectouch Grab N Go Cups With Lids
34376,Cream of Chicken & Mushroom Condensed Soup
34379,Organic Vanilla Greek Nonfat Yogurt
34380,Coconut Chocolate Chip
34382,Freshly Grated Parmesan
34386,Milano Mint Cookies
34389,Black Cherry Sparkling Water
34394,Organic Smooth Move Peppermint Tea for Occasional Constipation
34401,Fajita Seasoning
34406,Deep Tanning Oil Spray Sunscreen SPF 4
34407,Taco Seasoning Mix
34422,Organic Shells  No. 91
34423,Pure Organic Pineapple Juice
34427,Butter Beans
34428,Orange Slices
34429,Kumato Tomatoes
34430,Sea Salt & Vinegar Kettle Cooked Potato Chips
34433,Sweetened Condensed Milk
34448,Original Veggie Straws
34449,100% Natural Tomato Sauce
34450,Bag Of Organic Lemons
34451,Pesto Pasta Sauce
34453,Organic Natural Fresh Goat Cheese
34456,Greek 100 Whips Strawberry Cheesecake Yogurt
34457,100% Organic Unbleached White Whole Wheat Flour
34458,Vanilla Ice Cream Sandwich
34459,Cavity Protection Regular Toothpaste Gel 6.4 Oz Dentifrice
34464,Cherry Pomegranate Sugar Free Gelatin Snacks
34466,Sweet Potatoes
34473,Gluten Free Vegan Penguinos Cupcakes
34476,Lunch Bundle Superfood Trail Mix - Corn & Flax Chips - Chickpeas & Almonds - Dark Chocolate Raisins - Veggie Crisps
34480,Tomatoes
34482,Scar Treatment
34483,Diet Cherry Soda
34487,Hass Avocado Bag
34492,Cheeseburger Sliders
34496,Alfredo Pasta Sauce
34497,"Prosciutto, Americano"
34499,Mixed Pepper Strips
34502,Natural Walnuts And Almonds 100 Calorie Packs
34503,Grape-Nuts Cereal
34504,Microwave Extra Butter Popcorn
34507,Hairball Formula Dry Cat
34508,Fat Free Sweetened Condensed Milk
34509,Pad Refill
34513,Organic Snapped Bean Medley
34514,Delight Variety Pack Popcorn
34519,Simply 100® Blueberry Blended Non-Fat Greek Yogurt
34520,Toaster Strudel Cinnamon Roll Toaster Pastries
34521,Tea Tree Scalp Treatment Shampoo
34524,Zinc Elderberry and Raspberry Lozenges
34525,Organic Vanilla Whole Milk Yogurt
34527,Purely Simple Buttercream Frosting Mix
34530,Organic Chicken Thighs
34532,Junior Toothbrush
34533,Cheese Creations Classic Alfredo Cheese Sauce
34550,Creamy Ranch Dressing
34551,Organic Cane Sugar
34557,Salted Caramel Greek Nonfat Yogurt
34560,Peanut Butter Caramel Ice Cream Candy Bars
34565,Peanut Butter Whole Grain Clusters
34566,Good & Clean - Dual Textured Exfoliating Towelettes
34572,Forest Body Wash
34574,Milk Chocolate baking Chips
34578,Chomperz Original Crunchy Seaweed Chips
34582,Natural Creamy Peanut Butter Spread
34584,Organic Sliced Peaches
34586,Vanilla Coke Zero
34590,Pitted Dates
34591,Pure Ground
34592,Organic Allspice
34598,Brown'N Serve Sausage Links Maple 10 Ct
34601,French Bread Pepperoni Pizza
34604,34% Less Fat than Our Regular Pesto. Reduced Fat Pesto sauce with Basil
34605,Beefsteak Tomato
34607,Dry Blackberry Soda
34608,1% Milkfat Low Fat Buttermilk
34610,Miso Ramen Broth
34615,Golden Yellow Bell Peppers
34619,Triscuit Baked Whole Grain Wheat Rosemary & Olive Oil
34622,Vanilla Cupcakes
34625,Macaroni & Cheese Dinner Nickelodeon Sponge Bob Square Pants Shapes
34627,Premium Apple Cider
34631,Hershey's Chocolate Caramel Gourmet Coffee Creamer
34635,Shredded Beef Burrito
34637,Mini Eggs
34638,Apple & Maple Chicken Mini Links
34640,Steamfresh Premium Selects Frozen Whole Green Beans
34642,Deluxe Royal Fig Fruit Spread
34643,Dry Roasted Macadamias
34646,Lady Fingers
34648,Corn Bread Mix
34658,100% Recycled 2 Ply Jumbo Paper Towel Roll
34660,Roasted & Salted Pistachios
34668,Organic Large Grade AA Omega-3 Eggs
34685,Crunchy Double Chocolate
34687,Pad Thai Sauce
34688,Good Belly Probiotics Juice Drink Blueberry Acai Flavor
34690,100% Juice Apple Juice
34703,Toaster Strudel Cream Cheese & Strawberry Pastries
34706,Natural Vanilla Miniature Marshmallows
34717,Original Natural Buttery Spread
34720,"Avocado Oil, Refined"
34726,Butter Toffee Peanuts
34735,Dried Cherries
34739,Pink Grapefruit All-Purpose Natural Surface Cleaner
34745,Organic Stage 3 Pear Carrot Apricot Baby Food
34748,Sea Salt Original Beef Jerky
34749,Miniatures Assortment Candy
34750,Black Winter Truffle Butter
34754,Ponzu Citrus Seasoned Dressing & Sauce
34755,Maple Pecan
34756,Maple Bacon
34763,Mayonnaise Made With Avocado Oil
34765,Whole Brie Cheese
34766,Crunchy Oats 'n Dark Chocolate Granola Bars
34769,"Roast Beef, 98% Fat Free"
34786,Tikka Masala Simmer Sauce
34789,Light Vanilla Soymilk
34790,Refined Organic Coconut Oil
34792,Pepperoni & Italian Style Cheese Brick Oven Crust Pizza
34795,"Cheese, Cheddar, Vermont Sharp"
34809,Cucumber Seedless
34816,Whole Pine Nut
34823,Mixed Melons
34824,Organic Sweet Onion
34827,Rich & Hearty New England Clam Chowder Soup
34829,Chocolate Wafers Candy Bar
34833,"B-Complex \""100\"" v-caps"
34841,Original Crust Pizza
34844,Morning Blend 100% Juice
34854,"Steamfresh Selects Frozen Broccoli, Cauliflower & Carrots"
34861,Beets Bunch
34862,Tiny Twists Pretzels
34864,Pet Waste Bags
34867,Original Vegenaise Better Than Mayo
34876,All Natural Table Syrup
34878,Stackers Kosher Dill Pickles
34881,Baba Ghannouj
34886,Deluxe Blueberry Bagels
34887,Chunky Tomato Garlic & Onion Pasta Sauce
34890,Organic Psyllium Husk Powder
34893,Chai Rooibos Herbal Tea Bags
34894,Kids Cavity Protection Sparkle Fun Flavor Toothpaste
34898,Low Moisture Part Skim Mozzarella String Cheese
34909,Platinum Erasing Dish Foam Fresh Rapids Scent
34915,Oikos Fat Free Vanilla Greek Yogurt
34920,"Just Crisps, Caesar"
34921,Vanilla or Chocolate Chip Variety Pack Ice Cream Pieces
34927,Beef Taquitos
34930,Veggie Dip
34931,Reduced Fat Sour Cream
34940,Chicken Flavor Top Ramen Noodles
34942,Kahuna Crunch Trail Mix
34943,Gluten Free Spaghetti
34946,Original Ultra Concentrated Ultra Concentrated
34947,Blue Sparkle Liquid Fabric Softener
34949,Hand Picked Pomegranate Seeds/Arils
34952,Gatherings Honey Ham Cheese & Crackers Snack Tray
34953,Premium Grade Sushi Rice
34955,Chunky Blue Cheese Dressing
34956,English Breakfast Black Tea Bags
34969,Red Vine Tomato
34974,Baby Mum-Mum Banana  Rice Rusks
34977,Almond Butter Minis Bar
34981,Panda Brand Gluten-Free Oyster Flavored Sauce
34986,Little Bites Blueberry Muffin Pouches
34987,Blueberry Granola
34991,Skinny Pack White Cheddar Popcorn
34993,Mango Yoghurt
34995,Strawberry Thumbprint Cookies
34996,Mexican 4 Cheese Blend
34998,Medium Restaurant Style Salsa
35002,No Salt Added Tomato Sauce
35003,Chunky Peanut Butter High Protein Bar
35004,Macaroni Shells & White Cheddar Cheese
35009,Tomato Ketchup No High Fructose Corn Syrup
35013,Organic Pomegranate Arils
35025,Vitamin Code Kids Cherry Berry Chewables
35034,Peppermint Sugar Free Gum
35042,Black Beans
35045,Original No Pulp Pure 100% Florida Orange Juice
35050,Unsweetened Whole Milk Strawberry Yogurt
35051,Lakewood Pure Premium Cranberry Juice Blend
35055,Just Cranberry Unsweetened Juice
35058,Original Low Pulp 100% Orange Juice
35065,Orange Strawberry Banana Juice
35068,Taco Mild Seasoning Mix
35072,Organic Green Butter Lettuce
35074,Whole Milk Mozzarella Shredded Cheese
35077,Original Steak Sauce
35078,Seriously Sharp Cheddar Cheese
35079,Guacamole Singles
35084,Wheat Organic Bread
35085,Spot's Stew Salmon Dry Dog Food
35090,"Chao, Vegan, Coconut Herb, Slices"
35102,The Original Liquid Coffee Creamer
35108,Salted Butter
35112,Organic Mashups Strawberry Banana
35113,Refried Beans
35121,Lemon Ginger Sparkling Probiotic Drink
35122,Turkey Breast Thin Sliced Mesquite Smoked Deli Select
35123,Grilled & Ready Chicken Breast Strips
35124,Southwest Chopped Salad Kit with Dressing
35126,Organic Z Fruit Grape Rope
35132,Cheese Square Crackers
35135,Sea-Salt Grain-Free Tortilla Chips
35136,Chocolate Sunbutter Soft Baked Bars
35140,Organic Whole Cashews
35143,Organic Turkey Gravy Mix
35144,Tartufo Salami
35147,Medium Roast Whole Bean Coffee
35149,312 Urban Wheat Ale
35158,Original Nut Burger Vegan Gluten Free
35160,Maple Glazed Honey Coat Cured Turkey Breast
35161,Organic Bittersweet Chocolate Ice Cream
35163,Red Leaf Lettuce
35164,ActionPacs With Lemon Scent
35165,Fusion ProGlide Power Men's Razor Blade Refills
35166,Double Concentrated Tomato Paste in Tube
35167,Organic Spicy Taco Seasoning
35168,Ezekiel 4:9 Sprouted Grain Tortillas
35171,Cheddar Cheese Crisps
35173,Organic Wild Blend Rice
35174,"Wafers, Vanilla"
35175,Mini Stuffers Hamburger Dill Chips
35176,Cream Cheese Cream Cheese Spread
35181,Extra Crisp English Muffins
35182,Gluten Free Cornbread Mix
35183,Organic Stevia
35184,Strawberries Clamshell
35188,Chia Squeeze Vitality Snack Blackberry Bliss
35193,"Post Selects Great Grains Cereal Raisins, Dates and Pecans"
35199,100% Apple Juice
35204,"Bacon, Uncured Hickory Smoked"
35206,Whitening Plus Scope Crest Complete Whitening + Scope Multi-Benefit Minty Fresh Striped Toothpaste 6.2oz Dentifrice
35210,Natural Mozzarella Deli Style Sliced Cheese
35211,Organic Strawberry & Mango Dried Tiny Fruits
35213,Organic Blues Bread with Blue Cornmeal Crust
35217,Toasted Sesame Seed Oil
35221,Lime Sparkling Water
35223,Dairy Free Plain Cream Cheese Style Spread
35224,Drink It Up Coconut Milk Conditioner
35225,Peach Mint Kombucha
35230,Original Rainbow Chip Frosting
35231,Organic Italian Seasoning
35233,Peach
35234,2% Low Fat Cottage Cheese
35235,Persian Pickle Cucumbers
35249,Cake Blend Unbleached Flour
35257,Cavity Protection Regular Fluoride Toothpaste
35263,Himalayan Pink Salt
35264,Cut Okra
35267,Organic Granny Smith Apples
35269,Vegetable Tray With Low Fat Dressing
35271,100% Colombian Ground Medium Dark Coffee
35277,Balsamic Vinaigrette Salad Dressing
35282,French Lavender Organic Whole Milk Yogurt
35284,Dark Chocolate Sugar Free Pudding Snacks
35286,Cocktail Peanuts
35289,Chewy S'mores Granola Bars
35302,Sweet Peas Creamed Spinach Medley
35305,Hot El Hombre Salsa
35306,Gluten Free Organic Peanut Butter & Chocolate Cereal
35310,Unsalted Sweet Butter Sticks
35317,72% Cacao Twilight Delight Intense Dark Bar
35318,Olive Snack Pitted Green Olives
35321,Organic Lowfat Milk
35324,Sprinkles Butter Flavor Granules
35326,Mullein Garlic Ear Oil
35328,Ginger Beer Premium
35333,Seasoning Bay Leaf
35336,Naked Green Machine Boosted Juice Smoothie
35339,Classic Original Scent Deodorant
35340,Jumbo Slider Bags
35342,Sugar Free Chocolate Reduced Calorie Pudding Snacks
35343,Tomato Sauce & Three Cheese Pizza
35345,4 Seasons Pepper Corns Mill Spices
35352,Garlic & Herb Rice Pilaf Mix
35353,Dino Eggs Instant Oatmeal
35357,Monterey Pinot Gris
35360,Lemon Zest Nutrition Bars
35363,Organic Red Pepper Hommus
35364,Peter Rabbit Organic Pea Spinach & Apple Puree Snack
35367,Fireworks Moonlight Breeze In-Wash Scent Booster
35369,Dark Chocolate Hazelnut
35372,Italian Sausage and Garlic Meat Sauce
35376,Grovestand Lots of Pulp Orange Juice
35382,"Fruit & Veggie Snacks, Chewy, Cinnamon Spiced Beet"
35383,Classic White Bread
35390,Vicks DayQuil Cold & Flu Multi-Sympton Relief
35395,Pure Olive Oil
35403,Disinfecting Bathroom Bleach-Free Cleaner
35406,All Natural Peach Tea Bottles
35410,Jamoca Almond Fudge Ice Cream
35411,18-in-1 Hemp Almond Pure-Castile Soap
35412,Select Tender Chicken with Vegetables & Brown Rice Dog Food Recipe
35413,Freshly made pasta layered between a rich meat sauce and topped with Real Mozzarella cheese Lasagna with Meat & Sauce
35417,Reduced Fat Milk 2%
35418,Dark Almond Organic Chocolate
35420,"Banana Bites, Chewy, Organic Coconut"
35424,Spring Water Antibacterial Liquid Hand Soap with Moisturizer
35425,Gluten Free Brown Rice English Muffins 6 ct
35430,Nilla Wafers
35440,FreshCare Flushable Cleansing Cloths Refill
35441,Fine Cut Shredded Mild Cheddar Cheese
35458,100% Whole Wheat Pre-Sliced Bagels
35461,Blueberry Beet & Brown Rice Cakes
35467,Semi Sweet Chocolate Mega Chunks Dairy Nut & Soy Free
35469,Enchilada Black Bean Vegetable
35470,Water Mineral
35473,Everyday 2-Ply White Facial Tissues
35483,Apple & Gouda Cheese Chicken Sausage
35489,Almond Biscotti
35494,Dishmate Ultra Pear Natural Dish Liquid
35495,Salsa Fresca
35497,"Gochujang Chicken, with Brown Rice"
35499,Imported Vodka
35501,Organic Natural Creamy Peanut Butter
35503,Organic Vanilla Almond Milk
35504,Real Coconut Water
35505,Low Fat Ice Cream Sea Salt Carmel Bar
35506,Brown Sugar and Cinnamon Steel Cut Quick Oatmeal
35507,Pure Life Purified Water
35510,Organic Yukon Gold Potato
35512,Apple & Apricot Fruit Bar
35513,Buttery Spray
35515,Peanut Butter Cookie Mix
35518,Frosted Chocolate Cup Cakes  with Creamy Filling
35519,Green Tea Dandelion
35522,Strawberry Protein Shake
35530,Natural Mini Pork Pepperoni
35531,Condensed Old Fashioned Tomato Rice  Soup
35534,"Coffee, Medium Roast, Original Blend, K-Cup Packs"
35535,Organic Red Chard Greens
35537,Sea Salt Garden Veggie Chips
35543,Sparkling Cranberry 6 Pack
35546,Chicken with Peanut Sauce
35547,Organic Baby Kale
35548,Twice Baked Potatoes
35550,Indicator Contour Clean Soft Toothbrush Twin Pack
35559,Kellogg's Chocolatey Peanut Butter Granola Bars
35560,Whole Bean House Blend Deep Roast
35561,Organic Tortilla Chips
35563,Grilled Artichoke Hearts
35577,Multi Seed English Muffin
35580,Chocolate Moon Pies
35581,Gluten Free Brown Rice White Cheddar Rice Thins
35584,Pizza Four Cheese
35585,Crispy Rice Dark Chocolate Bar
35594,Organic Hemp Plus Granola Cereal
35600,Ritz Sour Cream & Onion Toasted Chips
35601,Sensitive Skin Moisturizing Cream Soap Bars
35607,Light in Sodium Country Cheddar Bowl
35613,Original Thin Supreme Pizza
35618,Rich & Hearty Loaded Potato with Bacon
35619,Corn Chex Cereal
35622,50% Less Sodium Black Beans
35628,Organic Strawberry Smoothie
35629,Coho Salmon
35633,Chocolate Peanut Butter
35640,Beer Brats Sausage
35641,Intensive Healing Anti-Itch Creme
35649,Alkalized Water
35652,Prosciutto Di Parma
35660,Keurig Daybreak Morning Blend Coffee K Cups
35678,All Natural Organic Green Lentils
35682,Biscoff Cookie
35683,Lunchables Turkey Cheddar Cracker Stackers
35687,Organic Jalapeno Hot Sauce
35688,Cocoa Bunnies Whole Grain Cereal
35689,Original Non-Dairy Beverage
35696,Organic Dried Mango
35697,Handy Size Sponges
35704,Gluten Free Hamburger Buns
35708,Chocolate Coconut Chew Flavored Bar
35714,Seafood Sensations Cat Food
35715,"Whole Grain Organic Waffles, Totally Original"
35721,Irish Aged Cheddar Cheese
35722,Grilled Chicken & Mozzarella Ravioli
35725,Organic Oregano
35727,Whips! Key Lime Pie Flavored Lowfat Yogurt Mousse
35729,Turkey Meatloaf
35731,Cool Touch Coconut Oil & Aloe Facial Tissues
35734,Whole Chia Seeds
35736,50% Less Sodium Blue Lake Cut Green Beans
35749,Ginger Tea
35750,Organic Garbanzo Beans No Salt Added
35752,Hardwood SmokedCenter Cut Original Bacon
35756,Apple Lemon Cayenne Ginger
35761,Ultra Thin Slices Sharp Cheddar Cheese
35762,Eggo Cinnamon Toast Waffles
35767,Organic Power Greens
35769,Pure Foods Sea Salt Iodized
35778,Light Style Oatmeal  Bread
35782,Mango Flavor Probiotic Juice Drink
35784,Lemon Sparkling Natural Spring Water
35786,"Raisin, Date & Walnut Instant Oatmeal"
35792,100% Organic Lemon Juice
35803,Homestyle Tart Cherry Lemonade Drink
35814,Clam Stock
35815,Dairy Free Gluten Free Chocolate Almond Butter Miracle Tart
35817,Emollient Sunscreen Fragrance Free Clear Spray SPF 50
35819,Light Organic Agave Nectar
35821,Soba Pasta Wheat And Buckwheat
35824,Boneless Chicken Breast
35835,Minced Dill Weed
35838,Cumin Seed
35842,Organic Lemon Cayenne Sparkling Probiotic Drink
35845,Yukon Gold Potato
35846,"Sausage, Hot Link, Louisiana Brand"
35851,Organic Greek Lowfat Yogurt With Cherries
35855,Unbleached All-Purpose Flour
35864,Nuggets Milk Chocolate with Toffee & Almonds Classic Bag
35871,Organic Low Sodium Chunky Tomato Bisque Soup
35875,Super Lysine Plus Cream
35883,Solid White Albacore Tuna In Spring Water
35886,Organic Blueberries Clamshell
35887,Organic Mixed Vegetables
35894,Moisturizing Lotion
35898,Original Hot Sauce
35899,Organic Cherry Orchard Fruit Bites Pouches
35900,Caffeine Free Diet Coke Soda
35902,Vegan Garlic & Roasted Veggie Ravioli
35906,Boneless & Skinless Chicken Breast
35909,Garden Salsa Multigrain Chips
35912,Organic California Brown Jasmine Rice
35914,Dha Omega 3 Reduced Fat 2% Milk
35917,Organic Just Concord Grape Juice
35918,100% Grass-Fed No-Grain Strawberry Yogurt
35919,"Raspberries, Organic, Freeze-Dried"
35921,Organic Large Grade A Brown Eggs
35923,Taco 25% Less Sodium Seasoning Mix
35925,Sweet Lemon
35934,Organic Whole Milk Yogurt Tubes Very Vanilla Berry Patch
35935,Unsweetened Vanilla Coconut Milk Beverage
35939,Organic Jalapeno Pepper
35942,Mojo Peanut Butter Bar
35943,"La Lechera Sweetened Condensed Milk, Fat Free"
35946,Made With Organic Beans & Rice Burrito Non-Dairy
35948,Tonic Water
35951,Organic Unsweetened Almond Milk
35958,Dairy Free Original Coconutmilk Coffee Creamer
35960,Whole Grain Teff
35961,Organic Mikawa Mirin
35968,Organic Traditional Hummus
35973,Paprika
35977,Peanut Butter Cups Milk Chocolate
35984,Original Velveeta Shells & Cheese
35986,2-Ply 100% Recycled Bathroom Tissue
35988,Mint Chip Coconut Milk Ice Cream
35989,Coconut Flavored Sparkling Water
35992,Large White Eggs
35993,Reduced Sodium Tamari
35997,Organic Chocolate Chip Cookie Dough
35998,1 to 1 Gluten Free Baking Flour
36002,Savory Flax Seed Crackers
36011,Organic Fat Free Milk
36012,Garlic Stuffed Olives
36014,Greek Yogurt 0% Fat Plain
36020,Sour S'ghetti Gummi Candy
36023,Enriched Macaroni & Cheese Dinner!
36029,S'mores Ice Cream
36031,Jack Junior Pita Bread
36034,Organic Tamari With Seaweed Rice Cake
36036,Organic Orange Fruit Juice
36046,Greek 100 Calories Mixed Berry Yogurt
36050,Rainbow Ice Pops
36051,Glass Cleaner
36066,SleepGels Nighttime Sleep Aid
36070,"Super Spinach! Baby Spinach, Baby Bok Choy, Sweet Baby Kale"
36076,Everything Deli Style Pretzel Crisps Crackers
36082,Organic Mango
36085,Berry Berry Good Lemonade Organic Juice Drink
36086,Philadelphia Original Cream Cheese
36097,"Cereal, Superfood, Cacao Crunch"
36099,Roast Beef
36103,Extra Light Olive Oil
36106,Donettes Frosted Mini Donuts
36107,smartwater® Electrolyte Enhanced Water
36114,Angel Sweet Tomatoes
36115,Coffee Toffee Bar Crunch Ice Cream
36116,Pimento Cheese Dip
36117,Soft 10 Grain Bread
36118,Double Fiber Whole Grain Sliced English Muffins
36123,Lamb Shoulder Chops
36127,Freshly Squeezed Orange Juice
36129,Pure Decaf Green Tea
36130,Natural Choice Deli Oven Roasted Turkey
36136,Chunky Garlic Stir-In Paste
36144,Smoked Turkey Breast
36148,Organic Oat Bran Flakes
36149,Beast Burger
36159,"Cheese Stuffed Crust Four Cheese (Mozzarella, Parmesan, Asiago and Romano) Pizza"
36160,Cleaning & Disinfecting Solution Triple Action Cleaning
36162,Basic Bounty Basic Select-A-Size Paper Towels
36164,Organics Spinach
36165,Homemade Corn Chips
36170,Reduced Fat Original Baked Snack Crackers
36173,Shiraz
36175,Ice Cream Cake Ice Cream
36176,Black Bean Hummus
36178,Rao's Homemade Roasted Garlic Sauce
36180,Red Kidney Beans
36182,Healthy Fasting Tea
36183,Smooth Greens & Kale Vegetable and Fruit Juice Blend
36186,Large Grade AA Organic Eggs
36189,Key Lime Yoghurt
36194,Vegan Chicken Veggie Kungpao
36205,Peanut Butter Egg White Protein Bar
36206,Gluten Free Original Recipe Tapioca Pudding
36207,Mint & Honey Green Tea
36210,Louis Jadot
36212,Peanut Satay Sauce
36214,Turkey Burger Patties
36216,Lime Italian Sparkling Mineral Water
36227,Sour Cream & Onion Flavored Potato Crisps
36229,Elderflower Tonic Water
36230,Tofu Ravioli Verde
36234,High Brew Dark Chocolate Mocha
36236,Tampons 360 Degree Unscented Super Sport
36241,Sugar & Fat Free Whipped Peanut Spread
36253,Parmesan Cheese Grated from the block
36256,Yellow Soft Corn Tortillas 8 Count
36258,Super Fruit Punch Organic Juice Drink
36259,Whole Natural Value Pack Almonds
36262,"Antacid/Analgesic, Extra Strength, Effervescent Tablets"
36266,Chicken Rice Mix
36274,Arnold Palmer Lite Half Iced Tea & Half Lemonade
36276,Chocolate Vanilla Pudding
36278,Chocolate Breakfast Biscuits Chocolate
36287,Smooth Operator Natural Peanut Butter
36301,Gold-Bears Gummi Candy
36305,The Great Organic Uncured Chicken Hot Dogs
36306,"Fresh & Glow Hydrating Shower Cream Milk Protein, Almond & Coconut Body Wash"
36307,Milano Double Chocolate Cookies
36310,VIA Ready Brew Colombia Coffee
36313,Organic Vitality Snack Strawberry Banana Chia Squeeze
36315,Low Fat Split Pea Soup
36316,Lemon Sparkling Water
36321,Original Red Hot Cayenne Pepper Sauce
36322,Thin Spaghetti No 11
36323,Fresh Citrus Antibacterial Hand Soap
36326,Multipurpose Sealing Wrap 70 Sq. Ft.
36332,Apple Strawberry Bar
36333,Heirloom Bean Veggie Burgers
36338,Sensitive Baby Wipes
36348,Organic Baby Food Fruit Mashup Mama Bear Blueberry 7+ Mo
36360,Lightly Salted Almonds
36361,Organic Cottage Cheese Blueberry Acai Chia
36368,Meze Dip Three-Pepper Salsa Greek Yogurt
36371,Organic Select  Extra Virgin Olive Oil
36372,Party Flexible Straws
36375,Organic Stage 2 Veggie & Protein Puree Broccoli Red Lentil Oat
36377,Arnica Montana 200CK Homeopathic Pellets
36386,Bleach Splash-Less
36389,Organic Rainbow Chard Vegetable
36390,Grilled Chicken Alfredo Bake Frozen Dinner
36393,Eggo Buttermilk Waffles
36397,Gluten Free Millet-Chia Bread
36399,California Style Minced Garlic
36406,Essential Greens With Lime  Vegetable and Fruit Juice Blend
36412,Pure Castile Peppermint Soap
36418,Grapes Green Seedless
36422,Home Style Roasted Turkey Gravy
36425,Chardonnay Wine
36426,"Fire-Roasted Tomato Taco Sauce, Medium"
36430,Pork Roast Carnitas
36431,Hardwood Smoked Bacon
36434,Napkins
36438,Organic Premium Roasted Seaweed Snack
36441,Baby Wipes
36443,Pure Canola Oil
36446,Honey Roasted Turkey Breast
36452,Chocolatier 72% Dark Chocolate with Almonds
36457,Goya Rice Black Beans 8 Oz
36469,Rib Eye Steak
36472,Nutri Grain Bars Multi Pack
36475,2% Shredded Sharp Cheddar Cheese
36476,Grilled Chicken Breasts
36481,Organic Gluten Free Maple Buckwheat Flakes
36485,Organic Stage 2 Winter Squash Baby Food Puree
36487,Plus Lubricant Eye Drops
36493,Zero Calorie Half Green Tea & Half Lemonade
36500,Organic Beef Stew Baby Food Stage 3 Pouch
36506,Extra Cheesy Cheddar Bunnies Crackers
36519,Pure Butter Shortbread Rounds
36522,Sweet Italian Chicken Sausage
36528,Organic Brown Rice Lasagne Pasta
36533,Reduced Fat Crescent Rolls
36534,Epsom Salt
36538,Grilled And Ready Oven Roasted Diced Chicken Breast
36541,Rosemary Chicken Roasting Sauce
36545,All in 1 Powerball Fresh Scent Automatic Dishwasher Detergent
36549,Light and Lean Mattar Paneer
36550,Organic Extra Large Grade AA Brown Eggs
36552,Gourmet Popping Corn Original
36553,Berry Blast 100% Juice Smoothie
36554,Vegan Aged White Cheddar  Popcorn
36555,Tart And Tangy Mango Frozen Kefir
36556,Pop Tarts Dunkin' Donuts Frosted Chocolate Mocha Toaster Pastries
36574,Fruit & Nut Trail Mix Chewy Granola Bars
36580,Multi-Faceted Shimmering Colour 21 Bright Black Hair Color
36586,Veganic Sprouted Ancient Grain O's
36588,"Nut, Spice, Honey Roasted Sea Salt Bar"
36589,Milk Chocolate Baking Bar
36591,100% Whole Wheat Medium Soft Taco Flour Tortillas
36592,Organic Vat-Cultured European Style Unsalted Butter
36598,Original Ritz Toasted Chips
36601,Moscato
36603,Lemon Lime Sparkling Seltzer Water
36606,Sprouted Multi-Grain Bread
36609,Organic Sliced Sharp Cheddar Cheese
36618,"12\"" Aluminium Foil"
36619,Pure Goat Milk Herb Chabis Cheese
36632,Hot Hungarian Paprika
36634,"Syrup, Maine Maple"
36639,Key Lime Pie Gelato
36640,Sprouted Grain Low Sodium Bread
36646,Lactose Free Sour Cream
36649,Color Cups
36650,Cinnamon Sugar Pita Chips
36651,Pizza Poppers Uncured Pepperoni
36655,XXtra Flamin' Hot Crunchy Cheese Flavored Snacks
36658,Sliced Yellow Cling Peach Slices in 100% Real Fruit Juice
36662,Foaming All-Natural Antibacterial Orange Vanilla Handsoap
36664,Baked Soft Pretzels
36675,"Kale Krunch, Organic, Southwest Ranch"
36681,Spanish Style Yellow Rice
36685,50/50 Spring Mix & Baby Spinach
36686,Charcoal Lighter Fluid
36687,Sea Salt Crunchy Chickpeas
36689,Original Lite Syrup
36691,Purified Drinking Water
36695,Organic Hothouse Cucumbers
36696,The Original Natural Herb Drops Cough Suppressant
36697,Premium White Unscented Bathroom Tissue - 12 CT
36702,Active Electrolyte Enhanced Drink Tabs 10 Servings Tri-Berry
36707,Fat Free Beef Broth
36709,Vanilla Goats Milk Yogurt
36711,"Paper Napkins, 1-Ply"
36714,Dr. Zevia Zero Calorie Soda
36717,Double Fiber Bread
36721,Twister Tropical Punch
36724,Organic Sea Salt Roasted Seaweed Snacks
36725,Egg Nog
36726,"Cookies, Fudge Striped"
36729,Butter Popped Corn Rice Cakes
36735,Organic Roasted Sliced Chicken Breast
36736,Iodized Salt
36737,Pizza Uncured Pepperoni Gluten Free
36743,Cilantro Lime Rice
36746,Authentic French Brioche Rolls
36758,Triple Berry Blend
36760,Potato Fennel Leek Soup
36763,Pretzels Original Thins
36764,Organic Cold-Pressed Orange Juice
36766,Chicken Biryani
36768,Natural Uncured Center Cut Applewood Smoked Bacon
36772,Bunny Pasta with Yummy Cheese Macaroni & Cheese
36775,Kettle Chips Vegan Cheddar
36779,Nutrition Bars Apple Cinnamon & Pecan
36784,Oikos Triple Zero Mixed Berry Yogurt
36789,UltimateCare Premium Liquid Bleach
36792,Gluten Free Omega Flax & Fiber Bread
36793,Italian Seasoning
36796,Primo Thin Margherita Pizza
36799,American Cheese Snack
36801,Organic Blueberry B Mega
36802,Peach Nectar
36810,Original Pancake and Baking Mix
36819,"Crushed Fire Roasted With Eggplant, Kale & Beet Puree"
36822,Cioccolati Biscotti
36825,Cookie Dough Grand Ice Cream
36830,Protein Bar Coconut Cashew
36835,Dairy Free Greek Yogurt Black Cherry
36838,Original Triple Chocolate Protein Energy Bar
36839,Pure Cane Granulated Sugar
36842,Organic Tulsi Ginger Tea
36848,Gluten Free Quick Cooking Oats
36849,Milk Chocolate Candy Bars
36854,Hot Sauce
36855,Kitchen Citrus Liquid Hand Soap
36856,Premium Chocolate Coconut Water
36857,Gluten Free Double Chocolate Muffins
36860,Leafy Romaine
36865,Non Fat Raspberry Yogurt
36866,Dark & Sea Salt Caramel Chocolate Squares
36869,O'Soy Smooth & Creamy Vanilla Organic Soy Yogurt
36872,Lemon Natural Dishwasher Detergent Gel
36874,Diakon Radish Kimchi
36878,Caesar Salad
36880,"Stix, Original, Sea Salt"
36884,"Pain Reliever/Fever Reducer (NSAID), Ibuprofen 200mg"
36885,Rose
36897,Tomato Juice
36911,Cranberry Granola Fruit Clusters
36912,Grilled Beef Feast in Gravy Cat Food
36913,Uncured Bacon + Cranberry Bison Bar
36914,Organic Gravenstein Apple Juice
36923,Trop50 No Pulp Orange Juice
36926,Organic Sweet Potato Spirals
36929,"Milk, Vitamin D"
36939,Exquisitely Rich 85% Dark Chocolate
36940,Chicken Culinary Stock
36941,Rock It Red Frozen Veggie and Fruit Pops
36944,All Natural Original Guacamole Mix
36953,Free & Clear Automatic Dishwasher Detergent
36956,Stringless Sugar Snap Peas
36959,Fruit Punch Burst Organic Quenchers
36960,"Cream Of Chicken Condensed Soup, 50% Reduced Sodium"
36961,Pink Cripps Apple
36962,Dill Pickle Spears
36967,Cat Litter Deodorizer
36968,Organics Big Bird's Apple 100% Juice
36972,Peach Fruit Nectar
36976,Bananas + Apples Puree  2 (from 6 Months)
36978,Animal Crackers
36988,Low Salt Ham
36993,Chocolate Flavored Syrup
36994,Organic Graham Crunch Cereal
36999,Mango Strawberry Granola Bar
37001,Gluten Free Rice Millet Bread
37003,"Organic Apples, Carrots and Parsnips Puree"
37004,Whole Grain Thin Spaghetti Pasta
37006,Brioche Sandwich Buns
37011,Artichokes
37013,Honey Grahams
37017,All Natural Chicken Tenderloins
37019,Dairy Free Gluten Free Cookie Dough Coconut Milk Frozen Dessert
37022,Plain Cultured Goat Milk Kefir
37029,Cream Cheese Spread
37030,Basil Pesto Sauce
37033,Non-Stick Parchment Paper
37036,Ultra Dawn Ultra Dishwashing Liquid Antibacterial Orange 21.6 Oz Dish Care
37040,Fanta Orange Soda
37044,Basil Scented Counter Top Spray
37046,Passata Biodynamic Tomato Puree
37052,Natural Bliss Cinnamon Cream Coffee Creamer
37053,Just Mayo
37055,Organic Cheesy Ravioli
37059,Lemon & Lime Blossom Ocean Fresh Scent Disinfecting Wipes
37065,Serrano Chile Peppers
37066,Original Cherry Orchard Yogurt
37067,Organic Banana
37079,Oatmeal To Go Apples & Cinnamon Squares
37080,Vegan Hot & Sour Noodle Soup
37084,Tostadas Caseras Amarillas
37086,Organic Tomato & Basil Pasta Sauce
37089,Caribou Blend Coffee K-Cups
37092,Rocky Road Slow Churned Ice Cream
37094,Sweet Spirulina Sprouted Bites
37096,Jet Puffed Miniature Marshmallows
37102,Honey Lemon Ginseng Green Tea Bags
37103,Sparkling Peach
37104,Tortilla Strips
37107,Ground Cumin
37110,Real Cola
37113,Brown Gravy Mix
37114,Sweets Jelly Beans
37119,Uncured Pepperoni
37120,Dill Weed
37131,Tomato Yellow Cherry
37132,Zero Mixed Berry
37135,Liquid Laundry Detergent Mountain Rain
37141,Dairy Free Coconut Milk Vanilla Yogurt Alternative
37142,50% Less Sodium Pinto Beans
37145,Select Natural Applewood Smoked Turkey Breast
37147,Organic Soy Tempeh
37156,Chile Verde Chicken
37158,Chicken & Maple Breakfast Sausage
37164,Salmon Dinner Classic Pate Cat Food
37168,Organic Coconut Sugar
37173,Light Sea Salt Plentils
37179,Advantage Strawberry Shakes
37185,Vienna Sausage
37192,Smart Ground Original Veggie Protein Crumbles
37193,Shelled Edamame
37195,Divines Filled Chocolates Caramel
37199,Falcon Blend Whole Bean Coffee
37201,Kalamata Hummus
37203,Flexible Straws
37208,Salted Caramel Iced Coffee With Almond Milk
37213,Excellence 70% Cocoa Smooth Dark Chocolate Bar
37215,100% Cranberry Juice
37220,Organic Strawberry Fruit Spread
37228,Mango Lowfat Kefir
37229,"Bathroom Tissue Softness & Strength, Double Rolls"
37233,Macaroni & Beef
37238,Vantage Choose-A-Size Regular Roll Towels
37241,Juice Grape 100% Pure
37246,"Soybean Paste (White), Shiro Miso Instant Soup"
37247,Instant Vanilla Pudding & Pie Filling
37250,Cut Green Beans
37257,Organic Sweetened Cranberries
37262,Original Bran Cereal
37264,Traditional German Egg Pasta Thin Soup Noodles
37265,Balanced Breaks White Cheddar with Cashews & Cranberries Cheese Snacks
37266,Tater Treats Seasoned Shredded Potatoes
37274,Tryst Black Bean Hummus
37276,"Bar, Toffee & Almonds in Milk Chocolate"
37284,Shelled Pistachios Roasted And Salted
37288,Organic Black Plum
37289,Morning Mish Mash Blueberry Oats & Quinoa Snack
37294,Red Apple Bites Multi Pack Healthy Snacks
37307,Organic Asian Chopped Salad Kit
37311,Whole Frozen Strawberries
37314,Gold Digital Pregnancy Test
37317,Wonderful 100% Pomegranate Juice
37335,Thin Whole Wheat Sandwich Buns
37349,Licorice
37354,Flour Tortillas Soft Taco
37355,Organic Extra Virgin Coconut Oil
37357,"Natural Laundry Detergent, Free & Clear 33"
37358,Frozen Limeade Concentrate
37359,"Toothpaste, All-One, Peppermint"
37371,Homestyle Ranch
37374,Cherubs Tomatoes
37377,No Sugar Added Applesauce
37380,Sweet Mini Peppers
37385,Organic Red Kale
37387,Classic Honey Wheat Bread
37388,Cream Top Blueberry Yogurt
37389,Whispering Angel Rosé
37400,Organic Tangerine
37402,Original Pancake Syrup
37414,Seeded Hearty Rye Loaf Bread
37417,Gluten Free Pretzel Twists
37436,Kit Kat & Reese's Assorted Miniatures
37442,Vegan Egg
37449,Natural Muenster Cheese
37450,Falafel Balls
37452,Chicken Fettuccini Alfredo
37455,Smoked Ham
37458,Crushed Red Peppers
37460,No Sugar Added Variety Fruit Bars
37462,Brown Rice Pasta Spirals
37464,Apple Cinnamon Instant Oatmeal
37465,Original Bomb Pops Ice Pops
37468,Rich and Creamy Vanilla Frosting
37474,Chicken Jerky Strips Dog Treats
37478,Gluten Free Whole Grain Hamburger Buns 4 Count
37486,"Organic Nonfat Yogurt, Peach"
37489,Kale Salad
37496,Organic Deep Dark Sea Salt Chocolate
37508,0% Fat Organic Greek Vanilla Yogurt
37509,Light Chicken Noodle Soup
37511,Organic Cookies & Cream Ice Cream
37517,Natural Honey Creamy Peanut Butter
37518,Ground Cardamom
37520,Indoor Cat Food
37524,Fresh Mozzarella Ball
37528,Organic Kale Salad with Red Cabbage and Carrots
37529,Skinny Girl Organic Stevia Sweetener
37543,Spiced Rum
37547,Replenish Juicing Greens
37548,Gluten Free Free Corn Spaghetti Style Pasta
37552,Sparkling Blackberry Juice
37553,Iced Coffee Lightly Sweet
37563,Coconut Milk Yogurt Alternative Mango Flavor
37564,Hardwood Smoked Lower Sodium Bacon
37570,"Ice Cream, Super Premium, Dutch Chocolate"
37571,Color Preserve Shine Shampoo
37575,"Mediterranean Blend, Italian Sunflower & Extra Virgin Olive Oil"
37586,Whole Grain Oat Flour
37588,Extreme Scoopable Litter Scented
37592,Cherry Zero Cola
37594,French Vanilla Yogurt
37600,Organic Kettle Corn
37602,Mexican Coffee
37606,White Quilted Napkins
37609,Extra Crispy Tator Tots
37611,Spaghetti with Meatballs
37621,Plus The Power of Oxiclean Stain Fighters Fresh Scent 80 Loads Powder Laundry Detergent
37625,Guacamole Authentic
37626,Oatmeal Raisin Bite-lettes
37630,Boneless & Skinless Wild Alaskan Sockeye Salmon
37634,Toilet Bowl Cleaner with Bleach Rain Clean
37635,Chili with Beans
37637,Pure Cane Confectioners Powdered Sugar
37642,Ccnut Raw Cocoaminos
37645,Original Flavor Bean Dip
37646,Organic Gala Apples
37649,Regular Pizza Sauce
37654,Butter with Canola Oil Spread
37655,Thicker Style Hot Barbecue Sauce
37656,Fresh Fruit Tart
37658,Snack Pack Mini Classic
37664,Organic Sliced Provalone Cheese
37669,Triple Nut Temptation Dark Chocolate Caracas Bar
37672,Organic Extra Virgin Imported Olive Oil
37681,Tortilla Crusted Fish
37687,Organic Spring Mix
37691,Almond Dark Chocolate
37693,Classic Blend Vegan Shreds Cheese
37709,Dairy Free Semi Sweet Baking Chips
37710,Trail Mix
37717,"Quinoa, 100% Whole Grain, Organic"
37718,Blueberry Whole Milk Yogurt Pouch
37719,Organic Licorice Root Herbal Tea
37722,Gluten Freen Original Rice Pudding
37723,RAW Probiotics Men
37728,Dips Original Ranch Mix
37732,Organic Pears Baby Food
37733,Uncured Pepperoni Mini Pizza Bagels Frozen Snacks
37742,"100% Juice Apple Juice, No Sugar Added"
37745,Honey Wheat English Muffins
37751,Clean Care Bath Tissue Rolls
37752,Dinner Rolls
37754,Organic Blended Raspberry Whole Milk Greek Yogurt
37765,Gluten Free Snack Crackers Rosemary & Olive Oil Flavored
37766,XL Emerald White Seedless Grapes
37768,Sugar Free Apricot Preserves
37774,Artesian Sparkling Water
37776,Vanilla All Natural Liquid Coffee Creamer
37783,Organic Dried Pineapple Rings
37788,All Natural Gluten Free Probiotic Pineapple Yoghurt
37795,Dairy Pure 2% Reduced Fat Milk
37797,100% Natural Spring Water Minis
37807,Small Walnut Levain Bread
37822,Kitten Pate with Gourmet Chicken Wet Cat Food
37825,Organic Whole Wheat Fusilli
37832,"Baking Bars, Gourmet, Bittersweet Chocolate"
37835,Chlorine Free Versatile Stain Remover
37836,Milano Milk Chocolate Cookies
37838,Iced Passion Herbal Tea
37839,Dairy-Free Smoked Gouda Style Cheese Block
37840,Golden White English Muffins
37849,Velveeta Shells & Cheese Pasta
37851,"All-In-One Nutritional Shake, Chocolate"
37855,Triple Sec
37860,Crunchy Cheddar Jalapeno
37866,Nonfat Milk
37867,Classic Variety Pack Donuts
37873,100% Extra Virgin Olive Oil
37876,Grated Reggiano Parmigiano
37877,Thin Crispy Crust Pepperoni Pizza
37886,Extra Creamy Dairy Whipped Topping
37890,Roasted Tomato Basil Soup
37892,Loose White Button Mushrooms
37895,Shredded Steak Taquitos
37897,Organic Fresh Blends Mango 100% Juice Blend
37903,Woman's Nursing Support Tea
37912,Wheat Germ
37917,Orange Peach Mango
37919,Organic 2% Chocolate Milk
37923,Prosecco Sparkling Wine
37927,Chicken Corn Dog
37929,Red Miso Soup
37931,Minced Onion
37933,Dairy Free New York Style Cheezecake
37935,Light and Lean 3 Cheese Penne Marinara
37938,Organic Beets Veggie Chips
37939,Brown Rice Pilaf Whole Grain Blends
37940,Original Strawberry Low Fat Yogurt
37947,Organic Peach Lowfat Yogurt
37950,Small Enriched Bread
37951,Sweet Italian Pork Sausage
37959,Egg White Patties
37965,Sparkling Raspberry Lime Natural Spring Water
37966,French Baguette Bread
37971,Organic Cranberry Pomegranate Juice
37978,Full Sheet Big Rolls 12 Ct
37980,Madeleines
37983,Purple Rice & Black Sesame Rice Toast
37985,Salty Sweet Cashew Bar
37999,Antioxidant Infusions Ipanema Pomegranate Beverage
38000,Unsweetened Apple Sauce
38003,Sicilian Pistachio
38012,Organic Cream of Mushroom Condensed Soup
38013,Gluten Free Fig Fruit Filled Cookies
38014,Boneless Half Ham
38015,Honeysuckle Dish Soap
38028,White Sliced Mushrooms
38033,Ground Coffee Dark Roast
38035,Its Not Your Mom's Sponge Cloth
38043,Chopped Bbq Seasoned Ranch Chicken Salad Bowl
38047,John Frieda Frizz Ease Moisture Barrier Firm Hold Hair Spray
38049,Crispy Rounds Tortilla Chips
38050,All Natural Boneless Skinless Chicken Breasts
38051,Shiitake Mushroom
38054,Fancy Feast Wet Classic Turkey & Giblets Feast Cat Food
38060,"Clean Care Toilet Paper, Double Rolls, 1 Ply"
38061,Organic Raw Coconut Butter
38063,Cocoa Puffs Cereal
38067,Coconut Flakes
38068,Shower Clean Antiperspirant Deodorant
38071,Organic Jalapeno Peppers Stuff Green Olives
38073,Organic Honey Hemp Sprouted Oat Granola
38077,Hemp Hearts Raw Shelled Hemp Seeds
38078,Yaki Nori Roasted Seaweed Sheets
38079,Peach Nonfat Yogurt
38081,Nonfat Instant Dry Milk
38090,Classic Scent Liquid Dish Soap
38091,Flat Fillets of Anchovies in Olive Oil
38093,Organic Smoky Maple Barbeque Sauce
38100,Head-to-Toe Baby Wash
38108,Sausage Buns
38113,Whole Grain Spaghetti
38115,NyQuil Cold & Flu Nighttime Relief
38117,Pasta with Swedish Meatballs Tasty American Favorites
38118,Whole Grain Lavash
38119,Vanilla Frozen Dairy Dessert Cones
38124,Roarin' Waters Tropical Fruit
38127,Lowfat Strawberries 'n Cream Kefir
38129,Organic Hearty Tomato Bisque
38141,"Fiber & Protein Organic Pears, Raspberries, Butternut Squash & Carrots Snack"
38150,Grilled Cheddar & Chicken
38152,Small Cherry Pie
38154,Original Sour Cream
38159,Organic Yellow Peaches
38161,Himalayan Pink Salt Grinder
38162,Milk Chocolate Gold Bunny - 5 CT
38164,Almonds & Sea Salt in Dark Chocolate
38167,Ultra Downy® Clean Breeze™ Liquid Fabric Conditioner 51 Fl oz. 60 loads Fabric Enhancers
38168,Kale Greens Bunch
38171,46 / 94 Proof Bourbon Kentucky Whiskey
38175,Meatloaf & Gravy
38180,Organic Chia Sprouted Oat Vanilla Granola
38182,Sriracha Hot Sauce
38185,Hint of Lime Flavored Tortilla Chips
38192,Pear & Mango Stage 2 Baby Food
38193,"Purple Asparagus, Bunch"
38200,Apple Juice
38202,Original Lip Balm
38203,Unsweetened Chocolate Baking Bar
38204,Dark Chocolate Almond Nutrition Bars
38205,Cheddar Cheezy Mac
38207,Organic Ginger
38208,Spinach Salad Dressing
38210,Liquid Vitamin B-Complex Natural Tangerine Flavor
38217,Snackimals Vanilla Blast Cereal
38218,Rising Crust Three Meat Pizza
38223,Stage 1 Just Sweet Peas With Mint Baby Food
38226,Dark Chocolate Chips
38228,Monster Trail Mix
38231,Classic Air-Puffed Vanilla Flavored Marshmallows
38234,Texas Fresh Portabella Mushrooms
38236,Quinoa
38241,Low-Fat Mango on the Bottom Greek Yogurt
38247,Men Dry Protection Cool Rush Antiperspirant & Deodorant
38248,Vegetable Turkey Dinner Stage 2
38249,Frankfurters Vegetarian
38250,Cheddar Squares Cheddar Squares
38255,"Gelato Squares, Key Lime Graham"
38256,Maple Glazed Pecan & Sea Salt Bar
38259,Blueberry Greek Yogurt + Chia
38264,Chocolate Macaroons
38266,Fresh Basil
38267,Vanilla Almond Creamer
38273,Marinara Pasta Sauce
38274,Ice Cream Sandwiches Vanilla
38275,Cocktail Style Cubes  Spring Water Ice
38277,Dairy Free Vanilla Coconut Milk
38278,Pink Beans
38279,Multi-Grain Soft Taco
38281,Organic Extra Thick Rolled Oats
38286,Whole 7 Ancient Grains Bread
38287,Carnation Fat Free Evaporated Milk
38288,Pizza Sauce
38289,Pomegranate Italian Soda
38290,Vegan Crunchy Peanut Butter
38291,Traditional Crumbled Feta Cheese
38293,Ground Turkey Breast
38294,"Pizza, Margherita, Rice Crust"
38295,Habanero Roasted Tomato Salsa
38299,Mini Italian Eggplant
38300,Tall Kitchen Bag With Febreze Odor Shield
38303,Almond Paleo Bread Non GMO Gluten Free
38310,Organic Orange Soda
38311,Lemon Love Juice Drink
38312,Almond Milk Strawberry Yogurt
38313,Organic Apple Banana GoGo Squeez
38318,Original Flavor Instant Oatmeal
38322,Oil Free Original Hummus
38341,Flavor Blasted Xtra Cheddar Baked Goldfish Crackers
38342,Fancy Sliced Water Chestnuts
38343,Salsa de Chile Fresco
38344,Organic Montebello Orecchiette Italian Pasta
38346,Calming Magnolia & Cherry Blossom Scented Oil Refills
38353,Blue Cheese Dressing
38355,Mighty Sticks Fruit and Veggie Snacks
38357,Original Multigrain Crackers
38371,Plus Lotion Facial Tissues
38374,Milk and Cookies Ice Cream
38380,Earl Greyer Black Tea Bags
38381,Lavender Scent Multi-Surface Cleaner Concentrate
38383,Organic White Onions
38387,Vanilla Bite Size Wafer Cookies
38395,BBQ
38400,Asparation/Broccolini/Baby Broccoli
38408,Mrs Meyers Dish Soap Rosemary
38415,"Lean Pockets Applewood Bacon, Egg & Cheese Frozen Sandwiches with Whole Grain Crust"
38416,Garden Vegetable Cream Cheese Spread
38419,Parsnip
38426,Organic Cotton Balls
38430,Protein Power Cold Pressed Fruit Smoothie
38433,Glacier Freeze
38439,Mara Natha Organic Peanut Butter Creamy
38443,"Handsaver Gloves, Large"
38444,Chardonnay
38451,ProActive Health Adult Large Breed Weight Control Premium Dry Dog Food
38452,Organic Whole Milk Washington Black Cherry Yogurt
38453,Reduced Fat Chocolate Milk
38454,Non-Alcoholic Margarita Mix
38456,Large Grapefruit
38465,Lime & Sea Salt Tortilla Chips
38469,Lemongrass Tempeh Laab
38470,Mild Taco Seasoning Mix
38473,Dark Coconut Toffee Organic Chocolate
38475,Original Graham Crackers
38476,Black Bean Chipotle Veggie Burger Patties
38480,Organic Gluten Free Cranberry Crunch Bar
38483,Antibacterial Concentrated Dish Soap
38488,Coco Cream of Coconut
38490,Coconut Water Organic
38504,Belgian Endive
38506,Roasted Garlic & Onion Pasta Sauce
38508,Lightly Salted Kettle Potato Chips - Sea Salt
38510,Organic Celery Bunch
38511,1 Ply Paper Towels
38523,Large Flap Top 30 Gallon Trash Bags
38531,Organic Sweet Potato Multigrain Tortilla Chips
38533,Creamy Deluxe Macaroni Dinner Elbows & Four Cheese Sauce
38534,"Organic Blueberry, Beet & Banana Baby Food"
38539,Beef Brisket Flat Cut
38544,Organic Whole Milk Strawberry Beet Berry Yogurt Pouch
38548,Gala Apple
38553,"Bean, Rice and Cheddar Burrito"
38557,Citrus Mandarins Organic
38558,Organic Low Fat Cottage Cheese
38562,Pomegranate Arils
38563,Mint Chocolate Chip Ice Cream
38567,Hearty French Country Vegetable Soup
38569,Old Vine Zinfandel Wine
38579,Original Style Yoghurt Plain
38580,Kettle Cooked Sea Salt & Vinegar Flavored Potato Chips
38583,Vegetarian Organic Garbanzo Beans Low Sodium
38584,Chesapeake Dark Chocolate Pecan Cookies
38590,Organic Breaded Chicken Breast Nuggets
38593,Classic Fajita Skillet Sauce with Chipotle and Lime
38596,Part Skim Ricotta Cheese
38608,Lowfat Cottage Cheese 2%
38609,Beef Short Ribs
38612,The Vegan Caesar
38615,Cheese & Garlic Texas Toast Croutons
38618,Organic Chunky Vegetable Soup
38620,Sparkling Clementine Beverage
38622,Cheddar Snack Crackers Cheddar Bunnies
38635,Steamed Baby Beets
38636,Flamin' Hot Fries $2 Only Corn & Potato Snacks
38644,Organic Thai Basil
38647,Organic Raw Sharp Cheddar Cheese
38650,Organic Red Lentils
38651,Authentic Cornbread & Muffin Mix
38652,Yerba Mate Orange Exuberance Tea
38653,100 Calorie Pineapple Coconut Blended Greek Yogurt
38656,Gluten Free Peanut Butter Dark Chocolate Chewy With a Crunch Granola Bars
38657,Za'atar Veggie Burger
38662,Roasted Almond Butter
38664,Peach Iced Tea
38672,Hazelnut Fat Free Liquid Coffee Creamer
38679,Peanut Butter Fudge Core Ice Cream
38683,Organic Apple Cider Vinegar Ginger Spice All Natural Drink
38688,Vegan Lemon Herb Salad Dressing
38689,Organic Reduced Fat Milk
38692,100% Natural Fruit Chew C Chewable Wafers Tangy Orange
38693,Meyer Lemon
38701,French Roast Coffee K-Cups
38704,Organic Fair Trade 70% Dark Chocolate with Sea Salt
38712,Soothing 84% Aloe Vera Hand & Body Lotion
38714,Chocolate Vanilla Swirls Pudding Snacks
38720,Real French Vinaigrette Dressing
38723,Diced Tomato
38726,Dill Sandwich Pickle Slices
38727,"Merlot, Columbia Valley, 2007"
38729,Original Detergent
38730,Brownie Crunch High Protein Bar
38731,Decaffeinated Green Tea
38734,Wheat Sandwich Thins
38738,Mints Pep O Mint
38739,Hass Avocado
38746,1000 Roses Pearl Exfoliator for Sensitive Skin
38747,Kettle Cooked Sea Salt & Vinegar Potato Chips
38750,"Protein Bar, Chocolate Pretzel"
38755,Lentil Beans
38763,Caramel Syrup
38768,Sweet Kale Salad Mix
38770,Chopped Green Chiles
38772,Provolone
38773,Organic Brown Rice Bowl
38775,Blueberry Muffins
38777,Organic Green Seedless Grapes
38787,Zesty Italian Dressing & Recipe Mix
38789,Peanut Butter Cups Minis
38793,Pretzel Snaps Pretzel Packs
38795,Clearly Crafted Zucchini Apples Quinoa & Basil Baby Food
38797,Chicken Stock
38798,"Automatic Dish Packs, Basil Scent"
38809,Lavender Lemonade
38812,100% Whole Wheat Oatmeal Bread
38817,Sugarfree
38818,Slim Can Cola
38819,Shoestrings French Fried Potatoes
38820,Organic Red Lentil Penne Pasta
38824,Deli Sliced Swiss Cheese
38827,Organic Traditional Flour Tortillas
38834,Organic Razzi Raspberry Frosted Toaster Pastries 6 Count
38837,Crispy Chick'n Sliders
38838,Purely O's Organic Cereal
38844,Oatmeal Raisin Walnut Energy Bar
38847,Organic Whole Kernel Unrefined Coconut Oil
38849,Homestyle Some Pulp 100% Florida Orange Juice
38856,Real Vegetable Chips Mediterranean Herbs & A Hint Of Lemon
38866,Lite Gingerly Vinaigrette Dressing
38871,Lemon Iced Tea With Real Sugar
38873,Calorie Free Seltzer Water
38875,Gluten Free Pancake Mix
38876,Milk Chocolate Mini Eggs
38879,"Tostada Bowls, 6\"""
38881,Shredded Iceberg Lettuce
38883,Artichoke And Jalapeño Dip & Spread
38886,Pomegranate Blackberry Probiotic Juice Drink
38890,No Pulp Calcium & Vitamin D Pure Premium 100% Pure Orange Juice
38892,Toll House Butterscotch Morsels
38895,Super Natural Organic Reduced Fat 2% Milk
38908,Dairy Free Mocha Almond Fudge Frozen Coconut Milk
38911,Fun Size Variety Mix
38912,Traditional Sage Stuffing Mix
38925,Lightly Smoked Portuguese Sardines in Cayenne Pepper with Extra Virgin Olive Oil
38926,Roasted Peanut Oil
38927,Lipton Lemon Iced Tea
38928,0% Greek Strained Yogurt
38930,Mini Chocolate Frosted Donuts
38936,1st Foods Bananas Baby Food
38941,Yogurt Honey Peanut Energy Bar
38944,Seven Grain Crispy Tenders
38946,Everyday Original Turkey Bacon
38948,Petit Ecolier Milk Chocolate Biscuits
38949,Febreze Fresh Clean Garbage Bags
38959,"Smoothies, Strawberries Wild"
38963,"Crackers, Baked, Mediterranean, Sea Salt"
38964,Red Pepper Stuffed Green Olives
38966,Unsalted Peanut Butter Filled Pretzels
38967,Cauliettes Culinary Cuts
38984,Kale & Spinach Superfood Puffs
38985,Organic Stage 4 Spinach Mango & Pear Baby Food
38988,White English Muffins
38990,Bean & Cheddar Burrito
38995,Pomelo Grapefruit & Aloe Appeal
38996,Grape Tomatoes
38997,Original Soymilk
39001,Organic Avocados Hass Variety
39002,Sparkling Apple Cider
39005,100% Whole Wheat Farfalle No. 87
39010,Premium Pink Lemonade Concentrate
39013,Smoked Fresh Turkey Kielbasa
39015,Original Snack Size French Twists
39019,Reduced Sodium Fat Free Chicken Broth
39021,Large Elbow Macaroni
39023,Salt & Vinegar Potato Crisps
39024,Edamame In Pod
39029,Breathe Easy Herbal Tea Bags
39032,Hearts Of Romaine
39035,Stage 1 Just Peaches Baby Food
39037,Quick & Easy Fresh Green Beans
39040,Organic Sliced Crimini Mushrooms
39041,Original Wheat Thins
39046,Smok Cured Turkey Bacon
39050,Toasted Wheat & Sesame Crackers
39051,Organic Tropical Fruit Blend
39054,Unsweetened Cocoa Powder
39055,Mild Salsa Roja
39059,Extra Long Grain Enriched Rice
39067,Cherubs Snacking Tomatoes
39071,Walnuts
39072,Organic Whole Peeled Tomatoes with Basil
39076,Salsa Casera
39078,Air Effects Meadows & Rain Air Freshener
39083,Assorted Food Color and Egg Dye
39092,Smart Sandwich
39094,Barbeque Potato Chips
39097,Gluten Free White Sandwich Bread
39099,Egg & Green Chile Burrito
39101,Friendo Blendo Espresso Beans
39108,Pulp Free Orange Juice
39113,Baby Sugar Snap Peas
39115,Pink Grapefruit Sparkling Natural Mineral Water
39116,Ginger Snap Granola
39117,Lemon Ultra Dishwashing Liquid
39121,Organic Jasmine Rice
39126,Berry 100% Juice
39127,Classic Crust Pepperoni Pizza
39130,All Natural Roasted Garlic Pasta Sauce
39132,Plastic Cup Squared Base - 30 CT
39134,All Natural Red Tomato Mild Salsa Mexican with Green Chile & Cilantro
39142,Old Fashioned Oats
39146,Original Flax Milk
39147,Shiitake Mushrooms
39152,Wild Caught Sardines in Extra Virgin Olive Oil
39156,"Salsa, Verda, Medium"
39160,Kefir Cultured Strawberry Milk Drink
39162,Clean Day Basil Hand Soap
39170,Oatmeal Crème Pies
39174,Honey Nut Cheerios Medley Crunch Cereal
39178,Organic Blood Orange Energy Drink
39180,Organic Lowfat 1% Milk
39182,"Soup, Traditional, with Tofu"
39185,Honey Buns
39190,Vanilla Unsweetened Almond Milk
39194,Bean & Rice Chips sea salt
39199,Tangerine Lemongrass Sparkling Water
39200,Wild Sweet Orange Herbal Tea
39216,Original Multigrain Spoonfuls Cereal
39219,Artichoke Quarters
39220,Skin Relief Body Wash Fragrance Free
39225,Golden Fishless Filet
39228,Gluten Free Uncured Pepperoni Pizza
39236,Beef Jalapeno Sea Salt Bone Broth
39245,No Salt Wild Albacore Tuna
39247,Mango
39249,Organic Persian Cucumber
39250,Essential Orange-Orange Vitamin Water Drink
39252,Beyond Natural Cat Food White Meat Chicken & Whole Oat Meal Recipe
39253,Go Chia! Organic Raw Chia Seeds
39256,"Cheese, Sausage, and Pepperoni topped Mini Bagels"
39264,Mini Madeleines French Sponge Cakes with Chocolate Chips
39275,Organic Blueberries
39276,Bananas
39279,Fat Free Smart Ground Mexican Style Taco Protein Crumbles
39280,White Big Roll
39281,Baked Scalloped Potatoes
39282,Oven Baked Scoops Tortilla Chips
39284,Organic Vegetarian Traditional Refried Beans
39285,Vanilla Raspberry Swirl Frozen Yogurt
39299,Organic Chocolate Chip ZBar Kids Energy Snack
39301,Extra Firm Tofu
39303,Organic Sea Salt Potato Chips
39322,Caramel Almond and Sea Salt Nut Bar
39326,Smart Water
39327,Coolmint® Antiseptic Mouthwash
39332,Dried Mangoes
39335,"Pasta Sauce, Original, Traditional"
39338,Yuzu Ponzu Dressing
39342,Rectangular King Roaster With Handles Foil Pan
39351,Made with Extra Virgin Olive Oil Pesto sauce with Basil
39352,Cream Of Celery Condensed Soup
39356,Whole New Potatoes
39363,Uncured Bacon & Pork Bar
39364,Golden Margarita
39365,French Vanilla Syrup
39369,Ultra Free & Gentle Fabric Softener
39370,Honey Peanut Butter Hot Oatmeal Bowl
39371,"Natural Laundry Stain Remover, Free & Clear"
39374,Sea Salt
39380,Variety Pack Sandwich Crackers
39383,Freeze-Dried Cilantro
39388,"Organix Adult Dry Dog Food, Chicken Brown Rice & Flaxseed"
39394,Rich Frosted Donuts
39397,Chicken in a Biskit Baked Snack Crackers
39408,Gala Apples
39409,"Ginger Root Beer, Naturally Flavored Zero Calorie Soda, Caffeine Free"
39411,Organic Cinnamon Harvest Cereal
39415,Garlic Granules
39424,Bacon Cheeseburger
39427,Apples + Strawberries Organic Nibbly Fingers
39428,Peaches Large
39429,Organic Large Flour Tortillas 6 Count
39430,New Mexico Taco Skillet Sauce For Chicken
39431,Cottage Cheese 4% Milkfat Minimum
39441,"Instant, Irish Oatmeal, Maple & Brown Sugar"
39442,Hot Kid Toddler Mum-Mum Organic Rice Biscuit Strawberry
39448,Cold Brew Coffee Mocha
39450,Oragnic Ginger Lemon Kombucha
39452,California Brown Basmati Rice
39459,Multi Surface Antibacterial
39461,Coffee Mate French Vanilla Creamer Packets
39462,Long Grain White Rice
39464,Craveables Pepperoni Pizza
39465,Cucumber and Green Tea Body Wash
39468,"Apples, Kale & Avocados Organic Baby Food"
39469,Organic Chocolate Flavored Syrup
39470,Children's Outrageous Orange Mango Natural Fluoride Toothpaste
39475,Total Greek Strained Yogurt
39481,Triscuit Brown Rice & Wheat Sea Salt & Black Pepper Crackers
39485,Organic Traditional Gluten Freen Quinoa
39487,Organic Hot Cocoa
39489,Light & Fit Nonfat Peach Yogurt
39491,Pirate's Booty Aged White Cheddar Baked Rice and Corn Puffs
39495,Cauliflower Rice
39496,"Variety Pack - Chocolate Chunk, Peanut Butter Chocolate Chip, S'mores Granola Bars"
39504,Vanilla Shake Packet
39509,Organic Sunny Citrus Bunny Fruit Snacks
39518,Curry Cauliflower Soup
39519,Dark Chocolate Peanut Butter Cups
39527,Chocolate Lowfat Milk
39529,Fuel High Chocolate Protein Shake
39534,Grilled Chicken Strips
39545,Corn Muffin Mix
39549,Ginger & Sesame Salad Dressing
39554,Original Light Flatbread Wraps
39557,Organic Premium Raspberry Spread
39558,Gold Potato
39560,Go Lean Crunch! Honey Almond Flax Cereal
39561,Crackers Cheddar Bunnies Snack Packs
39563,Healthy Pop Butter Microwave Popcorn
39564,Voila! 3 Cheese Chicken Dinner
39569,80% Dark Stone Ground Chocolate
39574,Thin Sliced Honey Ham
39577,Organic Garlic Dill Pickle Kraut
39578,Organic Go Go Apple Peach Applesauce
39581,French Vanilla Creamer
39582,Jumbo Butterfly Shrimp
39589,Grassmilk Organic Fat Free Milk
39596,Jalapeno Nacho Slices Hot
39599,Seasonal Blood Orange Yoghurt
39604,Turkey Breakfast Sausage Links
39605,Apricot Mango Juice
39612,Grated Pecorino Romano Cheese
39614,Pure Leaf Sweet Iced Tea
39619,Organic Tomato Basil Pasta Sauce
39620,Crunchy Taco Shells
39621,Organic Artichoke
39623,Organic Medium Chili With Vegetables
39628,Mascarpone
39635,Original Bloody Mary Mix
39636,With Bleach Cleanser
39637,Deep Dish Sausage & Gravy Pot Pie
39640,Dark Chocolate with Cinnamon Cayenne  & Cherries
39643,Organic Dairy Iron-Fortified Toddler Formula
39647,Quick'n Easy Combos Vegetable Stir Fry
39649,Dove Dark Chocolate Snowflake Promises
39653,Organic Split Green Peas
39654,Pain Reliever and Nighttime Sleep Aid Caplets
39656,California Grown Chopped Dates
39657,Milk Chocolate Almonds
39662,Gluten & Dairy FreeWheat  Pizza Dough
39667,Natural Shiitake Sesame Vinaigrette Dressing
39677,Cashews Roasted With A Handful Of Herbs
39678,Free & Clear Natural Dishwasher Detergent
39680,AdvanceCare Oral Electrolyte Solution - Cherry Punch
39681,Bun Length Skinless Beef Franks
39692,"Creamy Potato Leek Organic Soup,"
39693,Fresh Dill
39696,Vegetable Lasagna Light In Sodium
39699,Whole Wheat Shells & White Cheddar Macaroni and Cheese
39701,Adrenal Support Tonic
39702,Low Fat Milk
39704,One Chocolate Coconut Cashew Meal Bar
39708,Daybreak Morning Blend Light Roast Ground Coffee
39710,Decaf Caribou Blend Medium Roast Ground Coffee
39712,"Cinnamon, Whole"
39715,Organic White Peach
39719,"Freshly Made. Filled with Creamy Ricotta, Aged Parmesan and Romano Cheeses Three Cheese Tortellini"
39726,Smooth Ranch Dip
39727,Skin Food
39728,"8\"" Square Cake Pan"
39729,Organic Apple Cider
39732,Pitted Kalamata Olives
39734,Graduates Grabbers Apple & Sweet Potato With Cinnamon Baby Food
39736,Sensational Tasting All Natural Probiotic Rose Yogurt Drink
39739,Organic Nondairy Strawberry Cashew Yogurt
39742,Sun Dried Tomatoes with Italian Herbs
39748,Organic Whole Grain Infant Oatmeal Cereal with Bananas
39758,Chewy 25% Low Sugar Chocolate Chip Granola
39762,Chicken Sriracha Bar
39764,Fresh and Clean 2 in 1 Shampoo
39781,Original 7 Grain Crackers
39782,Organic Raspberry Mate Energy Drink
39783,18-in-1 Unscented Baby Mild Pure Castile Soap
39787,Smoked Wild Alaskan Coho Salmon
39791,Comfort Cheddar Bacon Chicken
39792,Beef Chuck with Sweet Onions Burgers
39794,Red Plum
39796,Babybel Gouda Semisoft Cheese
39799,Classic Ketchup
39802,Smart Pop! Butter Microwave Popcorn
39804,Creamy Balsamic Dressing
39806,Medium La Vieja Salsa
39812,Organic Thyme
39813,Rice Sea Salt & Pepper Snacks
39814,Hawaiian Style Teriyaki Chicken Bowl
39820,Advance Infant Formula with Iron On-the-Go
39831,Organic Black Bean Rotini Pasta
39832,Rise Krisipies Toasted Rice Cereal
39836,For Normal Hair Pure Clean Conditioner
39844,Mini Sweet Peppers
39845,Rising Crust Cheese Pizza
39850,Sesame Street Organic Original Cruchin' Cracker
39858,Hydrogen Peroxide
39859,Soft White Bread
39861,Flax Plus Hot Oatmeal
39863,Organic 2% Milk
39864,Gluten Free Vanilla Cake Mix
39871,Organic Orange Mango Juice
39877,Organic Granny Smith Apple
39884,Calorie Free Pancake Syrup
39889,Light Squeeze Mayonnaise
39890,"Stock, Roasted Chicken"
39891,Steamers Broccoli & Cheese Sauce
39892,No Stir Creamy Coconut Almond Butter
39898,Smart Ones Slow Roasted Turkey Breast
39905,Vegan Dark Chocolate Ice Cream
39906,"Bare Almond Butter, Crunchy"
39911,Sensible Foods Kale Veggie Burgers - 4 CT
39921,Lemon Lime Soda
39922,Celery Sticks
39928,Organic Kiwi
39929,Organic Heirloom Tomatoes
39931,Baby Bee Original Nourishing Lotion
39932,"Pure-Castile Soap, 18-in-1 Hemp, Eucalyptus"
39936,Dark Espresso Roast Whole Bean Coffee
39942,Serenity Bubble Bath
39947,Blackberry Cucumber Sparkling Water
39953,Grands! Southern Homestyle Buttermilk Biscuits
39954,Organic Strawberry Spread
39958,Organics Gummy Bears
39964,Assorted Bagels
39972,Chocolate Fudge High Protein Bar
39975,Taco Seasoned Ground Turkey
39977,Pumpkin & Spinach Stage 2 Baby Food
39979,Chicken and Liver Canine Cuisine Wet Dog Food
39982,Sausage  Links
39984,Organic Dill
39985,Kung Pao Sauce
39988,Sliced Smoked Atlantic Nova Salmon
39990,Vegetable Fried Rice
39991,Seedless Grapes Green
39993,Vine Ripe Tomatoes
40001,Vanilla 0% Milkfat Yogurt
40002,Strawberry Ice Cream
40008,Organic Brown Rice Pasta Rotini
40009,Red Seedless Grapes Bunch
40010,Rolled Fillets Of Anchovies
40012,"Coconut Water, with Pulp"
40015,Best Grillin Steakhouse Recipe Beans
40017,Lasagna
40018,Protein Peanut Butter Cups
40019,Cocoa Butter Petroleum Jelly
40021,Kix Crispy Corn Puffs Cereal
40022,G2 Low Calorie Lemon Lime Sports Drink
40023,Relaxing Chamomile Body Wash
40027,"Fabric Softener Sheets, Fresh Linen scent"
40028,Deluxe Cinnamon Raisin Bagels
40054,Organic Tagliatelle Traditional Egg Pasta
40055,Unbleached Bread Flour
40063,Gluten Free Chocolate Chip Cookies
40069,"Soup Mix, Split Pea, with Seasonings"
40073,Fuji Apple
40078,Strawberry Lemonade Frozen Pops
40086,Morning Burst Hydrating Facial Cleanser
40087,12 Oz Beer
40102,Nutrisca Chicken And Chickpea Recipe Dog Food
40104,"Stevia, Organic"
40108,Garlic Stuffed Queen Olives
40110,Giraffes Diapers Size 4 L
40120,Organic Multigrain Bread
40127,Golden Potato Hot Dog Buns
40131,Original Laundry Detergent
40133,Tuscan Flair Smoked Chicken Breast with Cheese & Almonds Small Snack Plate
40136,Original Taco Seasoning Mix
40139,Mayan Harvest Bake
40145,"Pumpkin, Sweet Potato and Pear Fruit and Veggie Blend"
40146,Almond Milk Hazelnut Creamer
40153,Free & Clear Unscented Refill Value Packs  Baby Wipes
40154,Puerto Rican Rum
40156,Sheep Milk Plain Yogurt
40167,Focaccia With Olive Oil & Rosemary
40168,Sweet Kernel Corn
40171,Organic Sweet Vanilla Bean Nutrition Complete Protein Shake
40173,Organic Gluten Free Rigatoni
40174,2% Reduced Fat Organic Milk
40177,Original Thin Sausage Pizza
40179,Chia Pod Coconut
40180,Non-Dairy Chocolate Frozen Dessert Bites
40182,Sambucus Organic Elderberry + Vitamin C Zinc Lozenges
40185,Tomato Puree
40186,Jalepeno Havarti Style Block
40187,Toffee Bars
40189,Steamers Healthy Weight Vegetable Blend
40196,2-Ply White Tissues
40198,Blueberry Yoghurt
40199,Chocolate Chip Cookies
40203,Mint Chip Ice Cream
40208,Sliced California Olives
40214,90 Calorie Chocolate Fudge Brownies
40215,Banana Cinnamon Frozen Pops
40218,Chocolate Chocolate Chip Muffins
40219,Turkey Breakfast Sausage Patties
40223,Chewy Yogurt Strawberry Granola Bars
40228,Top Sliced Hot Dog Buns
40229,Organic Whole Wheat Penne Rigate
40232,Boneless Pork Loin Chops
40233,Organic Kosher Dill Pickles
40236,Diet Cherry Coke
40241,Gluten Free  Chocolate Chip Muffins
40251,Tuna Fillets in Spring Water
40252,Spirulina Powder
40255,Vegetable Tray With Ranch Dip
40256,Cinnamon Sticks
40261,Extra Crunchy Peanut Butter
40262,Allergy And Congestion Relief Tablets
40268,Organic Wheat-Free & Gluten-Free Original Crackers
40271,Zesty Dill Spears
40277,Fit N Easy Ground Chicken Breast
40278,Special K Original
40279,Bean Sprouts
40281,Peanut Butter & Chocolate Muddy Buddies Chex Mix
40283,Beef Tamales In Chili Sauce
40285,Traditional Snack Mix
40287,Original Potato Crisps
40289,Organic Flax Plus Multibran Flakes Cereal
40300,Chicken Alfredo
40310,Oven Roasted Turkey Breast
40311,Organic Mixed Baby Kale Salad
40312,Organic Lime Bag
40313,Classic Lighters
40316,Ready Rice Roasted Chicken Flavored
40317,Echo Caviar
40319,Pure Almond Extract
40329,Turkey Gravy
40332,"Cage Free Brown Eggs-Large, Grade A"
40333,Tamari Seaweed Brown Rice Snaps
40334,Organic White Pita Bread
40338,Leafy Green Romaine Lettuce
40345,Gluten-Free Smart Puffs Real Wisconsin Cheddar Baked Cheese Puffs
40348,Large Burrito Flour Tortillas
40349,MotionSense Dry Spray Shower Clean Anti-Perspirant
40354,California Clementines
40360,Buckwheat Soba Noodles
40376,Steamfresh Sweet Peas
40377,Unrefined Virgin Coconut Oil
40380,Light and Lean Meatless Swedish Meatballs With Broccoli And Pasta
40386,Major Dickason's Blend Whole Bean Coffee
40388,Smoreables Graham Style Crackers
40396,Guacamole
40397,Organic Royal Rainbow Quinoa
40403,Fancy Feast Seafood Feast Variety Classic Wet Cat Food
40411,Calm Chamomile Herbal Tea
40415,Fajitas Seasoning Mix
40417,Organic Dill Relish
40436,Fresh Mozzarella Ovolini Packed In Water
40448,Naturally Raw Honey
40449,Blueberry & Purple Carrot Teething Wafers
40451,Breakfast Pack
40454,Marketplace Vermont White Cheddar Mac & Cheese
40458,Dark Chocolate Dreams Peanut Butter
40459,Old Fashioned Smooth Peanut Butter
40462,Cleanse
40464,Free Range Chicken Organic Soup
40467,Organic Spinach And Cheese Ravioli
40469,Strawberry Flavored Organic Z Fruit Rope
40470,Basil Leaves
40472,Spicy Bread and Butter Pickles
40479,Organic Taco Seasoning
40485,Brussels Sprout
40486,Chicken Tenders
40488,Peach Pear Sparkling Water
40489,Pralines 'n Cream Ice Cream
40490,Frozen Breaded Bagged Chicken Nuggets
40501,"Salsa, Verde, Roasted"
40506,Pop Gun Pilsner
40513,Nice 'n Easy Root Touch-Up 005 Medium Brown
40516,Organic Romaine Hearts
40519,Jasmati Long Grain American Jasmine Rice
40525,Vanilla Mint Foaming Hand Soap
40529,Red Wax Gouda Cheese
40530,Soothing Caramel Bedtime Tea
40531,Spinach & Ricotta Ravioli
40534,In Rich Tomato Sauce Vegetarian Beans
40538,Clean Comfort Antiperspirant Deodorant
40541,Sparkling Probiotic Drink Mojita Lime Mint Coconut
40542,"6\"" Yellow Corn Tortillas"
40545,Berry Medley
40549,Fresh Mint Total Care Anticavity Mouthwash
40554,Oat Blueberry Lemon Whenever Bars
40556,Cornbread
40557,Rice Pilaf
40559,Celery Salt
40565,Total Advanced Whitening Toothpaste
40568,Paleo Pancake & Waffle Mix
40571,Total 2% Greek Strained Yogurt with Cherry 5.3 oz
40574,Rice Cereal
40581,Snack'mms Kosher Dill Pickles
40583,Non Fat Plain Goat Yogurt
40584,Black Japonica Rice Blend
40586,Natural Goodness 100% Fat Free Chicken Broth
40587,Light & Lean Sweet & Sour Asian Noodle Pasta
40589,Lemonlime Electrolyte Tabs
40591,Creamed Spinach Steamers
40592,Ultra Soft Facial 3-Ply White Facial Tissues
40593,Cream Cheese
40599,"Macadamias, Maui Onion, Sweet"
40600,Cheese Stuffed Crust Pepperoni Pizza
40603,Fabric Softener Sheets
40604,Feta Cheese Crumbles
40605,Bombay Potatoes Vegetarian
40606,Fat Free Half & Half Ultra-Pasteurized
40613,Original Dark Jamaican Rum
40614,Gypsy Cold Care Herbal Tea
40616,Triple Action Dish Liquid Orange
40621,Broccoli & Cauliflower
40623,Facial Tissues Boxes
40625,"Red Beans, Small"
40632,Brown Rice Snaps Black Sesame
40633,Decadent Classic Yellow Cake Mix
40634,Indian Dal Golden Lentil Soups
40635,Linguine Lentil & Quinoa Supergrain Pasta
40642,"Total Care Stain Remover Anticavity Mouthwash, Fresh Mint"
40646,Jicama Sticks
40648,Sparkling Water Beverage Black Cherry
40659,"Fries, Broccoli"
40660,Almond Butter Smooth
40663,Ricotta Original Cheese
40664,WetJet Wood Floor Cleaner Refill Blossom Breeze
40670,Half N Half
40674,Peas & Carrots
40678,Citrus C Monster Smoothie
40683,Fresh Ricotta
40685,Cavity Protection Natural Baking Soda Peppermint Fluoride Toothpaste
40688,Spinach Artichoke Dip
40691,Whole Jersey Milk Low Pasteurized
40706,Organic Grape Tomatoes
40708,Fennel
40709,Sea Salt & Vinegar Potato Chips
40710,Banana Chocolate Chip Muffins
40711,Mrs Fields Cookie Sandwich Ice Cream
40721,Organic Creamy Buckwheat Hot Cereal Gluten Free
40723,Organic Cripps Pink Apples
40724,Soy Free Buttery Spread with Olive Oil
40725,Gluten Free Fusilli Brown Rice Pasta
40742,French Roast Whole Bean Coffee
40746,Honey Battered Breast Tenders
40749,Organic Green Tea Bags
40752,Peony & Plum Liquid Hand Soap
40756,Matcha Latte
40758,"Kelp, Wild Atlantic Kombu"
40760,"Storage Bags, Reclosable, Gallon Size"
40761,Pomegranate Seeds
40763,Pumpkin Yoghurt
40767,"Milk Chocolate Candy, Party Size"
40770,Sweet Peas Valley Fresh Steamers
40772,Mixed Nuts
40775,Organic Linguine
40777,Concentrated Cold Brew Coffee
40786,Red Anjou Pear
40787,"Bread, Healthy Multi-Grain"
40788,Organic Black Bean Soup
40793,EPS Intestinal Immune Function
40794,Temptations Cat Treats - Creamy Dairy
40795,Lemon Sparkling Mineral Water
40800,Gluten Free Rice Bread
40808,Chicken Apple Sausage-Egg & Smoked Gouda-Caramelized Onion & Roasted Potato Breakfast Burrito
40812,Condensed Cream of Potato Soup
40815,"Hot (101305, 101352) Italian Sausage"
40820,Vietnamese Brown Rice Noodle Soup Gluten Free Shitake Mushroom
40821,Organic Mayonnaise with Olive Oil
40822,Peanut Butter Chocolate Chip Ice Cream
40824,Vegan Sour Cream & Onion Kettle Chips
40825,Havarti Cheese Slices
40826,Manhattan Style Whole Kosher Pickles
40829,Neapolitan Ice Cream
40830,Activia Nonfat Light Strawberry Yogurt
40831,Allergy 24 Hour 10mg Posted 10/28/2013 Dissolve Tabs
40836,Anaheim Pepper
40838,Beef Stroganoff Sauce Mix
40849,Vegan Raw Garlic Fluffy Spread
40852,Lactose Free Fat Free Milk
40862,Organic Blue Corn Tortilla Chips With Flax Seed
40865,Toll House Chocolate Chip Cookie Dough
40868,Zero Calorie Orange Soda
40871,Milk Chocolate with Almonds
40873,Whole Star Anise
40878,Macaroni And Cheese
40881,Fusilli Col Buco
40882,2nd Foods Nature Select Blended Fruits with Oatmeal
40884,Zipper Sandwich Bags
40885,Old Fashioned Kettle Corn Popcorn
40891,Flex 4 Four Blade Disposable Razor for Men
40897,Kale
40898,Vanilla Caramel Fudge Ice Cream
40905,Tequila Silver
40910,Root Beer
40914,Pillsbury Funfetti Frosting
40917,Beef Rice Mix
40923,Eucalyptus & Peppermint Balancing Argan Shampoo
40925,Ultra Concentrated Original Scent Dishwashing Liquid
40931,Zesty Nacho Kale Chips
40939,Drinking Water
40941,Purple Heirloom Potato Chips
40943,Colombia Ground Coffee
40945,Baking Chopped Pecans
40954,Enriched Hamburger Buns Sesame
40961,Fresh Salsa
40963,Odorshield 13 Gallon Tall Kitchen Trash Bag With Febreze Freshness
40969,Pure Clover Honey
40974,Chopped Garlic
40986,Raspberry Sorbet Pops
40989,Raw Unsalted Sunflower Seeds
40992,Chopped Tomatoes
40997,Lemon Sparkling Mountain Spring Water
41005,Indian Mattar Tofu
41006,Organic Onion Powder
41007,Toffee & Sea Salt Milk Chocolate Bar
41013,Healthy Request Grilled Chicken & Sausage Gumbo RTS Soup
41018,AA Alkaline Max Batteries
41019,Cajun Turkey
41024,Tikka Masala
41039,Cut Broccoli
41043,Medium Toothbrush
41047,Tropical Tango Punch Organic Juice Drink
41053,Morning Fresh Fabric Softener
41055,Organic Red Wine Vineger
41057,Soft-Baked Ripe Strawberry Cereal Bars
41058,Tropical Gold Chunks All Natural Pineapple
41063,Chia Protein Bar Dark Chocolate Coconut Sea Salt
41065,Organic Yellow Squash
41066,Mild Organic Salsa
41072,Premium Size Your Own White Paper Towels - 3 CT
41079,1.5% Milkfat Grade A Pasteurized Lowfat Cottage Cheese
41083,Gluten Free Wheat Free Pancake & Waffle Mix
41090,Calcium Citrate
41091,Donettes Frosted Devil's Food Mini Donuts
41093,Sugar Free Dry Rub Bacon
41096,Complete Foaming Coconut Water Antibacterial Hand Soap
41106,Tiramisu
41117,Coconut Almond Chocolate
41120,Prime Fillet Solid White Albacore in Water
41124,Ranch Potato Crisps
41125,Organic Apple Cider Vinegar
41129,All-One Baby Unscented Pure-Castile Bar Soap
41131,India Pale Ale
41135,Shaved Brussels Sprouts
41136,Fruit Chews
41140,Dairy Free Cream Cheese Style Spread Chive & Onion
41148,Hard Cooked Eggs
41149,Organic Riced Cauliflower
41150,"Giardiniera, Italian Mix"
41165,Cheese Puffs
41168,Sliced Prosciutto Piccante
41169,Organic Crushed Tomatoes No Salt Added
41170,"Baguette, Pretzel, European Style, Butter & Sea Salt"
41176,American Slices Cheese
41177,Sea Salt Roasted Seaweed
41178,Natural Finely Shredded Triple Cheddar Cheese
41192,Enhanced Water
41195,Crescent Rolls Original
41198,Classic Peanut Butter
41212,Flax Milk Dairy Free Protein+ Unsweetened Vanilla
41213,French Loaf
41216,Premium Cod Fish Sticks
41217,Antioxidant Infusions Tanzania Lemonade Tea
41218,100% Whole Wheat No Salt Added Matzos
41220,Organic Romaine Lettuce
41223,Pods Spring Meadow Scent Laundry Detergent Pacs
41233,Riced Cauliflower
41237,Raspberry Coconut Oatmeal Fruit Squeeze
41238,Parmesan Couscous Mix
41248,Vanilla Al'mondo Protein Shake
41249,Ricotta Whole Milk Cheese
41259,Poblano Pepper
41264,Meal Starters Grillers Crumbles
41271,O'Soy Fruit on the Bottom Blueberry Organic Soy Yogurt
41272,Mandarin Oranges in Light Syrup
41273,Broccoli Florets
41276,Energy Drink
41277,French Bread
41278,Pomegranate Cherry Sparkling Seltzer Water
41289,Super Seedz Sea Salt Shelled Gourmet Pumpkin Seeds
41290,Lemonade
41291,Nuts And Seeds Energy Bar
41293,Hot Link Sausage
41299,Microwavable Petite Carrots
41302,Honey Barbecue Sauce
41315,Organic Handmade Granola
41316,Saran Cling Clear Plastic Wrap
41319,Sea Salt Caramel Gelato
41322,Puff Pastry Raspberry Turnovers
41325,Organic Raw Cashews
41329,Carrot And Celery Sticks
41338,Organic Black Pepper
41339,Allure Mangosteen & Mango Aloe Juice
41340,Habanero Cherry Beef Bar
41345,Save our Swirled Ice Cream
41351,Family Size Naturally Flavored Whole Grain Oats Cereal
41352,Pure Cane Golden Brown Sugar
41354,All Occasion Classic White Paper Plates
41359,Organic Sparkling Black Cherry Beverage
41362,Lunchables Turkey & Cheddar with Crackers
41363,Tofu Spring Roll
41364,"Brown Rice, Organic"
41367,Frosted Mini-Wheats Blueberry Cereal
41372,Grated Parmesan Romano Cheese
41375,Organic Atage 3 Nibbly Fingers Mangoes Carrots
41376,Ground Veal
41377,Real Bacon Bits
41383,Family Size Hearts of Romaine
41385,Original Club Crackers
41387,Plastic Spoons
41388,Pure Almond Paste
41390,Major Dickason's Blend Dark Roast K-Cups
41392,Harvest Berry Chewy Granola Bars
41396,Smart Ones Creamy Rigatoni With Broccoli & Chicken
41400,Crunchy Oats 'n Honey Granola Bars
41406,Orange Soda
41408,Goat's Milk Cheese
41420,Valdobbiadene Prosecco
41423,Fresh Avocado Vinaigrette
41433,Fresh Roasted Tomate & Chile Asado Medium Salsa
41434,Vanilla Ice Cream Sandwiches
41437,Hearty Minestrone with Vegetables Soup
41445,Organic Vanilla RAW Protein
41452,Chicken & Gibblets Dinner Pate Canned Cat Food
41453,Eggo Buttermilk Pancakes
41458,Chocolate Miracle Tart
41463,Cannellini Beans
41468,Whole Carrots
41480,Lentils
41483,Smoked Paprika
41485,Natural 2% Milk Sharp Cheddar Cheese Chunk
41486,100% Pure Vegetable Oil
41488,Chocolate Milk
41500,"Culinary Stock, Vegetable"
41510,Cedarwood Body Wash
41515,Chocolate Coconut Meal Bar
41520,Deviled Egg Potato Salad
41527,Organic Mild Salsa
41534,Shredded Lettuce
41539,Variety Pack Hard Cider
41540,Organic Whole White Mushrooms
41541,Traditional Seitan
41543,Strawberry Dairy-Free Probiotic Drinkable Cashewgurt
41544,Organic Crushed Fire Roasted Tomatoes
41549,Burrata Mozzarela Cheese
41556,Pastry Kitchens Classic Puff Pastry
41557,Original Deli Style Pretzel Crackers
41561,Organic Potatoes
41565,Carrot Sticks
41570,Active Dry Yeast
41572,Donettes Mini Glazed Donuts
41583,Mild Cheddar Shredded Natural Cheddar Cheese Traditional Cut
41584,Cantaloupes
41588,Firm Tofu
41591,Vegetable Classics Lentil Soup
41593,Blue Cheese Crumbles
41594,Fresh Orange Juice
41596,Frozen Blueberries
41597,Organic Jumbo Eggs
41601,All Profits To Charity Pineapple Salsa
41602,Deli Select Ultra Thin Honey Ham
41603,Double Strength Energy Drink
41609,Select Pasta Sauce Marinara
41610,Arborio White Rice
41613,Gochujang Fermented Chile Paste Concentrate
41616,Spinach & Artichoke Parmesan Dip
41618,Gluten Free Uncured Frozen Pepperoni Pizza
41620,Shredded Smokey Barbecue Beets
41621,Lemon Ginger Tea Bags
41623,Organic High Fiber Oat Bran Hot Cereal
41624,The Complete Cookie Chocolate Chip
41629,Classic Melba Toast
41635,Selects Solid Light Tuna in Extra Virgin Olive Oil
41640,Reduced Fat Chocolate Chip Cookies
41642,Santa Cruz OG Sdls Red Raspberry Fruit Spread
41644,Multigrain Oatbran Cereal
41650,Dishwasher Detergent Liquid Lemon Scent
41651,Diet Orange Soda
41653,Biscuit & Sausage Gravy Breakfast Bowl
41658,Authentic French Brioche Hamburger Buns
41662,Quartered & Marinated Artichoke Hearts
41664,Gluten Free Raw Green Superfood Chocolate Drink Powder
41665,Organic Mexican Blend Finely Shredded Cheese
41666,Washable Disappearing Purple School Glue Sticks
41669,Paper Toilet Seat Covers
41674,Reduced-fat Soft Cream Cheese
41677,Flax Oil
41678,Beyond Chicken Southwest Style Strips
41680,Sweet Iced Tea
41682,Curate Pomme Baya-Apple Berry Sparkling Water
41690,California Cauliflower
41694,Free & Clear Bleach
41699,Dark Chocolate & Oats Granola Cookies
41700,Ocean Fresh Scent Disinfecting Wipes
41702,Tortilla Chips Nacho Cheese Flavored
41703,Mexicane Cola Beverage
41706,Ecos Dishmate Bamboo Lemon
41709,All-Natural Chunky Salsa Medium
41710,Bai Bubbles Guatemala Guava
41711,Ibuprofen Liqui-Gels
41714,Smooth & Balanced Pike Place Medium Roast Ground Coffee
41715,All Natural Thin & Crispy Uncured Pepperoni Pizza
41716,Jalapeno
41719,Indigo Blue Corn Tortilla Chips
41720,Fresh Mozzarella
41722,Original Thin Pepperoni Pizza
41725,Organic Light Blue Agave
41729,Sweet Grape Tomatoes
41743,Organic Shiitake Mushrooms
41745,Cooking Spray Coconut Oil
41756,Dark Chocolate Sea Salt
41757,Organic Air Chilled Whole Chicken
41758,Refill Size Peppermint & Tea Tree Hand Soap
41763,Turkey Gravy Mix
41771,Fresh European Style Baby Spinach
41772,Organic Jumbo Garlic
41774,XX Espresso Iced Coffee With Almond Milk
41776,Key Lime Pie Singles
41777,Extra Whitening Toothpaste
41779,Premium Plastic Wrap
41781,Imported Petits Toasts
41783,Meatloaf
41785,Organic Nine Mixed Grain Bread
41787,Bartlett Pears
41793,Mini Chocolate Chunk Cookies
41796,Cherry Cultured Lowfat Milk Kefir Smoothie
41797,Cocoa Classics French Vanilla & Chocolate Hot Cocoa Mix
41803,Uncrustables Peanut Butter & Strawberry Jam Sandwiches
41806,Organic Greek Whole Milk Blended Strawberry Yogurt
41808,Pure Leaf Unsweetened Real Brewed Tea
41809,Crunchy Sunflower Seed Bites Salt & Pepper
41810,Black Pearls Ripe Olives
41811,Refined Coconut Oil
41816,Bud Light Platinum Beer
41817,Mighty Bar Beef with Uncured Bacon & Apple Protein Bar
41825,Smooth & Silky Conditioner
41828,Dark Roast Instant Coffee
41834,Green Chile Enchilada Sauce
41836,Rainbow Crisps Fig And Olive Crackers
41837,Strawberry Banana Fruit Smoothie
41842,Organic Gluten Free Chia Plus with Quinoa & Amaranth Waffles
41844,Honey Nut Cheerios
41853,Red Hot Sweet Chili Hot Sauce
41855,Endless Summer Mix
41860,Sea Salt Baked Potato Chips
41863,Squared Cups
41868,Extra Fancy Braeburn Apples
41874,Villagio Marzano Heavenly Tomatoes
41880,Sliced Stewed Tomatoes
41889,Classic Bun-Length Wieners
41890,Organic Mesa Sunrise Cereal
41896,Lemon Zinger Herbal Tea
41906,Immune Support Supplement for Kids Assorted Fruit Flavored
41909,Bread & Butter Pickle Chips
41912,Old World Style Traditional Pasta Sauce
41917,Roasted Salted Pistachios
41920,Organic Fire Roasted Diced Tomatoes
41929,Gluten Free Comfort Chicken In Sweet BBQ Sauce Frozen Dinner
41935,Oil-Free Pink Grapefruit Cleansing Wipes for Acne Prone Skin
41950,Organic Tomato Cluster
41954,2nd Foods Apples
41958,Thyme Leaves
41960,"Organic Daikon Root, Bunch"
41963,Organic Kale Berry Smoothie Kickstart
41970,Vanilla Milk Chocolate Ice Cream Bars
41973,White Distilled Vinegar
41977,Special K Flatbread Egg Spinach & Cheese Medley Breakfast Sandwiches
41978,Pressed Hearty Greens Juice
41982,Italian Style Turkey Meatballs
41985,Biodynamic Tomato Basil Pasta Sauce
41990,Bagel Chips
41998,Lite Honey Mustard Vinaigrette Dressing Lite
41999,Cut Tulips (Choose Color)
42002,Pasture Raised Salted Butter
42004,Grilled and Ready Pulled Chicken Breast
42010,Artichoke Pesto
42013,Original Thins
42014,Marshmallow Creme
42016,Non GMO Organic Brown Eggs
42026,Mamma Bella's Recipe Garlic Bread
42028,"Pupusas, Black Bean & Sweet Corn"
42030,Thin Stackers Organic Red Rice & Quinoa Puffed Grain Cakes
42032,96% Lean Ground Beef
42040,Black Pepper Grinder
42042,Gluten Free 8 Grain Hot Cereal
42052,Lavender Hand Sanitizer
42058,"Cabernet Sauvignon, Central Coast, 2007"
42072,Rosemary Bread
42073,Extra Virgin Olive Oil Spread
42075,Lavender Multi-Surface Everyday Cleaner
42078,Zero Coke Soda Mini Bottles
42082,Ne Chevre Cashew Cheeze Pure
42085,Baby Food Pouch - Spinach Pumpkin & Chickpea
42091,Pesto Sauce
42093,Yogurt Covered Pretzels
42097,Calming Lavender Body Wash
42102,Natural Sunflower Seed Bread
42105,Compostable Basket Coffee Filters
42106,Pomegranate Terere
42110,Organic Macaroni Shells & Real Aged Cheddar
42117,Original Glass Cleaner With Ammonia-D
42118,Kid Z Bar Organic Honey Graham Energy Snack
42123,Sparkling Pineapple Coconut Probiotic Drink
42134,Israeli Couscous
42139,Fudge Mint Cookies
42144,V-Fusion Peach Mango Vegetable & Fruit 100% Juice
42145,Organic Seven Whole Grains
42153,Chicken Potstickers
42162,Organic Dark Chocolate Almond Granola Cereal
42165,Pizza Mac & Cheese
42169,Organic Unrefined Toasted Sesame Oil
42174,Light Style Soft Wheat Bread
42176,XL Symphony Candy Bar
42183,Super Antioxidant Green Tea
42185,Extra Strenght Antigas Chewable Cherry Crème
42189,Natural Slow Roasted Roast Beef
42191,G Series Perform Frost Glacier Cherry Sports Drink
42193,Chocolate Chip Cookie
42205,Organic Sweet Potato Fries
42208,"Organic Lemons, Bag"
42210,Soft Baked Oatmeal Raisin Cookies
42221,100% Premium Arabica Ground Coffee
42224,Coppertop AA Alkaline Batteries
42239,Kids Mac-N-Cheezy Fish Shaped Ravioli
42240,Ultra Soft Facial Tissues
42241,Organic Lightly Sweetened Sunflower Seed Butter
42242,Cacao Powder
42244,Total 2% All Natural Low Fat 2% Milkfat Greek Strained Yogurt
42248,"Coconut Milk, Classic"
42252,French Sandwich Rolls
42253,Chinese Five Spice
42265,Organic Baby Carrots
42273,Pearl Ultra Unscented Tampons
42274,Gourmet Mexican Salsa Roasted Corn
42282,Bag of Jumbo Yellow Onions
42285,"Beets, Phat"
42294,Certified Compostable Large Baking Cups
42295,Birthday Cake Flavor Sandwich Cookies
42300,Organic Vitality Snack Chia Squeeze Blackberry Bliss
42305,Dog Food With Beef in Meaty Juices
42307,Organic Reduced Fat 2% Cottage Cheese
42314,Ultimate Healing Aloe Skin Therapy Lotion
42315,Tomatillo
42318,Sun Dried Tomato Basil Chicken Sausage
42320,Imported Golden Greek Peperoncini
42323,Veganic Sprouted Ancient Maize Flakes
42333,White Cheddar Cheese Popcorn
42335,JavaJig Reusable Coffee Filter System
42342,Roasted Turkey Breast
42343,Extra Stout
42344,Vegan Lower Sodium Chicken Flavor Noodle Soup
42345,Baby Food Pouch - Roasted Carrot Spinach & Beans
42347,Caffeine Free Diet Cola All Natural Soda
42352,Swedish Meatballs
42353,Original Creamy Hot Wheat Cereal
42356,Strawberry Preserves
42360,Farmhouse Hearty White Bread
42363,Small Dog Targeted Nutrition Chicken Flavor
42364,Garden Herb Traditional Cut Croutons
42368,Organic Chicken Nuggets
42372,Pineapple on the Bottom Greek Yogurt
42374,Organic Deglet Nour Dates
42377,Bunny Ears Crisp Wafers in Milk Chocolate
42380,Organic Baby Foods Whole Grain Multi-Grain Cereal
42381,Caramelized Onion & Roasted Garlic Pasta Sauce
42382,Organic Sweet Potato And Buckwheat Noodles
42383,Thin Sliced American Cheese
42388,Essentials Organic Mighty Greens Juice
42389,Vegan Cheddar Flavor Squares
42392,Mozzarella di Bufala Campana
42403,Blueberry Bagels
42404,Multi Grain Waffles
42406,Multi-Surface Cleaner
42413,Classic Uncured Pepperoni Pizza
42415,Almond Soap Bar
42416,The Pounder Pretzels olde Tyme
42420,Restore Antiperspirant Deodorant
42423,Cheese Shredded Mozzarella Low Moisture Part Skim
42431,Cinnabon Cinnamon Rolls With Icing
42437,Spearmint Sugar-Fee Gum
42442,Blueberry Protein Bar
42443,Whole Milk With Vitamin D
42445,Organic Plain Whole Milk Yogurt
42447,100% Juice
42450,Macaroni & Cheese
42454,"Milk Chocolate, 33% Cocoa"
42455,House Blend Instant Coffee
42458,Organic Cinnamon Raisin English Muffins
42460,Plain Mini Bagels
42469,Pacific Cod Fillet
42470,Gluten Free Personal Size Pizza Crusts
42471,Organic Lowfat Chocolate Milk
42475,Unsalted Butter Quarters
42477,Pitcher Replacement Filters
42479,Almond Milk Ricotta
42483,Dried Manzanilla
42495,Pink Lady (Cripps) Apple
42500,Orange & Lemon Flavor Variety Pack Sparkling Fruit Beverage
42504,Original Seltzer Water
42507,Organic SprouTofu Medium Soft Tofu
42508,Gluten Free Plain Bagels
42509,Original Burger
42510,Roasted Red Peppers
42513,Protein Power Greens Smoothie
42518,100% Whole Grain Bread
42526,Master Brew Kombucha Lavender Melon
42529,Dishwand
42534,Classic White Lunch Plate
42535,Assorted Chocolate Miniatures Chocolate Candy Bars
42536,Gluten Free Original Granola
42548,Baby Boomer Fresh Creamer Potatoes
42551,Fettuccine Alfredo
42556,Slider Storage Quart Bags
42557,Crunchy Almond Butter
42562,Low fat Chocolate Milk
42568,"Oats, Gluten Free, Old Fashioned"
42578,Whole Milk Mozzarella Cheese
42579,Organic Pitted Prunes
42580,Chow Mein Noodles
42582,Milk Chocolate Chips
42585,Organic Extra Firm Tofu
42590,Cafe Steamers Creamy Chicken & Noodles
42598,Non-Fat Blackberry on the Bottom Greek Yogurt
42599,2-in-1 Dry Scalp Care Shampoo
42603,Infant Formula Powder
42605,Cheesy Rice & Broccoli
42606,Phish Food Frozen Yogurt
42611,Green Tea Green Ginger Tea Bags
42612,Pineapple Coconut Water 100% Juice
42613,Balsamic Vinaigrette
42615,Dark Chocolate With Sea Salt & Almonds
42617,Organic Great Northern Beans
42623,Bluebell Dish Soap
42625,"Flat Parsley, Bunch"
42629,Original Dried Cranberries
42633,Red Delicious Apple
42637,"Muffins, Flax, Wild Blueberry"
42644,Dusters Cleaner Refills
42645,Famous 50% Reduced Fat Beef Franks
42647,Organic Poultry Blend Herbs
42657,Garden Veggie Nuggets
42659,Crunchy Peanut Butter Builder's Bar
42660,Elegant Medleys Shredded White Meat Chicken Fare with Garden Greens in Savory Broth
42667,Thousand Island Dressing
42672,Sugar Free Raspberry Low Calorie Gelatin Snacks
42677,Ultra Apple Blossom Antibacterial Dish Liquid
42680,Chunky Chocolate Chip Flax Muffins
42693,Talenti Banana Chocolate Swirl Gelato
42697,Real Sweet Potato Vegetable Chips
42699,Gluten Free Quinoa Pasta Shells
42701,Organic Sour Cream
42706,Organic Dutch Chocolate Ice Cream
42710,Organic Nonfat Greek Yogurt With Raspberries
42719,Natural Premium Coconut Water
42728,Antibacterial Hand Wash with Moisturizers
42731,Original Citrus Sparkling Flavored Soda
42733,Mild Chili Seasoning Mix
42734,Tropical Fusion Liquid Water Enhancer
42735,Tomato Basil Soup
42736,Unsalted Butter
42737,Sweet Potato Noodles
42741,Red Velvet Ice Cream
42743,Vitaminwater Zero Variety Pack
42746,Chocolate and Caramel Candy
42756,Cranberry Walnut Bread
42757,Organic Noon Greens Juice
42760,Colombian Fair Trade Select Medium Roast K-Cup Packs Arabica Coffee
42764,Black Cherry Sparkling Water Beverage
42768,Organic Garbanzo Beans
42770,Blue Cheese Stuffed Olives
42784,Ceylon Orange Pekoe Black Tea Blend
42789,Natural Milk Chocolate Bar
42791,Minis to Go Natural Spring Water
42796,Broccoli Pot Pie With Cheddar Cheese Sauce
42803,Organic Apple Slices
42804,Fruit Punch Liquid Water Enhancer
42806,Spicy Sweet Chili Flavored Tortilla Chips
42809,Set & Refresh Starter Kit - Linen & Sky
42812,"Meal Bar, Superberry & Greens"
42813,Smoked Maple Ham
42814,Raw Cashews
42817,Strawberry Premium Mochi Ice Cream
42824,Black Eyed Peas
42825,Milk Chocolate Chips Baking Pieces
42827,"Egg White & Spinach Roasted Tomato, Potato & Cheddar Burrito"
42828,Whipped Cream Cheese
42829,Vanilla Chocolate Almond Crunch Bar
42834,Organic Mini Peeled Carrots
42837,Hair Conditioner
42840,Glow Vegetable & Fruit Juice
42843,Original Tempeh
42853,Navitas Goji Berries
42871,Nonfat Light Probiotic Drink
42882,Madagascar Bourbon VanillaBean  Ice Cream
42887,Baby Wipes Sensitive
42888,"Cheese Sticks, Variety Pack, Colby Jack & Cheddar"
42889,"Whole Wheat Flour, 100% Stone Ground"
42900,Grapefruit Citrus Soda
42901,Organic Strawberries & Cream Flavor Nutritional Protein Shake
42913,Iceberg Garden Salad Blend
42915,Cinnamon Berry Probiotic Balance Tea Bags
42929,Shredded Asiago Cheese
42930,Organic Pears
42936,Nacho Cheese Chips
42938,Vanilla Caramel Swirl Gelato
42941,Originals Dog Food
42943,Soft'ees Variety Donuts Family Pack - 12 CT
42944,Organic Unsweetened Soy Milk Beverage
42951,Whiskey Salame
42954,Go-Gurt Disney Frozen Strawberry Vanilla
42958,Rustic Baguette
42959,Jet-Dry Original Rinse Aid
42964,Gluten Free Spaghetti Pasta
42971,Aged White Cheddar Crunchy Popcorn
42972,Natural Pure Sparkling Water
42974,Single Creamy Tomato Soup
42976,Wood for Good Almond Scented Polish
42985,Naturally Smoked Bacon
42987,Krinkle Cut Salt & Fresh Ground Pepper Potato Chips
42989,Cherry Gelatin
42992,Pasture Raised Eggs
43001,Spring Water Infused with Fulvic Acid
43003,Organic Lemon Agave Vinaigrette
43005,Organic Rooibos Tea
43008,Mesquite Charcoal
43013,Greek Whips Chocolate Cherry
43014,Sliced Baby Bella Mushrooms
43015,Chocolate Sea Salt Quinoa Cluster
43018,Crumbled Reduced Fat Feta Cheese
43019,Thin Crust Spinach And Mushroom Pizza
43026,Deli Fresh Honey Shaved Smoked Ham
43027,All-Bran Original Cereals
43031,Clinical Strength Smooth Solid Women's Antiperspirant & Deodorant Light & Fresh Scent & Body Spray
43037,Garden Minestrone Soup
43040,Probiolicious Probiotic Gummies
43044,Shirataki Rice
43045,Clasico Buffalo Queso Tortilla Chips
43048,"2 Chic Ultra Moist,Hair Mask"
43049,"Dish Liquid/Hand Soap, Triple Action, Orange"
43056,Gourmet Sesame Seed Restaurant Style Hamburger Buns
43065,Himalayan Salted Ghee
43067,Strawberry Contour Soda
43070,Double Stuf Chocolate Sandwich Cookies Family Size
43073,Whole Wheat Pita Bread
43076,Wide Egg Noodles
43086,Super Greens Salad
43087,Crackers Bunny Graham Friends Snack Packs
43093,Organic Kale Italia Deep Green Blends
43094,Classic Caffeine Free Soda
43100,Mint Ice Cream Sandwiches
43101,Shelled & Dry Roasted Organic Pistachios
43109,Peach Lemonade Sparkling Water
43112,Split Top White Bread
43115,French Onion Sour Cream Dip
43122,Organic Bartlett Pear
43123,Unsweetened Whole Blueberries
43124,Kick Start Energizing Fruit Punch Sparkling Juice Beverage
43125,Zero Calorie  Sweetener Packets 50 Count
43129,Panko Bread Crumbs
43136,Organic Southwest Salad
43150,Honest Diaper Rash Cream rapid relief
43154,Sparkling Mineral Water
43165,Orange Peel In Dark Chocolate Bar
43171,Almond & Coconut Fruit & Nut Bars
43174,Kosher Dill Wholes
43178,Pro-V Classic Clean Daily Shampoo
43182,Almond Butter
43183,Deli Fresh Shaved Smoked Turkey Breast
43184,Hawaiian 3-in-1 Clean Towelettes
43190,The Ultimate Fish Stick
43192,Dark with 70% Cacao Content Organic Chocolate Bar
43193,Adult MultiVites Gummy Vitamins
43194,Natural Cellulose Scrub Sponge
43195,Cheerios Family Size Cereal
43196,Sliced Medium Cheddar Cheese Slices
43205,Low Sodium Black Beans
43207,Original Chik'n Vegan Soy Protein Patties
43209,Large Eggs
43210,Rolled Oats
43218,Pure Kosher Dills
43221,Egg Salad
43230,Total Whitening Gel Toothpaste
43232,4 Flavor Variety Pack
43234,Parmesan Cheese Crisps
43248,Popcorn Chicken
43249,Organic Bernie's Farm Macaroni & Cheese
43251,Cranberry Pomegranate Flavor 100% Juice
43252,Italian Style Chicken Meatballs with Mozarella Cheese
43253,Farmhand's Choice Granola
43255,Banana Chia Pod
43258,Organic Creamy Broccoli Soup
43259,Italian Bread With Sesame Seeds
43262,Original Sauce
43263,Crunchy Oats N' Honey Granola Bars
43265,Hawaiian Breeze Scented Oil Refill
43269,Chunk Light Tuna In Oil
43271,Pepper Jack Chunk Cheese
43279,Non-Fat Greek Yogurt With Strawberries on the Bottom
43280,Whole Grain Baked Snack Crackers
43283,Cream Cheese Spread Stick
43292,Apple Berry Sauce On The Go Pouches
43294,100% Pure Organic Maple Syrup Grade A
43295,Unsweetened Vanilla Almond Milk
43300,Chipotle Ranch Dressing & Dip
43304,Chipotle Chicken Burrito
43310,Organic Almond Butter With Carob Macrobar
43314,Triple Cheese Party Pizza
43319,Fried Chicken
43320,Garlic & Wine Sopressata Salami
43324,Organic Protein Cocoa Coconut Bar
43329,Disinfecting Wipes Lemon & Lime Blossom Scent
43338,Pyramid Black Tea Bags
43340,Bay Blue Cheese
43345,"Freezer Slider Bags, Gallon"
43348,Omega Cooking Oil
43351,Strawberry Peach Still Artesian Water
43352,Raspberries
43355,Gluten Free Extra Thick Rolled Oats
43361,Teriyaki Baste & Glaze
43371,Crushed Red Pepper
43375,Chipotle Taco Seasoning Mix
43376,Vegetarian Roll
43377,Mild Pico De Gallo
43378,Coconut Milk Non Dairy Frozen Dessert Chocolate Peanut Butter Swirl
43380,Cocoa Goodness Oat Clusters Subtly Sweetened Granola Toasted to Perfection
43383,Click Gel Automatic Ocean Fresh Scent 4 Disposable Applicators Toilet Bowl Cleaner
43385,"Potato Chips, Kettle Cooked, Sea Salt & Cracked Pepper"
43389,"Vanilla, Chocolate, Strawberry Ice Cream"
43392,Black Rice Burger with Adzuki Beans & Leafy Greens
43394,Organic Lactose Free Whole Milk
43398,Double Dark Chocolate Gelato
43405,Premium Prunes
43406,Roasted Seaweed Snacks
43409,Frosted Mini-Wheats Original Cereal
43413,Humm! Cocktail Hummus Roasted Pine Nuts
43414,Old Fashioned Hard Sourdough Pretzels
43417,Tall Kitchen Bags
43421,"Little Yums Spinach, Apple, and Kale Teething Wafers"
43426,"Black Beans, Low Sodium"
43430,Sugar Free Blueberry Preserves
43432,Gluten Free Frosted Blueberry Toaster Pastry
43442,Veggie Tray
43445,Sparkling Energy Water Lemon Lime
43451,Steak Fries
43456,Family Size Ripple Cut Potato Chips
43460,"Apple, Juicy Red, Family Pack"
43461,"Chili with Beans, Hot"
43464,Unscented Liquid Laundry Detergent
43465,Wild Alaskan Sockeye Smoked Salmon
43471,Natracare Ultra Pads w/ Wings Super
43474,Baked Snack Cracker Extra Toasty
43482,Pro Health Disney Star Wars Kids Minty Breeze Toothpaste
43483,Souper 6-Pack Chicken Flavor Ramen Noodle Soup
43487,Enchilada Sauce Mix
43488,Cheese Pizza Rolls
43490,Deluxe Orange Marmalade Fruit Spread
43495,Maple 100% Pure Syrup
43500,Meaty Bits Variety Pack Wet Cat Food
43504,Organic Chicken Strips
43512,Stage 1 First Pears
43513,Organic Half Baby Spinach & Half Baby Arugula
43523,Caffe Verona Dark Ground Coffee
43525,Finding Dory Shapes Macaroni & Cheese Dinner
43530,Caramel Corn Rice Cakes
43545,Organic Coconut Yogurt
43546,Gluten Free Tapioca Bread Loaf
43556,Diet Lemon Lime Soda
43560,"Crackers, Oyster"
43565,Lean Ground Turky
43568,Traditional Italian Sauce
43571,Donut House Light Roast Coffee K Cups
43584,Green Pickled Sliced Jalapeno Peppers
43590,Chocolate Cupcake
43597,Organic 55% Semi Sweet dark Chocolate Chips
43608,Maxi Always Maxi Regular with Wings
43616,Chocolate Chip Granola
43619,Mango Protein Juice Smoothie
43621,Chik'n Patties
43629,Natural Unsweetened
43631,Diet Coke
43632,GoGurt Strawberry and Blueberry Tubes
43635,Whole Milk Greek Plain
43638,Butter Flavor Movie Theater Microwave Popcorn
43641,Soft Baked Banana Bread
43643,Organic Strawana Probugs Kefir
43647,Organic Asparagus Spears
43654,Whole Milk Greek Blended Vanilla Bean Yogurt
43658,Tiger All Natural Pure Olive Oil
43659,Gluten Free Linguini
43662,"Yogurt, Strained Low-Fat, Coconut"
43669,12 G. Protein Bar Coffee Chocolate
43673,Organic Tellicherry Black Peppercorns
43676,On the Go with Caffeine Grape Drink Mix
43678,EverPure Moisture Shampoo
43691,Sweet Gherkin Pickles
43692,Shredded Mozzarella Cheese
43693,Whole Vitamin D Milk
43697,Organic Shoyu
43698,Mozzarella Fresca
43705,All-Natural Orchard Cherry Fruit Strip
43706,Free and Clear 4x Concentrated Laundry Detergent
43712,Creme Fraiche
43713,Organic Creamy Peanut Butter
43715,40% Less Sodium Taco Seasoning Mix
43720,Parmesan Crisps
43721,Wint-O-Green
43724,Lettuce
43726,Mixed Grapes
43735,Tomato Kumato
43739,Variety Diet Tea
43740,Sparkling Probiotic Drink Coconut
43742,White Kidney Reduced Sodium Cannellini Beans
43744,Medium Roast Ground Coffee
43749,Organic Ice Cream Vanilla Bean
43750,Nondairy Cashew Simply Vanilla Ice Cream
43751,Grain Free Granola Coconut Cashew
43756,Medium Mango Peach Salsa
43760,Fakin' Bacon Organic Smoky Tempeh Strips
43764,"Raspberry, Blueberry Banana Fruit Puree"
43768,Organic Bell Pepper
43769,Organic Pearled Barley
43770,Classic Meat Loaf Complete Meals
43772,Cherubs Heavenly Salad Tomatoes
43780,Extra Cleansing Vinegar & Water Douche
43781,Children's Dye Free With Grape
43783,Chewy Cinnamon Flavored Candies
43789,Organic Basil
43806,30% Less Sodium Seasoning
43812,French Vanilla Powder Coffee Creamer
43814,Nuts & Spices Dark Chocolate Nuts & Sea Salt Snack Bars
43821,1 Apple + 1 Mango Fruit Bar
43822,"Veggie Sausage, Egg &Cheese Breakfast Sandwich"
43827,Fruit & Nut Trail Mix Cranberry & Pomegranate Chewy Granola Bars
43829,Unscented Thong Pantiliners
43830,Red Beet & Cabbage Sauerkraut Salad
43845,Diet Pepsi Soda
43846,Adult Complete Gummies with Multivitamin + Omega 3 + Vitamin D
43850,"Chocolate Candies, Almond, Medium Bag"
43852,Blended Scotch Whiskey
43857,Traditional Chicken & Wild Rice Soup
43858,Original Coconut Milk Beverage
43861,Vegan Carob Chips
43864,Le Petite Fromage Cucumber & Dill Spreadable Cheese
43867,100% Grated Parmesan Cheese
43875,Baby Food Stage 2 Blueberry Pear & Purple Carrot
43876,Crumbled Goat Cheese
43881,Cheese Slices
43886,Hot Dog Buns Enriched 8 Count
43888,Medium Red Enchilada Sauce
43889,Dark Chocolate Covered Banana
43890,Organic Papaya
43891,Whole Ground Flaxseed Meal
43902,Coconut Blended Low-Fat Greek Yogurt
43904,Greek Feta Cheese
43906,Organic Mayonnaise with Soybean Oil
43908,Butternut Squash Ravioli
43913,Mint Chocolate Chip Frozen Dessert
43920,Organic Powdered Sugar
43928,Creamy Swiss Original Wedges Cheese
43933,Organic Unsalted Diced Tomatoes
43942,Peppered Turkey
43943,Sweet & Simple Shortbread Cookies
43945,Table Water Crackers with Cracked Pepper
43951,Intense & Smoky French Roast Dark Roast Ground Coffee
43954,Complete with Dawn Citrus Breeze Scent Gel Dishwasher Detergent
43955,White Cooking Wine
43957,Peanut Butter Chocolate Pretzel Gelato
43961,Organic Peeled Whole Baby Carrots
43962,Coleslaw
43963,Black Sheep Vanilla Yogurt
43967,Raspberry Lemonade
43968,Fig Preserves
43972,Eat Your Colors Yellow Puree Baby Food
43973,Soft Taco Tortillas
43974,Whips Creamy Whipped Peanut Butter
43978,Deli-Sliced Golden Greek Pepperoncini
43982,Chicken Florentine
43984,Classic Mouthwash Original Mint Flavor
43986,Natural California Raisins
43988,Plain Low Fat Australian Style Yogurt
43990,Soleil Twilight Triple Blade Disposable Razor for Women
43999,"Bucatini, No. 15"
44008,Organic Greek Whole Milk Blended Vanilla Bean Yogurt
44009,Graduates Pasta Pick-ups - Cheese & Spinach Ravioli
44011,Jalapeno Salsa
44012,Natural Active Life Aluminum Free Deodorant Sport Stick
44014,Authentic Red Curry Paste
44025,Organic Extra Large Cage-Free Grade A Brown Eggs
44027,Honey Lemon Menthol Drops Cough Suppressant/Oral Anesthetic
44029,Multigrain Crackers
44038,Grain Free Minced Chicken Dinner Canned Cat Food
44042,Premium Italian Bread
44044,Seasoned Bread Crumbs
44048,Original HE Liquid Laundry Detergent
44051,Zero Vitamin Water
44053,Sweetened Light Whipped Cream
44056,Green Plantains
44059,Mild Thick & Chunky Salsa
44072,Beef Cooking Stock
44075,Sesame Whole Wheat Crackers
44076,Organic Freeze Dried Pineapple
44077,Tomato Basil Bisque Soup
44085,Vanilla Light & Fit Greek Yogurt
44086,Natural Fat Free Cheddar Shredded Cheese
44088,Ibuprofen Tablets 200 Mg
44090,Roasted Pumpkin White Cheddar Tamales
44091,Cold & Flu Nighttime Relief
44096,Organic Lowatf Plain Yogurt
44097,Organic Original Hummus
44098,Appley Ever After Organic Juice Drink
44100,Drumstick Variety Pack Frozen Dairy Dessert Cones
44103,Honey Whole Wheat Bread
44107,"Uncrustables Reduced Sugar, Peanut Butter & Strawberry Spread Sandwich on Whole Wheat Bread"
44112,Cornichons Extra Fine Gherkins Hand-Picked
44116,Goodness Grapeness Organic Juice Drink
44120,Organic Raw Almonds
44122,Lemon Iced Tea
44123,Colby Jack Cheese Sticks
44134,"Olive Spray Oil, Extra Virgin, Non-Aerosol"
44138,Plant-Based Vanilla Chai Flavor Nutritional Shake Drink Mix
44142,Red Onion
44144,Natural Skinless & Boneless Sardines In Water
44146,Gluten Free Paleo Gnocchi
44156,Strawberry on the Bottom Nonfat Greek Yogurt
44166,Allergy Relief Spray
44167,Pacific Cooler Juice Drink
44170,Tomato Basil Sauce
44172,Movie Theater Butter Microwave Popcorn
44176,Cauliettes
44177,Large Grade A Eggs
44182,Organic Greens Vegetable Chips
44187,Protein Caramel Nut Chewy Bars
44189,Heavy Duty Plastic Spoons
44193,White Cannellini Kidney Beans
44199,Toll House Mini Chocolate Chip Cookie Dough
44201,Original Gluten Free Crackers
44204,Organic Honey Graham Crackers
44205,Classic Vegetables Peas and Carrots
44219,Organic Multigrain Tortilla Chips Sub Lime
44224,Fresh Scent Powerball Dishwasher Detergent
44227,Cantaloupe Chunks
44229,Original Black Bean with Sea Salt Bean Chips
44230,Double Chocolate
44233,Multi Grain Crispbread
44234,Squeeze Tomato Ketchup
44245,Honey Maid Graham Crackers
44247,Organic Cashew Blueberry Boom Drink
44257,Mandarin Orange Sparkling Natural Spring Water
44262,Chocolate Coconut Almond Milk
44265,"Roasted white meat chicken, whole wheat noodles, green beans & carrots in a creamy chili peanut sauce. Thai-Style Noodles With Chicken"
44267,Sweet Tea W/Real Sugar Iced Tea
44268,Porcini Mushroom Tortellini
44270,Baked Cheese Puffs Real Cheddar Lunch Packs
44273,Original Assorted Fruit Fruit Flavored Snacks
44275,Mini Blueberry Muffins
44278,Double Chocolate Chip Cookies
44282,Himalania Fine Pink Salt
44283,Organic Diced Tomatoes with Basil & Garlic
44286,100% Cacao Natural Unsweetened
44287,Sea Salt Crunchy Coated Premium Black Edamame
44290,Unscented Bathroom Tissue
44292,Premium Unsweetened Iced Tea
44293,Organic Frosted Wildberry Acai Toaster Pastries
44299,Healthy Organic Vinaigrette
44303,Organic Shredded Unsweetened Coconut
44306,Organic Broccoli Sprouts
44310,Soft Pretzel Mini Buns
44319,Colby And Monterey Jack Cheeses Finely Shredded
44323,Big Slice Natural Swiss Cheese Slices
44325,Elbow Macaroni Pasta
44328,Gluten Free Chocolate Dipped Donuts
44329,Skillet Refried Red Beans Sautéed With Onion & Tomatillo
44337,Iodized Salt & Pepper
44338,Double Raspberry Ice Cream
44340,Healthy Greens
44342,Cinnamon Chex
44349,Dry Roasted Pumpkin Seeds
44356,Tortilla Chips Hint Of Lime Party Size!
44359,Organic Small Bunch Celery
44363,Organic Herbs De Provence
44368,Fresh Mozzarella Cheese
44371,Alaskan Salmon Burgers
44372,Organic California Brown Basmati Rice
44375,Canned Aranciata Orange
44376,Thai Penang Ginger Curry
44377,Pumpkin Spice Bread Mix
44388,Deep Moisture Pump Body Wash
44389,Gluten Free Original Baguettes
44391,Classic Corn Dogs
44393,Whole Milk Plain Kefir
44395,Fast Freeze Ice Bars
44396,Organic Hazelnut Hemp Cacao Superfoods Bar
44397,Organic European Style Sweet Unsalted Butter
44402,Unsalted Chicken Cooking Stock
44408,Gluten Free Oatmeal Cookie Granola Bars Granola Bars
44410,Peeled Baby Carrots
44413,Sorbetto Alphonso Mango
44422,Organic Old Fashioned Rolled Oats
44430,Lemon Meyer Bag
44437,Kiwano Horned Melon
44439,Organic Supersweet Cut Corn
44443,Sun-Dried Tomatoes In Extra Virgin Olive Oil
44446,Dora the Explorer Strawberry Yogurt
44449,Organic Tomato Sauce
44456,Long Reach Matches
44457,Snack Size Milk Chocolate Peanut Butter Cups
44470,Backyard Variety Hard Strawberry Lemonade Hard Lemonade Hard Cranberry & Passion Fruit Lemonade Hard Tropical Mango Lemonade
44471,Free & Clear Unscented Baby Wipes
44473,Vanilla Cookies
44475,Honey Bunches of Oats Honey Roasted with Almonds Cereal
44479,Organic Stringles Mozzarella String Cheese
44486,Crushed Pineapple in Juice
44487,Lightly Salted Rice Cakes
44492,Deli Counter Turkey Breast
44500,Ultra Strong Charmin Ultra Strong Toilet Paper
44507,"100% Juice, Rio Red Grapefruit"
44514,Yellow Straightneck Squash
44517,Organic Calimyrna Figs
44533,"French Baguettes, Take & Bake, Twin Pack"
44536,Simple Favorites Five Cheese Rigatoni
44548,Barbecue Potato Chips
44549,Cranberry Orange Scones
44557,Organic Pear Mango Fruit Yogurt Smoothie
44560,Kids Organic Chocolate Chip ZBars
44562,Toast & Peanut Butter Sandwich Crackers
44566,Thick Cut Bacon
44568,White Enriched Bread
44570,Kale Greens
44579,All-Purpose Unbleached Flour
44580,Baby Bok Choy
44585,Anti Viral Upright Facial Tissue
44589,Kids Detangling Spray Double Dutch Apple
44596,Vegetable Egg Rolls
44598,Fruit Chews Original
44600,Duster 360 Refill
44602,Soft Ripened Cheese
44604,Decaf House Blend K-Cup Deep Roast
44609,Chocolate Graham Snacks
44611,Blue Cheese
44612,Meat-Free Savory Stuffed Turkey
44614,Makeup Remover Cleansing Towelettes Refill
44617,Propolis Eucalyptus Manuka Honey Lozenge
44618,Gluten Free Chocolate Cake Mix
44624,Organic Jumbo Grade AA Brown Eggs
44625,Natural Black Cherry Gels Gelatin Free Snacks
44626,Ground Allspice
44628,Organic Dijon Mustard
44629,"Chia Seed, Organic, Ground"
44632,Sparkling Water Grapefruit
44635,Salsa Con Queso Medium Dip
44636,Organic Cameo Apple
44640,Premium Pinto Beans
44643,Gallon Freezer Bags
44648,Creamy Potato Soup Mix
44657,Hot Punjabi Mix
44661,Bicolor Sweet Corn
44666,Original Nooks & Crannies Cinnamon Raisin English Muffins
44667,Super Moist Chocolate Fudge Cake Mix
44668,Cold & Cough Cough Syrup
44670,Restaurant Style White Bean with Sea Salt Bean Chips
44671,Beef & Peppers with Rice
44676,Snack Sticks Medium Cheddar
44680,Strawberry Nutrition Shake
44683,Brussels Sprouts
44684,Organic Collard Greens
44689,Chocolate Chip Cookie Dough Protein Bars
44692,Chunky Garden Combo Italian Sauce
44697,Natural Sharp Cheddar Cheese
44698,Wild Alaska Pink Salmon
44703,Minis Coconut Milk Non Dairy Frozen Dessert Fudge Bars
44704,Mini Ravioli
44706,Entertainment Cracker Collection
44707,Cappuccino Swirl Non Dairy Frozen Dessert
44714,Mint & Dark Chocolate
44717,Organic Mini Sweet Peppers
44719,Herbs From Provence With Lavender
44728,Creamy Natural Peanut Butter And Flaxseed
44731,Organic Stage 2 Spinach Lentil Brown Rice Baby Food
44734,Bacon Seitan
44739,Sabadil Allergy Relief Homeopathic Medicine
44740,Organic Oolong Tea Bags
44750,Organic Lime
44752,Organic Portobello Mushroom Caps
44753,New York Super Fudge Chunk® Ice Cream
44761,Salsa Verde
44765,Colby Cheese Sticks
44769,Hawaiian Body Scrub
44779,Carb Smart Vanilla Ice Cream Bars
44781,"0% Greek, Blueberry on the Bottom Yogurt"
44786,Oh My Yog! Organic Wild Quebec Blueberry Cream Top Yogurt & Fruit
44787,Stage 1 - Just Prunes
44795,Minneola Tangelo
44799,Fresh CA Grown Eggs
44801,Fresh Mint Toothpaste
44811,Crunchy Sunflower Seed Bites Sea Salt
44812,Organic Bourbon Vanilla Whey Protein
44815,Unsweetened Soy Milk
44817,Original Pretzel Thins
44819,Pepper Jack Cheese
44820,Medium Roast Coffee
44824,Diamond Collection Silver Label Pinot Noir Wine
44825,Brown Rice Crisps
44827,Friskies Party Mix Crunch Original Cat Treats
44828,Ranch Dressing & Dip
44830,All Natural Maple Almond Butter
44834,Roasted Straight Cut Fries
44842,Blueberry Pomegranate with Electrolytes & Vitamins Water Beverage
44843,Traditional Chicken Noodle Soup
44845,Raw Cashew Nut Butter
44848,Cucumber & Sage Scent Facial Cleansing Towelettes
44855,Bold Habanero BBQ Almonds
44862,Peeled Paradise Found Mixed Fruit
44867,Soft & Chewy Candy
44870,Franks
44873,Organic Original Barbeque Sauce
44880,100% Organic Premium Whole Wheat Flour
44882,Mandarin Clementine
44883,Fudge Brownie Gluten Free Cookie Dough
44887,Balsamic Imported Vinegar
44888,Organic Peeled Butternut Squash
44895,"Oatmeal, Vermont Maple Syrup"
44898,Organic Mac And Trees Fun Shape Macaroni & Cheese
44904,Garlic Salt
44906,South American Dark Chocolate Gelato
44908,Beets
44910,Organic Spring Mix Salad
44911,Entrée Containers & Lids
44912,Baking Powder
44919,Black Cherry Lowfat Yogurt
44923,Zesty Lemon Sorbet
44925,Natural Provolone Cheese Slices
44926,Tortilla Chips with Salt
44932,Forest Berry Natural Lowfat Yogurt
44943,Life Cereal
44948,Organic Z  Mixed Berry Fruit Rope
44949,Organic Lowfat French Vanilla Yogurt
44953,Organic Three Grain Tempeh
44961,Ginger Snap Cookies
44968,Savoy Cabbage
44969,Brazil Nuts
44970,Oatmeal Chocolate Chip Bite-Lettes
44980,The Original Multi Grain Bread
44987,Heavy Whipping Cream
44989,Organic Seaweed Snack Sea Salt
45002,Organic Balsamic Vinegar Of Modena
45004,White Multifold Towels
45005,Sourdough Deli Bread
45006,Pinot Gris
45007,Organic Zucchini
45008,Men Sport Anti-Perspirant & Deodorant
45009,Chocolate Chocolate Chip Ice Cream
45013,Apple Sauce
45019,Organic White Hot Dog Buns
45029,Wakame And Brown Rice Ramen
45036,Organic Half Tea & Half Lemonade
45037,Lemon Dish Liquid
45042,"Cake Pans & Lids, Square, 8 Inch"
45045,Organic Stage 3 Pumpkin Cranberry Apple Baby Food
45051,Pub Mix
45053,Harvest Squash Turkey Country Dinner For Children 6 Months & Up
45054,Combination Party Pizza
45055,Puffs Flamin' Hot Cheese Flavored Snacks
45056,Everyone Lavender + Aloe Soap
45061,Natural Vanilla Ice Cream
45063,Organic Baby Bella Mushrooms
45064,Honey Wheat Bread
45066,Honeycrisp Apple
45073,Sliced Portabella Mushrooms
45076,Slow Churned Light Ice Cream Cookies 'N Cream
45077,Hearty & Delicious Center Split White Deli Rolls
45081,Gluten-Free Pancake Mix
45082,Honey Oat Crunch Trail Mix Crunchy Granola Bars
45083,Grassmilk Raw Sharp Cheddar Cheese
45084,Gelato Fudge Brownie 
45089,Jewish Rye & Pumpernickel Deli Swirl Bread
45097,Sliced Pepperoncini
45099,Steak Fries Thick-Cut French Fried Potatoes
45100,Pumpkin Pie Spice
45103,Decaffeinated English Breakfast Black Tea
45104,ALMONDBREEZE UNSWEETENED
45106,Low Fat Strawberry Yogurt Tubes
45113,Artesian Water
45116,Potatoes Sweet
45120,One Sensitive Systems Adult Cat Food
45123,Organic 21 Grain Thin Sliced Bread
45125,Boil-In-Bag Whole Grain Brown Rice
45126,Toddler Veggie Cracker Bites
45128,Milk Chocolate M&Ms
45129,"Whole Wheat Wraps 12\"""
45134,Pirouette Chocolate Hazelnut Creme Filled Wafers
45135,Dark Chocolate Petit Ecolier European Biscuits
45138,Deli Select Ultra Thin Rotisserie Seasoned Chicken Breast
45139,Honey Mustard Avocado Oil Dressing
45143,Organic Fillo Dough
45149,Chunk Light Tuna In Water
45150,Vegetable Bouillon Cubes
45152,Bite-Size Honey Gold Potatoes
45158,Hand Towels
45161,Pistachio Pistachio Ice Cream
45163,Seaweed Rice Chips Sea Salt
45167,Semi Soft Part-Skim Cheese
45170,Cinnfull Apple
45177,Organic Chicken Noodles Soup
45179,Chocolate Fudge Brownie Mix
45185,Whips! Chocolate Yogurt Mousse
45186,Original Non-Dairy Coffee Creamer
45188,Dairy Milk Fine Chocolate Candy Bar
45190,Vodka
45192,Soft And Strong Double Roll Bath Tissue
45194,Unsalted Sweet Cream Butter
45200,Organic Cauliflower
45204,Sliced Pepperoni
45205,Classic Crunchy Fish Sticks
45208,Organic Cinnamon Graham Crackers
45210,Organic Greek Lowfat Yogurt With Blueberries
45211,Organic French Fingerling Potato
45217,Pizza for One Original 4 Cheese Frozen Pizza
45221,Indian Mattar Paneer
45223,Just Green Unsweetened Tea
45229,Organic Chia Seeds
45234,Original Thin Cheese Pizza
45239,Special Recipe White Bread
45245,Pods Botanical Rain Scent with Febreze Laundry Detergent Pacs
45246,High Protein Pretzels
45249,Gluten Free Chocolate Chunk Cookies
45254,Organic Gala Apple
45258,Parsley Flakes
45260,Organic Virgin Coconut Oil
45264,Pearl Onions
45265,Raspberry on the Bottom Non-Fat Greek Yogurt
45267,Oaxacan Red Chile Mole Simmer Sauce
45271,"Ice Cream, Black Cherry Chocolate Chip"
45275,Brie Pico
45277,Cookies 'n Cream Ice Cream
45279,Organic Fat Free Dha Omega 3 Milk
45282,Gluten Free Tofu Scramble Breakfast Wrap
45290,Thin Spaghetti Pasta
45293,Velvet Shredded Cheddar
45295,Cream of Buckwheat Cereal
45296,Tostitos  Scoops
45303,Naturally Alkaline Spring Water
45309,Purple Carrot & blueberry Puffs
45311,Protein Bar Maple Sea Salt
45321,Mini Corn Dogs
45322,Cherry Chocolate
45323,Park Hoppy Wheat Beer
45325,Oven Baked Original Potato Crisps
45330,US Weekly
45343,Unsweetened Honeydew Essence Water
45344,Pastel Baking Cups
45346,"Food for Cats, Chicken & Herring Formula"
45355,Deep Clean Cream Cleanser
45356,Gluten Free Dream Cookies Chocolate Vanilla Creme
45359,100% Natural Sponge Cloths
45364,California Veggie Burgers - 4 CT
45368,Roman Raspberry Sorbetto
45370,Lactose Free Whole Milk
45374,Newman O's Creme Filled Chocolate Cookies
45375,Swiss Thick Slices Cheese
45383,Pop-Tarts Frosted Raspberry Toaster Pastries
45393,Cinnamon Raisin Sandwich Bread
45394,Kellogg's Special K Strawberry Fruit Crisps 100 Calorie
45395,Lower Fat Chicken Hardwood Smoked Sausage
45402,Liquid White Eggs
45404,Peaches in Strawberry Gel
45408,Di Giorno Half & Half Pizza Cheese And Pepperoni
45413,Hand Wash Lavander Flower & Mint
45414,Indulgent Mint & Dark Chocolate Greek Yogurt
45416,Go Mango! Organic Dried Mango Slices
45419,Click Super Unscented Tampons
45424,Goat Cheese Tomato Basil
45429,Beef & Cheese Mini Tacos
45432,Brewmaster's Seasonal Sampler
45435,Super Cleanse Tablets
45436,Gluten Free 4 Cheese Medley Pizza
45437,Sea Salt Made With Organic Grain Rice Chips
45438,Select 2% Reduced Fat Milk
45441,Reese Puffs Peanut Butter Cereal
45442,Air Effects Gain Original Scent
45443,Flip Chocolate Haze Craze Low-Fat Greek Yogurt
45445,Organic Bagged Mini Dark Peanut Butter
45446,"Yogurt, Organic, Lowfat, Strawberry"
45447,Gluten Free Covered Pretzels Yogurt
45448,Peanut Butter Protein Replenishment Macrobar
45453,Tomato Medley
45461,Sweet Drops Sweetener Vanilla Creme
45465,Shredded Swiss Cheese
45467,Calendula Long Lasting Deodorant
45488,Classic Hot Dog Buns
45491,Golden Butter Crackers
45495,Pear Kiwi & Kale Baby Food
45497,Organic Sliced Mild Cheddar
45504,Whole Organic Omega 3 Milk
45506,Lavender-Lime Bathroom Cleaner
45510,Meatless Lentil Sage Meatloaf
45511,Extra Beer Bottles
45512,Mild Flavor Celery Hearts
45525,Organic Caramel Toffee Crunch Ice Cream
45531,Original Coffee Creamer
45535,Organic Low Sodium Chicken Broth
45537,Classic Round Crackers
45541,The Tonight Dough™ Ice Cream
45542,Wasabi Green Peas
45543,Medium Buffalo Wing Sauce
45544,Organic Plain Nonfat Greek Yogurt
45548,Cheese Filled Blintzes Crepes
45554,Barbecue Chicken Breast Slices
45561,Yakisoba Spicy Teriyaki Beef Flavor Noodles
45562,Blueberry Yogurt Protein Drink
45566,Clean Up Cleaner with Bleach Fresh Scent
45568,Cosmic Brownies with Chocolate Chip Candy
45569,Honey Mango Bath & Shower Gel
45570,Organic Greek Plain Nonfat Yogurt
45575,Dark Chocolate Calcium Supplement
45578,Dark Sweet Cherries
45581,Prunes
45582,Cavatappi No. 87 Macaroni
45584,Farmhouse Waffle & Pancake Mix
45588,Pizzeria Style Classic Crust Pepperoni Pizza
45596,Smart Start Original Antioxidants Cereal
45599,Organic Strawberry Lemonade Fruit Juice Drink
45603,Trilogy Kombucha Drink
45604,Blue Tilapia Fillets
45607,Butter Cooking Spray
45608,Kosher Salt
45613,Pad Thai
45615,Organic Apple Sauce
45616,Organic French-Style Meyer Lemon Yogurt
45617,Thin to Thick Extra Volume Shampoo
45619,G Series Blueberry Pomegranate
45622,"Paper Towels Choose-A-Sheet, Mega Rolls, One-Ply"
45628,Mango Rosewater Lassi Yogurt Drink
45633,Organic Beef Hot Dogs
45634,Mini Cans
45635,Blueberry B Fruit Smoothie
45636,Cranberry Pomegranate Sparkling Yerba Mate
45638,Aged Balsamic Vinegar
45639,Ketchup
45645,Dark Chocolate Nuts & Sea Salt Bars
45646,Grated Parmesan Cheese
45647,Organic Hot Italian Chicken Sausage
45650,Irish Breakfast
45656,Whole Grain Brown Rice
45662,High Heat Cooking Grapeseed Oil
45664,Onion Powder
45668,Smoked Salmon Cream Cheese Spread
45679,Gluten Free Cheddar Macaroni & Cheese Rice Pasta
45681,Americone Dream® Ice Cream
45682,Organic Turkish Apricots
45683,Heavy Duty Scrub Sponge
45684,Organic Mango Chunks In Mango Juice
45687,Diet Cranberry Fruit Juice
45692,Butter Snap Pretzels
45693,Blueberry Pecan Mix Granola
45694,Caesar Dressing
45696,SpongeBob SquarePants Mouthwash
45698,One Ply Choose A Size Big Roll Paper Towel Rolls
45700,Brillat Savarin
45702,"Hard Candies, Organic, Honey Lemon"
45718,Traditional Chicken Cheese Enchilada Flavor Soup
45721,Pineapple Soft Serve Fruit Pops
45723,Harvest Snaps Wasabi Ranch
45724,Mexican Kitchen Style Tortilla Chips
45739,Gold Bears Gummi Candy
45741,Chicharrones Fried Pork Rinds
45747,Curate Melon Pomelo Sparking Water
45748,Strawberry Jam
45761,Turkey Breast Thin Sliced Honey Roasted Deli Select
45762,Bread Fampak Tortilla
45763,Mini Seedless Cucumbers
45764,Orange Drink Mix
45765,Bun Size Franks made with Pork & Chicken
45767,Sunny Days Strawberry Snack Bars
45768,Organic Red Lentil Mini Fettuccine
45771,Boston / Butter Lettuce
45772,Ice Cream Vanilla
45774,Organic Sweet Greens and Ginger Juice Blend
45781,Lavash Wrap
45783,Probiotic Supplement
45787,Ultra Comfort Care Double Roll Toilet Paper
45788,Garlic Lovers Hommus
45790,Vanilla Ground Coffee
45793,"100% Apple Juice, Original"
45795,Super Puffs Spinach & Apple Fruit & Veggie Grain Puffs
45800,Stix Crispy Seaweed Strips Sesame
45806,Pepproni Pockets
45807,"Tea, Radiant Raspberry"
45810,Wagon Wheels Mac + Cheese
45812,In Olive Oil Tin Overwrap Sardines
45815,Organic Florets Broccoli
45819,Nacho Sliced Jalapenos
45832,Veranda Blend Blonde Keurig Cups
45835,Ultra Strong Mega Bathroom Tissue Rolls
45840,100% Pure Apple Juice
45841,Triple Cream Cheese
45842,Natural Sour Cream
45849,Matcha Green Tea Powder
45856,Cherry Vanilla Granola
45860,Poblano Pepper & Corn Chowder
45862,Broccoli Floret
45865,Meatless Breakfast Patties
45866,Fig Newmans Fruit Filled Cookies
45875,7 Grain Lite Crispbread
45877,Hershey's Chocolate Creme Pie Singles
45884,Tulips
45885,Mara Natha Organic Peanut Butter Crunchy
45891,Chicken Pad Thai
45896,Herb Roasted Chicken Dinner
45906,Organic Strawberry Ice Cream
45916,Stringles Organic Colby Jack Cheese
45918,Coconut Butter
45919,"Fajita Seasoning, Organic"
45920,Spearmint
45924,Triple Distilled Vodka
45927,Organic Protein Almond Milk Lightly Sweetened Vanilla
45932,100% Grated Parmesan & Romano Cheese
45933,Shin Ramyun Gourmet Spicy Noodle Soup
45936,Organic White Onion
45938,Best Cannellini White Kidney Beans
45946,Organic Greek Plain Lowfat Yogurt
45948,Gluten Free 7 Grain Bread
45951,Kosher Dill Halves Pickles
45955,Truffle Tremor Cheese
45957,Peach Mango Salsa
45961,Reduced Fat Medium Cheddar Cheese
45965,Steel Cut Oats
45970,Organic Black Beans Ready To Eat In Pouch
45974,Blueberry Soda
45977,Breakfast Honey Oat Gluten Free Non GMO 5 Super Grains Bar Packs
45989,8 Whole Grains Lite Frozen Waffles 6 ct
45990,Wild Alaska Red Salmon
45998,Vinho Verde
45999,Brioche
46003,Low Fat Cultured Buttermilk
46010,Red Grape Tomato
46011,Honest Sweet Orange Vanilla Detangling Conditioner
46014,12 Piece Cupcake Decorating Set
46022,Baked Whole Grain Wheat Original Crackers Thin Crisps
46023,Harvest Peach Yogurt
46025,Pineapple Slices in 100% Pineapple Juice
46027,Sunday Pot Roast Slow Cook Sauce
46029,Stoned Wheat Thins Crackers
46041,Beef Franks
46045,Reduced Fat Irish Butter
46047,Organic Original Acai Berry + Guarana Smoothie Packs
46049,Salt & Pepper Krinkle Chips
46052,Mountain berry Blast Sports Drink
46058,Multi Grain Cheerios
46059,All Whites 100% Liquid Egg Whites
46061,Popcorn
46062,Original Sweet Chili Dipping Sauce
46063,Wisconsin Sharp Cheddar
46064,Lightly Salted Brown Rice Cakes
46066,Tavern Ham
46069,Supergreens!
46075,Mild Cheddar Semisoft Cheese
46087,Gluten Free Homestyle Hot Oatmeal
46088,Beer
46089,Instant Bouillon Cubes Chicken Flavor
46093,Mango Cream Frozen Fruit Bar
46096,Organic Brown Rice Vinegar
46105,Gluten Free Dark Chocolate Brownie Bites
46106,Organic Sriracha Hummus
46107,Whole Wheat Crackers
46113,1 Razor Handle and 2 Freesia Scented Razor Refills  Premium BladeRazor System
46115,Banana  Granola Cereal
46120,Ultimate Healing Lotion
46123,Cookies 'N Cream Ice Cream
46129,Versatile Stain Remover
46131,Deluxe Whole Cashews
46135,Dark Chocolate Mocha Almond Nutrition
46138,Cookies & Cream Ice Cream
46139,Italian Batard
46144,Teatree Mint Hydrating Conditioner
46145,Whole Berry Cranberry Sauce
46147,Organic Tomato Ketchup
46149,Zero Calorie Cola
46166,Whole Milk Yogurt Organic Indonesian Vanilla Bean
46169,Pure Honey
46175,Half Baked® Ice Cream
46178,Smoked Almonds
46182,Chocolate Jimmies Sprinkles
46184,Original Pre-Moistened Wipes
46188,Pasta Angel Hair
46189,Cantina Thin & Crispy Tortilla Chips
46193,Sweet Bread 'N Butter Sandwich Slices Pickles
46194,Burrata
46203,Original Strawberry Gelatin Snacks
46204,Double Chocolate Cookies & Cream Ice Cream Sandwich
46206,Red Grapefruit
46210,4% Milkfat Min. Small Curd Cottage Cheese
46212,Fog Chaser Coffee Single Serve Coffee K-Cups
46213,Bread Flour
46218,Brown 'N Serve Original Fully Cooked Sausage Patties
46222,Original Ranch Salad Dressing & Seasoning Mix
46226,Thick & Crispy Tortilla Chips
46227,Organic Pita Bread
46229,Fruit & Nut Bar Blueberry Vanilla & Cashew
46230,Zesty Nacho Cheese Sauce
46242,Rosemary Leaves
46243,With Ocean Fish & Salmon Cat Food
46252,Original Thin Rye Crispbread
46253,Organic Cinnamon Sunrise Herbal Tea
46257,"Protein Bar, High, Cookies & Cream"
46260,"Tortilla Chips, Mexican Kitchen Style, Salted"
46266,California Heirloom Monviso Peeled Garlic
46270,Unsalted 100% Pure Butter
46271,Unmodified Potato Starch
46277,Organix Cat Treats
46279,Lactose Free Organic Whole Milk Plain Yogurt
46280,Light & Fit Greek Blueberry Greek Yogurt
46284,Wheat Bread
46285,Premium Classic Chicken Recipe Cat Food
46286,Original Fresh Wet Cleansing Towelettes
46287,Crisp Linen Disinfectant Spray
46290,Original Crispy Apple Chips
46294,Organic Parsley
46303,Gluten Free Rice Crust Pizza With Cheese
46304,Protein Smoothie Choc-a-lot Flavor
46306,100% Pure Avocado Oil
46307,Original Fully Cooked Pork Sausage Patties
46309,Fuji Apples Bag
46313,Baby Swiss Slices Cheese
46315,Yakisoba Teriyaki Beef Japanese Noodles
46321,Vanilla Almond Butter
46325,Original Sparkling Water
46326,Grade A Pasturized Lowfat Cottage Cheese
46327,Raspberry Light & Fit Greek Yogurt
46334,Organic Tamarind Paste
46336,"Sheer Extra Large All One Size 1 3/4\"" X 4\"" Value"
46346,Sweet Potato Fries with Sea Salt
46347,100% Whole Wheat
46354,Classic Decaf Ground Coffee
46359,Organic Ground Ginger
46361,Tortilla Triangles Restaurant Style Chips
46364,Dryer Sheet Free & Gentle Fabric Softener
46372,Squeezed Orange Juice
46378,Dark Chocolate Chili Almond Nuts & Spices
46391,Chicken Nuggets & Fries
46392,Bathroom Cleaner
46393,Harvest Casserole Bowls
46400,Kosher Petite Dills
46402,With Raspberry Lemonade
46409,Simply...Go-Gurt Strawberry
46410,Drumstick Vanilla Ice Cream Cone
46413,Lavender Scent Laundry Detergent
46434,Sweet Hamburger Buns
46436,Vermont Spicy Italian Pork Stick
46439,Italian Sliced Bread
46448,Pepperidge Farm Goldfish Neon Colors Baked Snack Crackers
46453,Organic Sugar
46462,Crossovers Caramel Hny Almond
46470,Hand Soap Lemongrass
46473,Pure Vanilla Extract
46475,Chocolate Chip Cookie Dough Frozen Greek Yogurt Bars
46476,Solid White AlbacoreTuna  in Water
46479,Turkey Breast
46484,Peanut Butter Dark Chocolate + Protein Nutrition Bar
46489,Marble Sliced Loaf Cake
46494,Caraway
46505,Organic Long Grain Brown Rice
46508,Apple of My Eye Juice Drink
46510,Trop50 Some Pulp Orange Juice
46511,Organic Jellied Cranberry Sauce
46513,All Natural Classic Guacamole
46515,Cheez-It Packs
46516,Sesame Bagels
46521,Variety
46522,Spaghetti Pasta
46526,French Green Beans
46529,Tropical Tango Flavor Protein Smoothie Instant Powder Drink Mix
46531,Power O's Chocolate cereal
46541,Corn Flakes
46545,82% Dark Chocolate Bar with Bourbon
46546,Cocoa Butter Formula® Moisturizing Body Lotion
46558,100% Whole Wheat Burger Buns
46562,Sweet & Salty Nut Granola Bars Peanut
46564,Air Effects Air Refresher Greek Seaside
46572,Sweet Rolls
46573,Raisin Granola Cereal
46575,Organic Finely Shredded Cheddar Cheese
46579,Ultimate Pepperoni Ultra Thin Crust Pizza
46584,YoKids Blueberry & Strawberry/Vanilla Yogurt
46586,Diet Peach
46587,Pearl Couscous Natural
46590,Golden Brown All Natural Mild Sausage Links
46591,Organic Greek Olive Mix
46593,Natural Strawberry Ice Cream
46597,5 In French Rolls
46605,Chocolate Croissant
46609,Salad Love White Cheddar
46611,Baby Swiss Cheese
46616,Organic Dark Chocolate Peanut Butter Cups
46620,Cage Free Extra Large Grade AA Eggs
46621,Bio Scour Pads
46626,Peppermint & Citrus Hand Sanitizer Spray
46629,Feta Crumbled Cheese
46630,Brat & Sausage Rolls
46635,Organic Blue Corn Chips
46638,Wellness Formula
46639,Cranberry Raspberry 100% Juice
46642,Mild Heat Level Lamb Saag with Basmati Rice
46650,Special Reserve Extra Sharp Cheddar Cheese
46654,Organic Grade A Large Brown Eggs
46656,Butter Microwave Popcorn
46660,Scrimshaw Pilsner Style Beer
46665,Pesto Alla Genovese Basil
46667,Organic Ginger Root
46669,Ibuprofen
46670,Vegenaise Soy-Free
46672,Complete Clean Power Toilet Bowl Cleaner
46673,Ultra Original Scent Dishwashing Liquid
46674,TruMoo 1% Lowfat Milk Chocolate
46676,Total 0% Nonfat Greek Yogurt
46677,Italian Dressing
46686,Totopos De Maiz Mexican Style Corn Chips
46691,Dry Scalp Shampoo with Almond Oil
46692,Multigrain Tortilla Chips
46695,Cashew Fig Carrot Energy Bar
46699,Carrot Cake Slice
46700,Pine Nut Hummus
46703,Shelled Soybeans Edamame
46706,Goober Grape Peanut Butter and Jelly Spread
46708,Butter Spreadable with Canola Oil Tub
46709,Gluten Free Old Fashioned Rolled Oats
46720,Organic Free Range Chicken Broth
46724,Honey Vanilla Chamomile Caffeine-Free Herbal Tea
46729,Hazelnut Praline Chocolate Bar
46734,"For Frizzy, Dry, Unmanageable Hair Sleek & Shine Shampoo"
46735,Cherry Caffeine Free Unsweetened Soft Drink Mix
46738,Microwave in Bag Green Beans
46742,Lite Raspberry Walnut Vinaigrette Dressing
46749,Crunchy Cheese Flavored Snacks
46753,Premium Cuts Tuna Entree In Gravy Cat Food
46755,Dark Chocolate with 88% Cocoa
46756,Poultry And Seafood Wet Cat Food Variety Pack
46757,Brightly Paper Towels Lint Free Giant Roll
46769,Gin Gins Spicy Apple Ginger Chews
46776,Grilled Turkey Feast in Gravy Cat Food
46777,Organic Poppy Seed
46778,Dairy Free Coconut Milk Chocolate Frozen Dessert
46779,Raisin Cinnamon Swirl Bread
46785,Shredded Red Cabbage
46786,Italian Style Boneless Skinless Chicken Breasts
46787,Fat Free Cottage Cheese
46794,Mr. Cheese O's Cheese Grain
46799,Pepper Sauce
46800,Cheesy Scalloped Potatoes
46802,Pineapple Chunks
46804,Baking Soda
46807,"Bananas, Raspberries & Oats Organic Baby Food"
46811,1/3 Less Fat Cream Cheese
46813,Tropical Flavored Sports Drink
46817,Non Fat Black Cherry on the Bottom Greek Yogurt
46820,Vanilla Pure Almond Milk
46821,Allergy 24 Hour 10mg (Individual Blisters) Tablets
46822,Ice
46823,The Ultimate Beefless Burger
46828,6 Inch Dessert Plates
46829,Women's Strawberry Tangerine Twist Shave Gel
46842,Plain Pre-Sliced Bagels
46844,Simple Favorites Lasagna with Meat Sauce
46845,Freeze Dried Apple & Mango Tiny Fruits
46847,Quick Cooking Rolled Oats Irish Oatmeal
46853,Power C Machine All Natural Fruit + Boost Juice Smoothie
46862,Delicious Din Din 2 (6 Months+) Variety Pack
46865,Universal Pectin
46868,Organic Ancient Grains Granola
46870,Cheddar Cheese Rice Crisps
46875,50% Less Sodium Kidney Beans
46881,Aged White Cheddar Baked Rice And Corn Puffs
46886,Raspberry Yoghurt
46888,Organic Poppy Seeds
46890,Strawberry Cream Pie Pops
46893,Cat Treats - Mix Ups Catnip Fever
46898,"Marinara, Indulgent, Caramelized Onion & Butter"
46899,Jalapeno Stuffed Olives
46900,Organic Chicken Noodle Soup
46901,"Culinary Stock, Beef Style"
46902,Organic Kale Krunch Superfood
46906,Grape White/Green Seedless
46916,Organic Really Peely Bendy Berry Fruit Tape
46923,Grand Vanilla Ice Cream
46928,Complete Skillet Meal For Two Beef & Broccoli
46931,Peaches
46932,All Natural Coconut Water
46935,Yucca Root
46941,Provolone Slices
46942,Activated Charcoal
46945,Curly Parsley
46949,Eat Your Colors Reds Puree Baby Food
46960,Creamy Four Cheese Rice
46961,Colombia Luminosa Light Roast Coffee
46962,Organic Ground Cumin
46969,Organic Bosc Pear
46971,Organic Pacific Nori
46979,Asparagus
46981,Deluxe Beef Stroganoff Hamburger Helper
46984,Organic Coconut Spread
46990,Ground Buffalo
46992,Real Cheddar Baked Cheese Puffs
46993,Organic Bakery Hamburger Buns Wheat - 8 CT
46996,Creamy Swiss French Onion Wedges Cheese
47000,Ultra Soft Toilet Paper
47006,Steak Sauce
47008,Sliced Water Chestnuts
47011,Organic Ginger Limeade Fruit Juice Drink
47018,100% Premium Select Not From Concentrate Pure Prune Juice
47025,Naturally Light Indian Tonic Water
47029,Organic Greek Nonfat Yogurt With Mixed Berries
47031,Kentucky Straight Bourbon Whiskey
47034,"Fruit Spread, Strawberry"
47042,Organic Red On the Vine Tomato
47044,Organic Soups Low Fat Split Pea
47050,Cocoa Krispies Cereal
47058,Freshly made pasta in a Real Cheddar cheese sauce Macaroni & Cheese
47059,Original Tofurky Deli Slices
47086,Herbed Chicken Couscous
47087,Total 0% Blueberry Acai Greek Yogurt
47098,Original Canned Diced Tomatoes & Green Chilies
47104,Banana Oat Bars
47107,4% Milkfat Small Curd Grade A Pasteurized Cottage Cheese
47111,Spicy Black Bean Burger
47114,Classic Green Tea
47115,Favorites Super Moist Butter Recipe Yellow Cake Mix
47119,Rice Mac & Cheese
47126,Basic Select-A-Size Paper Towels
47134,Small Shells
47135,"Organic Echinacea Plus, Caffeine Free Herbal Tea"
47141,Cola
47144,Unsweetened Original Almond Breeze Almond Milk
47145,Spring Mix
47154,Natural Dark Chocolate Bar
47155,Curried Lentil Soup
47156,Coconut Almond Unsweetened Creamer Blend
47163,Caramel Macchiato Gourmet Coffee Creamer
47167,Organic Sunny Days Apple Snack Bars
47177,"Smmmile, It's Three Cheesy Macaroni & Cheese Dinner"
47185,Spreadable Butter with Canola Oil
47187,ProteinPLUS Multigrain Angel Hair Pasta
47189,Black Currant Fruit Spread
47193,Roasted Garlic Alfredo Pasta Sauce
47196,Snack Pack Classic Original Hommus With Chips
47197,Steamers Baby Brussel Sprouts & Butter Sauce
47209,Organic Hass Avocado
47211,Kettle Cooked Potato Chips Original
47212,Organic Whole Grain Mixed Grain Cereal Apple Sweet Potato
47216,Small White Beans
47222,Pepperoni Slices
47223,Gluten Free & Dairy Free Thai Red Curry With Organic Jasmin Rice & Vegetables
47226,Taco Seasoning Mix Original
47229,Bag of Organic Fuji Apples
47231,Ultra-Purified Water
47232,Cultured Unsweetened Vanilla Coconut Milk
47234,Cucumber Dish Soap
47242,Activia Peach/Strawberry Lowfat Yogurt
47248,No Sugar Added Mandarin Oranges in Artificially Sweetened Water
47249,Seriousmilk Classic 39% Milk Chocolate Bar
47252,Purple Sweet Potato (Yam)
47253,Disinfecting Wet Wipes - Lemongrass Citrus
47254,9 Inch Pie Crusts 2 Count
47258,Bacon Style Veggie Protein Strips
47260,Thai Red Curry Simmer Sauce
47265,Freshly Shredded Angel Hair Cole Slaw
47271,Genmaicha Green Tea Bags
47272,Antioxidant Infusions Beverage Malawi Mango
47274,Chocolate Walnut Chip Ice Cream
47280,California Orange Juice
47283,Invigorating Rosewater Body Wash
47284,Toll House Semi Sweet Chocolate Mini Morsels Chips
47303,Andouille Sausage
47305,"Green Chiles, Diced, Fire Roasted, Mild"
47307,"Magic Tape Refillable Dispenser 3/4\"" x 850\"""
47309,Original Caffeine Free Tulsi Tea
47317,Imported Swiss Cheese
47318,Bernie's Farm Animal Cookies Snack Packs
47319,Organic Stage 1 Winter Squash Baby Food
47322,Unsalted Peanuts
47325,100% Pomegranate Juice
47329,Fresh Fruit Salad
47331,"Pro-Health Pulsar Battery Operated Toothbrush, Medium"
47333,Queso Fresco
47335,Honey Bunches of Oats With Almonds
47337,Original Thin Sausage & Pepperoni Pizza
47339,Hoisin Garlic Marinade & Sauce
47345,Original Molasses
47348,Heavy Duty Aluminum Foil
47353,Pepcid® AC Acid Reducer Tablets
47357,Original Restaurant Style Tortilla Chips
47361,Hint Of Salt Crackers
47366,Raisin Bran Crunch Cereal
47370,Gluten Free 100% Organic Whole Grain Traditional Egg Pasta
47376,Organic Fresh Mozzarella
47379,Original Pork Loin Filet
47380,New York Style Nova Lox
47383,Dandruff Relief Shampoo
47384,Pure Fresh Mint Chewing Gum
47388,Organic Plain Kefir
47393,Fire Sugar Free Spicy Cinnamon Gum
47397,Eggplant Parmesan
47400,Cocoa Butter Formula with Vit. E Massage Lotion for Stretch Marks
47402,Fuji Apples
47405,Beet Noodles
47409,Original Red Raspberry Yogurt
47427,Chicken & Vegetable Potstickers With Sauce
47435,Small Size Flour Tortillas
47438,Pineapple Cottage Doubles
47439,S'mores Chocolate Ice Cream
47441,"Extra Dry Ginger Ale, Lightly Sweetened"
47451,Chicharrones Fried Pork Rinds With Jalapeno Cheddar
47457,Flame Grilled Chicken Breast Strips
47463,Country White Sourdough Petite Loaf
47468,Hot Enough Hummus
47475,Fontina Cheese
47479,Squeeze Real Mayonnaise
47481,Beef For Stew
47485,Mini Chocolate Chip Waffles
47492,Organic Berry Blend
47499,Big Deluxe Reese's Mini Pieces Peanut Butter Cookies
47500,Coarse Sea Salt
47501,Soft White 60 Watts Halogen Bulb
47503,Organic Texmati Brown Rice
47504,Blueberry Breakfast Biscuits
47510,Designer Paper Plates 7 In
47516,Special K Fruit & Yogurt Cereal
47518,Finely Shredded Natural Parmesan Cheese
47519,Medium Colombia Ground Coffee
47521,Crispy Cheddar Crackers
47526,Goat Cheese Log
47531,Organic Toffee Milk Chocolate Bar
47532,Instant Whole Grain Brown Rice
47537,Organic Yellow Corn Tortilla Chips
47541,Crushed Ginger
47543,Bombay Curry Veggie Burgers
47546,Chocolate Coconut Milk Beverage
47547,Cinnamon
47551,Mini-Snacks Organic Raisins
47553,Sugarfree Peppermint Chewing Gum
47557,Herb & Butter Rice
47559,Organic Instant Regular Oatmeal
47560,Lemon Ginger Tulsi Tea
47561,All Natural Fresh Chicken Wings
47564,Sesame Street Friends Elmo's Fruit Punch
47569,Turkey & Cheddar Cracker Stackers
47570,Original Flavor Macaroni & Cheese Dinner
47573,Ginger Snap Sprouted Cookies
47574,Most Wanted California Pinot Grigio White Wine
47576,Matzo
47577,Light Key Lime Pie Yogurt
47580,Madagascar Bourbon Vanilla Beans
47591,Prosciutto di San Daniele
47595,Coconut Almond Protein Chewy Bars
47596,Fiesta Sides Mexican Rice
47598,Beef Smoked Sausage
47599,ForceFlex Extra Strong Large Trash Bags
47601,Unsalted Cultured Butter
47604,Jarro-Dophilus EPS
47609,Sour Cherry Spread
47610,"Pretzel Sticks, Gluten Free"
47611,M&M's Vanilla Lowfat Yogurt
47613,Pure Cane Rough Cut Sugar Cubes
47616,Sesame Street Organic Mini Blueberry Pancakes
47621,Chocolate Strong Dark
47626,Large Lemon
47629,Annie's® Homegrown Gluten Free Double Chocolate Chip Granola
47630,Medium Navel Orange
47631,Original Vegetable Oil Spread
47639,Blueberry Protein Shake
47652,Coconut Almond Minis Frozen Dessert Bars
47658,Vegan Chocolate Chip With Walnuts Cookies
47660,Milk Chocolate Nutrition Shake
47663,Pizza for One Sausage & Pepperoni
47668,Smarty Dish Free and Clear Dishwasher Tablets
47672,Uncured Hickory Smoked Sunday Bacon
47675,Chicken Flavor Chow Mein Noodles
47676,Cocoa Rouge Unsweetened Cocoa Powder
47681,Batter Dipped Chicken Breast Tenders
47683,Vanilla Light & Fit Nonfat Yogurt
47685,Cherry Almond Blue Spinach Salad Kit
47686,Matar-Paneer
47691,Kids Coconut Smoothers 2 in 1 Shampoo + Conditioner
47697,Revive Rootbeer Kombucha
47698,"Salisbury Steak Meal  with Gravy, Mashed Potatoes & Corn"
47702,Gourmet Jelly Beans 49 Flavors
47707,Chorizo Breakfast Bowl
47717,Peanut Butter Cookie
47731,Pulp Free Orange Juice With Tangerine
47732,Sugar Cookies
47734,Organic Green Cabbage
47740,Dijon Honey Mustard Dressing
47743,Pepper Jack Cheese Sticks
47744,Bleach Pen
47752,Roasted White Sesame Seeds
47758,Oreo Ice Cream Bars
47759,Mandarin Oranges
47763,Pure Unsweetened Cashewmilk
47766,Organic Avocado
47770,Tomato Lentil Couscous Mix
47775,"Concentrated Butcher's Bone Broth, Chicken"
47780,Fresh Frozen Wild Blueberries
47787,Seasoned Black Cherry Barbecue Pork jerky
47788,Honeydew Melon
47790,Organic Lemon Garlic Dressing
47792,Organic Beans & Rice Cheddar Cheese Burrito
47804,Gluten Free Brown Rice Penne Rigate Pasta
47806,Reduced Sodium Beef Base
47813,Organic Sprouted Grain Pancake & Waffle Mix
47815,Hazelnut Coffee Creamer
47818,STREITS QN01 LIGHTLY SLTD MTZO 11Z
47823,Organic Vanilla Kefir
47838,Oatmeal Blueberry Acai Flax Fruit Squeeze
47842,Sparkling Kiwi Strawberry Soda
47844,Freshly Crumbled Blue Cheese
47848,Gummy Worms Made with Organic Fruit Juice
47854,Three Cheese Italian Sauce
47857,Sweet 'n Fancy Yellow Mustard
47861,Talenti Sea Salt Caramel Gelato Pop
47862,Baby Brussels Sprouts
47863,Clear Complexion Foaming Cleanser
47865,Quart Storage Bags
47866,Jalapeno Potato Chips
47867,Gluten Free Honey Mustard & Onion Pretzel Sticks
47873,Sparkling Probiotic Drink Mango Coconut
47875,Gluten Free Quinoa Linguine
47877,Coke Zero
47884,World's Best Mac & Cheese
47888,Apple and Carrot Stage 2 Baby Food
47890,Whole White Mushrooms
47893,Steel Cut Irish Oatmeal
47900,"Uncured, No Sugar, Hickory Smoked Bacon"
47912,Vanilla Skyr Style Yogurt
47914,Kids Cough & Fever Relief Syrup Multi-Symptom 100% Natural
47915,Organic Half Spring Mix & Half Baby Spinach
47916,Choose-A-Sheet White Paper Towels
47918,Ultra Dawn Escapes Dishwashing Liquid New Zealand Springs 21.6 Oz Dish Care
47919,Plus OxiClean Stain Fighters Fresh Scent Liquid Laundry Detergent
47924,Chocolate Bliss Crunchy Coconut Chips
47926,Premium Ice
47931,Diet Cola
47933,Hot Buffalo Wing Pretzels Pieces
47940,Light Strawberry Yogurt
47941,Special K Red Berries Cereal
47944,Schwarzwalder Dark Rye Bread
47946,Nutella & Go!
47953,Gluten-Free Figgies & Jammies Cookies
47954,Expert Care Alimentum Hypoallergenic Infant Formula
47961,Sliced Peeled Water Chestnuts
47962,Fresh Ground Turkey
47965,TLC Cherry Dark Chocolate Chewy Granola
47966,Old Fashioned Rolled Oats
47969,Argan Oil Cleansing Towelettes Unscented
47977,Grapefruit Sparkling Water
47990,White Chocolate Macadamia Nut Energy Bar
47993,Cherry Garcia Ice Cream
47996,Baby Shampoo & Body Wash
48000,Mini Fudge Stripe Right Bites 100 Calorie
48002,Biscuits Orange Pim's
48004,Danimals Strawberry Explosion Flavored Smoothie
48006,Pomegranate Licorice Twists
48007,Flax Plus Raisin Bran Cereal
48008,Umcka Day And Night Drink Packets
48015,Lime Slim Can
48017,Organic Hoisin Sauce
48022,Chocolate Mousse Ganache Cone
48023,Wild Alaskan Pink Salmon
48025,Pretzel Dipping Sticks
48026,Light Cream Cheese
48030,Old Spice Head and Shoulders Old Spice 2-in-1 Dandruff Shampoo + Conditioner for Men 13.5 Fl Oz Female Hair Care
48031,Italian Sweet Creme Creamer
48034,Peppered Turkey Jerky
48036,"Clover Honey, US Grade A"
48038,Cauliflower Green
48039,Cherry Menthol Drops Cough Suppressant/Oral Anesthetic
48043,Sugar Free Maple Flavor Syrup
48056,Egg Capellini Angel Hair Pasta
48057,"Hummus, Hope, Original Recipe"
48058,Organic Honey'd Corn Flakes Cereal Gluten Free
48060,Xtra Protection Extra Long Dailies Pantiliners
48062,Original Sambucus Standardized Elderberry Bioavailable Extract
48065,Natural Antibacterial Foaming Soap Spearmint Lime
48066,Cheery Cherry ZFruit and Veggie
48068,Fine Hazelnut Chocolates
48070,Chocolate Mint Crisp Protein Bar
48071,Fresh Romaine Lettuce head
48075,"Ice Cream, Super Premium, Coffee"
48079,Organic Brown Long Grain Rice
48083,Raspberry Lime Essence Sparkling Mountain Spring Water
48086,Black Forest Ham
48088,Monster Lo-Carb Energy Drink
48090,Vanilla Ice Cream with Milk Chocolate
48093,Sliced Halves Whole Wheat Pita Pockets
48094,Crushed Tomatoes With Basil
48095,"Purified Water, 9.5pH+"
48099,Truffle Parmesan Macaroni & Cheese Bowl
48102,Emperor's Pu-Erh Tea
48103,Mini Banana Chocolate Chip Bars Snack Cakes
48104,Organic Lite Coconut Milk
48107,Basic Toilet Paper Toilet Tissue
48109,"Tortilla Chips, Clasico, Jalapeno Lime"
48110,Thin Stackers Brown Rice Lightly Salted
48112,Organic Whole Wheat Flour
48114,Organic Naked Lip Balm
48116,Lowfat Kefir Plain Unsweetened
48118,Max Gel Clog Remover
48121,Solid White-No Salt Added Albacore Tuna
48123,Organic Silken Tofu
48126,Braunschweiger Lunchmeat
48129,NUT-rition Men's Health Recommended Mix
48130,Organic Red Grapefruit
48131,Versatile Stain Remover 65 Loads
48135,Organic Mountain Forest Honey Light Amber
48140,All Natural Whole Wheat Bread
48142,Diet
48154,Unsweetened Almond Coconut Milk Blend
48161,Steak Cut French Fried Potatoes
48162,Probiotic Dairy Culture Strawberry
48163,Natural Bliss Hazelnut Coffee Creamer
48165,Fresh Cut Golden Sweet Cream Style  Corn
48168,Organic Applesauce Unsweetened
48171,Shredded Hash Browns
48174,Evaporated Milk
48179,Sweet and Tangy Barbecue Wings
48182,Gluten Free Spinach Cakes
48183,Flour Tortillas
48185,Fine Shredded Mexican Cheese
48186,Lactose Free Half & Half
48189,Cinnamon Currant Flax Seed Crackers
48190,Oyster Crackers
48193,Ground Saigon Cinnamon
48196,Organic Madagascar Vanilla Wafer Ice Cream Sandwich
48203,2X Free & Clear Liquid Detergent
48204,Tamari Gluten Free Soy Sauce
48205,Spinach
48206,Deli Select Brown Sugar Ham Ultra Thin
48207,Seasoning Fennel Seeds
48210,Whole Wheat Blueberry Fig Bars
48218,Strawberry Guava
48220,Almond Milk Peach Yogurt
48222,Gluten free Sesame Bagels
48223,Peanut Oil
48226,Select-A-Size White Giant Roll Paper Towels
48229,Orange Blossom Honey
48230,Soft Taco Size White Flour Tortillas
48233,Sport Performance Clear UltraMist SPF 30 with Powerstay Technology Sunscreen Spray
48235,Air Chilled Chicken Thighs
48238,Gotta Do Chocolate Ice Cream
48239,Cocoa Spread with Hazelnuts
48240,Baiocchi
48241,Sculpin IPA
48246,Green Machine Juice Smoothie
48249,Hazelnut Creamer
48260,Major Dickason's Blend Dark Roast Ground Coffee
48270,Premium House Blend Ground Coffee
48273,Choice Cuts In Gravy W/Beef (PS #1211231) Wet Dog Food
48283,Premium  Vanilla Mochi Ice Cream
48284,Organic Sauerkraut
48287,Natural Chicken & Maple Breakfast Sausage Patty
48290,Creamy Swiss Garlic & Herb Spreadable Cheese Wedges
48291,Organic Tree Ripened Plums
48297,Cotija Cheese
48299,Baby Cut Carrots
48301,Strawberry Banana Coconut Milk Yogurt
48302,"PODS Plus Febreze Odor Defense Laundry Detergent Pacs, Active Fresh Scent, 32 count, Designed For Regular and HE Washers Laundry"
48309,Kelp Noodles
48310,Excellence 85% Cocoa Extra Dark Chocolate
48313,Pure Texas Wildflower Honey
48320,"PODS Laundry Detergent, Original Designed for Regular and HE Washers Laundry"
48332,Heat And Eat Organic Forbidden Rice Bowl
48333,Vanilla Creme Protein Nutrition Shake
48335,Chocolate Brownie Energy Bar
48348,Delights Canadian Bacon Egg Whites & Cheese Honey Wheat English Muffin
48352,"Vegan Meatballs, Zesty Italian"
48360,Raw Shrimp 41-50
48364,Sweet Onion
48366,Everyday  Facial Tissues
48370,Sensitive Toilet Paper
48373,Pure Orange Blossom Honey
48377,Chocolate Therapy Ice Cream
48383,Whole Wheat Flour
48385,Summertime Blues Multigrain Tortilla Chips
48395,Original Rice Pilaf Mix
48412,Organic Mango Cultured Soy
48414,Chocolate Infinity Ice Cream Bars
48415,Big California Sourdough Bread
48421,No Sugar Added Sliced Pears
48423,Organic Sweet Peas
48426,Alkalized Water With Electrolytes
48435,Fully Cooked Batter Dipped Chicken Breast Tenders
48437,Coarse Kosher Salt
48440,Pepperoni Pizza Rolls
48443,All Purpose Natural Sea Salt
48444,"Tofu, Medium Firm (Regular)"
48450,Organic Brown Rice Pasta Spirals
48453,"Water, Unsweet, Crisp Apple"
48454,Manwich Original Sloppy Joe Sauce
48455,Lemon
48463,Pro Health Stages Crest PH Stages Kids Toothpaste - Avengers  4.2 Oz  Dentifrice
48464,Organic Muenster Cheese
48465,Water New Zealand
48476,Tender Chicken & Stars Stage 3
48480,Punjab Eggplant
48485,Soups Mushroom Bisque with Porcini
48486,Frozen Goo-Berry Pie Kefir
48487,Blue Corn Taco Dinner Kit
48491,"Tofu, Extra Firm"
48493,Butter 2.0 Featuring Virgin Coconut Oil
48494,Sugar Free Strawberry Gelatin
48496,All Natural Kiwi Strawberry - 6 CT
48498,Caramel Minis Wrapped
48505,Surfin' & Turfin' Favorites Cat Food
48515,Spanish Redskin with Sea Salt Peanuts
48517,Organic Italian Peeled Tomatoes
48520,All Natural Regular Pork Sausage
48523,Birthday Cake Light Ice Cream
48524,Apple Cinnamon Applesauce On The Go
48527,Avocado
48532,All Purpose Cleaner
48534,Pourable Golden Brown Pure Cane Sugar
48540,What's A Bialy?
48543,Organic Flax Seed
48548,Carving Board Rotisserie Seasoned Chicken Breast
48549,Super Moist Devil's Food Cake Mix
48551,Green Lemonade
48553,Green Lentils
48554,Gochujang Fermented Sesame Chile Paste
48559,Synergy Organic Kombucha Gingerberry
48565,Little Bites Crumb Cake
48568,Beer 'n Bratwurst
48572,"Chili Peppers, Hot"
48574,Spicy! Plant-based  Cheeze
48576,Organic 70% Dark Chocolate With Ginger Bar
48577,Cream Top Smooth Coffee Yogurt
48585,"Lasagna, Whole Wheat"
48594,Scandinavian Bran Crispbread
48595,Organic Wheat Square Crackers
48600,Organic Cinnamon Apple Chips
48615,Potato & Cheese Pierogi
48616,85% Lean Ground Turkey
48617,Plain New York Bagels
48620,Organic Sharp Cheddar Cheese
48622,"Condensed Milk, Sweetened, Full Cream"
48623,Pizzetta Onion & Gorgonzola
48626,Coconut Blended Greek Yogurt
48628,Organic Whole Wheat Bread
48632,Organic Green Zen Blend Salad
48637,"Green Supreme Apple, Kale & Lemon Cold Pressured Fruit & Vegetable Juice"
48638,Fudge Rounds
48642,2-Ply Right Size 100% Recycled Paper Towels
48645,Unsweetened Coconutmilk
48652,Clear Away Wart Remover Medicated Discs & Cushioning Pads for Feet
48655,Cheddar Cheese Pretzels Pieces
48657,Asian Salad Kit
48666,Mild Thin Sliced Cheddar Cheese
48667,Baked & Popped Variety Snack Packs
48672,Cotton Rounds
48679,Organic Garnet Sweet Potato (Yam)
48681,Kale Cranberry Chopped Salad Kit
48682,Sauerkraut
48694,Simply 100 Mango Passion Fruit Blended Non-Fat Greek Yogurt
48695,SARA LEE     15OZ PLAIN MINI BAGELS
48697,Canola Oil
48698,Eve Apple
48702,Classic Pork Links
48705,Parmesan Cheese
48706,Champagne Vinegar
48707,Banana Mango Yogurt
48708,80% Vegetable Oil Margarine
48710,"Pinto Noir, Monterey, 2007"
48716,Meyer Lemon Miracle Tart
48717,Real Medleys Apple Walnut Oatmeal
48720,Shoestring Fries
48723,Steamfresh Cut Green Beans
48726,Organic Nonfat Greek Yogurt With Peaches
48732,Lil Drums Vanilla/Chocolate Frozen Dairy Dessert Cones
48733,Homogenized Milk
48734,Sea Salt Potato Tomato & Spinach Garden Veggie Crisps
48739,Limited Edition Mini Trix Cereal
48742,Quick 1 Minute Whole Grain Oats
48744,Organic Whole Grain Yellow Rice Rice & Seasoning Mix
48745,Globe Eggplant
48746,Original Baked  Potato Chips
48748,Burger Artichoke Tandoori
48759,Fiber One Chocolate Chip Cheesecake
48761,Imported Sardines in Pure Olive Oil Skinless & Boneless Salt Added
48762,Split Top Wheat Bread
48764,Peppermint Caffeine Free Herbal Tea - 40 CT
48775,Organic Red Cabbage
48779,Ground Beef
48784,Lightly Breaded Fish Sticks
48785,"Power Blend Superfood Brussels Sprouts, Napa Cabbage, Kohlrabi, Broccoli, Carrots & Kale"
48786,Almond & Raisin Hearty Oatmeal to Go
48790,Oral Electrolyte Solution Mixed Fruit
48795,Organic Turkey Hot Dogs
48797,All Natural Tagliatelle Pasta
48800,Caramel Cone Ice Cream
48802,Organic Whole Wheat Fusilli Pasta
48806,Premium Organic Whole Kernel Sweet Corn
48808,Hazelnut Coffee Sugar Free CoffeeCreamer
48811,General Tsao's Tofu
48812,Variety Pack
48813,Lndbrg Wht Jasm Rice 8 Z
48821,Pistachio Ice Cream
48823,Navel Oranges
48825,Bag of Organic Lemons
48835,Organic Unsweetened Vanilla Coconut Non-Dairy Beverage
48841,Organic California-Style Blend Mixed Vegetables
48845,Roasted Brussels Sprouts
48848,Organic Strained Tomatoes
48857,Authentic French Brioche
48859,"Bread, Natural Pumpernickel"
48861,Adult Hairball Formula Cat Food
48862,Omega 3 Formula 1000mg
48865,Organic Ground Chicken
48868,Boneless Pork Loin Roast
48871,Natural Tomato Paste
48878,Kale & Sea Salt Popcorn
48881,BoomChocoBoom Dark Chocolate Bar
48886,Peanut Powder
48894,Diced Onions
48900,Coffee Chocolate Bar
48902,Thin Wheats Crackers
48903,Fat Free Half And Half Creamer
48904,Baked Original Pita Chips
48907,Garden Salad Mix
48913,Orange Mints
48916,Vanilla Chai Black Tea Blend
48923,Mild Yellow Mustard Plochman's
48925,Peppered Deli Slices
48926,Surf Sweet Watermelon Rings
48927,Fat Free Plain Yoghurt
48933,Free and Gentle Liquid Laundry Detergent
48939,Extra IPA Beer
48940,72% Cocoa Cranberries & Almonds Dark Chocolate Bar
48946,Earl Grey Tea
48953,Lettuce Medley
48957,Milk Free Better Than Sour Cream
48961,"9\"" Paper Plates"
48965,Natural Low Sodium Creamy Peanut Butter Spread
48967,Dark Chocolate Bar
48974,Organic Asian Sesame Dressing
48988,Unsweetened Premium Iced Tea
48997,Toaster Strudel Cherry Toaster Pastries
49007,Provolone Cheese Slices
49026,Plain Almond Milk Yogurt
49027,Lavender & Chamomile Scented Oil Refill
49030,Glacier Freeze Frost
49032,Artisan Blends Parmesan Shredded Cheese
49037,Fume Free Oven Cleaner
49044,"Organic Pears, Peas and Broccoli Puree Stage 1"
49053,Organic Calming Tea Bags 16 Count
49054,Original Chocolate Chip Cookies
49060,Soup & Oyster Crackers
49068,"P3 Brown Sugar Ham, Cheddar Cheese & Peanut Almond Nut Clusters"
49072,Lemon Verbena Laundry Detergent
49074,Learning Designs Training Pants Jumbo Pack Girls
49075,Organic Brown Rice
49079,Special K Vanilla Almond Cereal
49082,Pitted Greek Kalamata Olives
49083,Organic Limes
49086,"Coconut Bliss Frozen Dessert, Dark Chocolate"
49087,Hard Candy Awesome Reds
49093,Organic Salted Caramel Ice Cream Juliette Sandwiches
49095,100% Recycled 2 Ply Paper Towels
49098,Golden Sweet Potato
49099,Organic Vegetable Tray with Creamy Ranch Dip
49107,Nutri-Grain Raspberry Cereal Bars
49110,Apple Banana Applesauce On The Go Pouches
49111,Original Instant Oatmeal
49112,Lowfat Vanilla Milk
49113,Tall Kitchen Drawstring Bags
49114,Organic Soups Alphabet Fat Free
49119,Organic Colombia Fair Trade Whole Bean Coffee
49120,After The Rain Gel Air Freshener
49128,Organic Tamari Gluten-Free Soy Sauce
49131,Smoked Turkey Breast Slices
49135,"Cereal, Superfood, Acai Blueberry"
49139,Salsa Con Queso Medium
49141,Gluten Free Rice Chex
49144,Baked Cheese Ravioli
49156,Organic Whole Grain Sprouted Quinoa
49157,Organic Teas Black Tea Organic English Breakfast Tea Bags - 16 CT
49169,Creamy Cashew Milk Non-Dairy Frozen Dessert
49171,Organic Berry Berry Granola Bars
49174,Raincoast Crisps Cranberry And Hazelnut Crackers
49175,Organic Pinto Beans
49176,Cinnamon Roll Dough With Icing
49184,Greek 100 Calories Peach Fat Free Yogurt
49185,Enriched Vanilla Rice Drink
49191,Cran Raspberry Sparkling Water
49192,Holler Mountain Organic Coffee
49198,Zero Soda
49201,"Banana, Peach and Mango Fruit Pouch"
49212,Firming Body Lotion
49215,Kids Sensible Foods Broccoli Littles
49216,Savory Cracker Pack
49217,Persian (Armenian) Cucumber
49220,Natural Brown Paper #6 Size Cone Coffee Filters
49222,Sun-Dried Tomato Alfredo Pasta Sauce
49227,Sour Cream and Onion Potato Chips
49228,Odor-X Odor Fighting Spray Powder
49235,Organic Half & Half
49236,80% Lean Ground Beef
49241,Organic Original Hot Oatmeal
49247,Coconut Yoghurt
49248,Organic Farro
49260,Organic Purely Peppermint Tea Bags 16 Count
49264,Organic Earl Grey Noir Tea Bags 20 Count
49265,Milk Chocolate Candy
49267,Vegetable Broth Low Sodium
49269,13 Gallon Drawstring Tall Kitchen Bags
49270,Extra Strength Pain Reliever and Fever Reducer Caplets for Adults
49273,Light and Lean Quinoa Black Beans with Butternut Squash and Chard
49275,Smart Ones Pasta with Ricotta and Spinach
49279,Turkey Store Lean Ground Turkey
49281,Traditional Feta Cheese Chunk
49283,Coconut Conditioner
49294,Venison & Salmon Stew with Potatoes and Carrots Dog Food
49296,Brown Sugar Cinnamon Roll Wafflers
49299,Gold Liquid Hand Soap
49300,Salted Toffee 55% Dark Chocolate
49301,Venus Sensitive 3 Blade Women's Disposable Razors
49306,Original Mountain Blueberry Low Fat Yogurt
49307,Pecan Pie Half
49310,Oatmeal & Banana Baby Cereal
49318,Grapefruit Sparkling Energy Water
49319,Mozzarella String Cheese Made with 2% Reduced Fat Milk
49325,Gluten Free Pizza Three Cheese
49326,Cereal Variety Fun Pack
49327,Jasmine Green Tea
49328,Chocolate Protein Nutritional Shake
49330,Lemonaise
49332,Split Chicken Breast
49333,Limited Edition Pre-Sliced Bagels Pumpkin Spice
49338,Original Enriched Soymilk
49350,Mini Chicken Egg Rolls with Signature Sauce Packet
49352,Natural Extra Sharp Cheddar Cheese
49354,Big Slice Colby Jack Cheese Slices
49355,Instant Action Cat Litter
49363,Freshly made pasta in a 100% Real Cheddar cheese sauce Macaroni & Cheese
49374,Organic Cultured Cream Cheese Spread
49381,Zucchini Squash
49383,Organic Bunch Beets
49393,Bockwurst Swiss Brand
49397,CopperTop AAA Alkaline
49401,"Chicken Base, Organic"
49404,"Fruity Bears, Organic"
49416,Organic Gluten Free Non-Dairy Beans & Rice Burrito
49417,Organic Ground Cinnamon
49418,"Sushinori, Roasted"
49424,Cereal Honey Bears
49437,"Asian Sauces, Gourmet, Thai Peanut"
49439,Organic Grade A Large Eggs
49441,Slider Stand & Fill Storage Gallon Bags
49445,Baked Potato Soup
49451,Artichoke Spinach Dip
49463,Organic Whole Bean Coffee
49474,Chick Peas Reduced Sodium Garbanzos
49478,Frozen Organic Strawberries
49480,Coarse Ground Black Pepper
49481,Original Barbecue Sauce
49484,Grain Free Cassava & Chia Tortillas
49488,Jasmine Green Iced Tea
49495,Pods Ocean Mist Detergent + Stain Remover + Brightener
49496,Puffs Simply White Cheddar Cheese Flavored Snacks
49504,Dark Chocolate Peanut Butter Cups Miniatures
49505,Hot Italian Sausage
49508,Antioxidant Infusions Costa Rica Clementine
49510,"Lentil Chips, Aged White Cheddar"
49513,Minced Garlic in Extra Virgin Olive Oil
49517,0% Fat Free Organic Milk
49519,Raspberry Essence Water
49520,Orange Sparkling Water
49533,Cane Sugar
49540,Pure Squeezed  Lemonade
49543,Chocolate Cheerios Cereal
49555,Apple Apricot Sauce
49558,Scrubbing Bubbles Heavy Duty All Purpose Cleaner
49561,Crunchy Peanut Butter Bars
49566,Peanut Butter Dark Chocolate Fruit & Nut Protein Bars
49567,Organic Fire Roasted Petite Diced Tomatoes with Roasted Garlic
49571,Chelated Zinc
49583,Sweet Potatoes Stage 2
49585,Organic Refined Coconut Oil
49588,Honey
49593,Classic Movie Theater Popcorn
49603,Peppermint Chocolate Caffeine Free Tea
49605,Classic Hummus Family Size
49608,"Certified Organic Spanish Style Rice With Quinoa, Red Bell Peppers & Corn"
49609,Very Berry Flavor Sparking Mineral Water
49610,100% Lactose Free Fat Free Milk
49612,White Grape Juice Cocktail
49615,Cran-Apple Juice Drink
49621,Challah Bread
49622,Original Powder Coffee Creamer
49626,Cube Stuffing
49628,Yoghurt Blueberry
49630,Cut Leaf Spinach
49634,Mach 3 Sensitive Disposable Razor
49638,Organic Superfirm Vacuum Packed Tofu
49640,Sourdough Loaf
49644,Feta Crumbles
49647,Minute Instant Whole Grain Brown Rice
49652,"Drain Cleaner, Fresh Citrus & Sage Fragrance"
49655,Apple Cider
49659,Organic Creamed Coconut
49667,Enchilada with Spanish Rice & Beans Meal
49670,Beef Summer Sausage
49679,Famous Chocolate Wafers
49680,All Natural Creamy Caesar Dressing
49683,Cucumber Kirby
